:020000040800F2
:108000000050002099810008E1810008E18100080A
:10801000E1810008E1810008E18100080000000022
:1080200000000000000000000000000031B7000860
:10803000E18100080000000061B70008A5B7000852
:10804000E1810008E1810008E1810008E181000888
:10805000E1810008E1810008E1810008E181000878
:10806000E1810008E1810008E1810008D9B700083A
:10807000E1810008E1810008E1810008E181000858
:10808000E1810008E1810008F9B80008E1810008F9
:10809000E1810008E1810008E1810008B9BA000827
:1080A000E1810008D9BD0008E1810008E1810008F4
:1080B00005BE0008E5BD000821BE0008E1810008FA
:1080C000E1810008E1810008E1810008E181000808
:1080D000E1810008E1810008E1810008E1810008F8
:1080E000E1810008E1810008E18100080000000052
:1080F0000000000000000000000000000000000080
:0C81000000000000000000005FF8E0F14B
:108110000348044B834202D0034B03B11847704716
:108120003402002034020020000000000548064B05
:108130001B1AD90F01EBA301491002D0034B03B165
:10814000184770473402002034020020000000006D
:1081500010B5064C237843B9FFF7DAFF044B13B18F
:108160000448AFF300800123237010BD38020020C3
:10817000000000000409010808B5044B1BB10449C4
:108180000448AFF30080BDE80840CFE700000000DE
:108190003C02002004090108002103E00B4B5B585E
:1081A000435004310A480B4B42189A42F6D30A4A0C
:1081B00002E0002313600432084B9A42F9D303F023
:1081C00007FD08F043FB04F08DFDFEE78C35010848
:1081D000000000203402002038020020B4310020CA
:1081E000FEE7FEE706480068006880F3088862B68C
:1081F00061B6BFF34F8FBFF36F8F00DF00BF00008A
:1082000008ED00E04FF0500383F31188BFF36F8F48
:10821000BFF34F8FFEE7000008B54FF0500383F324
:108220001188BFF36F8FBFF34F8F074A1368013375
:10823000012B136007D14FF0E023D3F8043DDBB2EC
:108240000BB1FFF7DFFF08BD28020020054A08B583
:1082500013680BB9FFF7D6FF013B13600BB983F32B
:10826000118808BD2802002008B5EFF305830F2B05
:1082700007D90E4A9B5C0E4A12789A4201D9FFF741
:10828000C1FF4FF0E0230B4AD3F80C3D126803F412
:10829000E063934208D94FF0500383F31188BFF392
:1082A0006F8FBFF34F8FFEE708BD00BFF0E300E024
:1082B000703100206C310020002337B50268019333
:1082C0009368DB0702D5002003B030BD93681249E4
:1082D00043F001039360114B1B68B3FBF1F301936F
:1082E000019BABB90E4C2568936813F00103EAD1EA
:1082F0002168491B0229F7D9826A80F8243042F0AC
:1083000010028262C26A42F00102C2620120DBE70F
:10831000019B013BE3E700BF40420F002402002025
:10832000602F0020036810B59A68D10701D400209F
:1083300010BD9A680A4922F001029A600C689A6896
:10834000D207F4D50A68121B022AF8D9836A43F0CF
:1083500010038362C36A43F00103C3620120E7E7AD
:10836000602F0020436A9A6A12F0500F18D19A6A5F
:1083700042F400729A621A68926802F46022B2F5BE
:10838000602F10D1DA6872B99A6A22F480729A6208
:108390009A6AD20407D49A6A42F001029A6270473C
:1083A0001B6A1B6B18477047002337B5019390F881
:1083B00024300446012B5FD0012380F82430FFF7DE
:1083C000B1FF0546002839D1A36A2C4823F488530D
:1083D00023F0020343F00203A362294B1A68294BDE
:1083E00059685B68C1F3C221415CC3F38133013337
:1083F00022FA01F15B00B1FBF3F3B2FBF3F252009E
:108400000192019BF3B92046FFF756FF23689A6853
:1084100042F008029A601C4A10689968090715D44E
:10842000996841F0040199601068996849071ED461
:10843000A36A23F0030343F00103A362002384F83B
:10844000243011E0019B013B0193DAE71168091A1E
:108450000A29E2D9A36A012523F0120343F010038D
:10846000A362002384F82430284603B030BD11688D
:10847000091A0A29D9D9EDE70225F5E714350108CB
:108480002402002000100240602F002010B590F858
:1084900024300446012B3DD0012380F82430FFF71F
:1084A0000BFF00283FD1A36A214A23F4405323F055
:1084B000010343F48053A3622368934205D1A2F5DC
:1084C0008062526812F4702F25D1A26A22F48012C1
:1084D000A262A26A12F4807208BFE262002284F8EB
:1084E00024206FF004021A605A68520512D49A6868
:1084F00002F4E042B2F5E04F11D10D4A934205D1AA
:10850000A2F58062526812F4702F08D19A6842F482
:1085100002129A6010BDA26A42F48012D8E79A68EB
:1085200042F40042F5E7002384F82430F2E700BF6C
:108530000028014090F82430F0B5012B63D00123CE
:108540001F2680F824300F694D680368EC1B04EB8C
:108550008404BD4204F10F040A6806FA04F69ABFC7
:10856000D3F838C002FA04F49C6B46F440169FBF5F
:1085700007F1FF3744EA07542CEA0606344388BF64
:10858000B4439C639C68E40707D49C68CE6924F4D8
:10859000E04424F0010434439C608E69012E0CD128
:1085A000CC69B4F5E04F0BBF5C68846A44F4806426
:1085B00044F020040CBF5C6084624C69012C04D13F
:1085C00016BB5C6844F480545C60092A8E6820D92C
:1085D00007270A3ADC6802EB4202974024EA0704C4
:1085E00006FA02F22243DA60022DCC6816491BD04B
:1085F000032D1ED0012D21D15A690A4022435A6110
:10860000002380F82430F0BD846A44F020048462A2
:10861000DBE707271C6902EB4202974024EA0704C4
:10862000964034431C61DFE79A690A4022439A610D
:10863000E6E7DA690A402243DA61E1E71A6A0A40AA
:1086400022431A62DCE700BF00F0FFFF114B10B5B8
:10865000DB684FF0FF34C3F30223DA1E042A86BF1F
:1086600004230022C3F1070304FA03F3002821EADC
:108670000301ACBF00F16040074B01FA02F14FEA81
:108680000111B5BF00F00F0000F56140195480F8EA
:10869000001310BD00ED00E014ED00E0054B1A6979
:1086A000120605D5044A5A6002F188325A601B69E5
:1086B000704700BF002002402301674510B54CF20F
:1086C00050342049204B0868DA68D20733D4DA687E
:1086D000910644BF2022DA60DA68D20606D4DA694D
:1086E000D40703D4D86810F0040023D0164AD36806
:1086F00013F0100305D01549CB6943F00203CB6199
:108700001023D268500706D5104943F00403CA6904
:1087100042F00102CA610C4AD169C90708D50B4869
:10872000C16941F00401C161D16921F00101D16148
:108730000120D36010BD0A68121AA242C4D90320D6
:10874000F8E700BF602F002000200240402F0020EB
:108750002DE9F74F00244FF0010826464FF00F0E89
:10876000DFF890C1644B0A6808FA06F707EA0205C9
:1087700037EA020240F084804A68032A00F0B080A1
:1087800010D8012A00F0A180022A00F0A3808A6894
:10879000002A00F0A780012A4FF008040CBF0761EF
:1087A000476106E0122A00F0988070D8112A00F084
:1087B0008E80FF2D92BF814600F10409A6F10802C8
:1087C000D9F8007094BFB20092000EFA02FA27EABC
:1087D0000A0704FA02F21743C9F80070D1F80490AE
:1087E00019F0805F4CD0DCF8182026F0030742F027
:1087F0000102CCF81820DCF8182007F1804702F0BD
:108800000102019207F5803706F0030A019A4FEA48
:108810008A0ABA680EFA0AFB22EA0B0B374A904220
:1088200062D002F58062904260D002F58062904290
:108830005ED002F58062904214BF0422032202FA45
:108840000AF242EA0B02BA601A6819F4803F14BFB8
:108850002A43AA431A605A6819F4003F14BF2A43F6
:10886000AA435A609A6819F4801F14BF2A43AA4386
:108870009A60DA6819F4001F14BF2A43AA43DA6029
:108880000136102E7FF46FAF03B0BDE8F08FDFF834
:1088900070904A453FF47BAF0FD8A9F580194A453F
:1088A0003FF475AF09F570294A453FF470AFA9F55B
:1088B00080194A453FF46BAF7BE7DFF848904A45A3
:1088C0003FF465AF09F58039F3E7CC6871E7CC6810
:1088D00004346EE7CC6808346BE7CC680C3468E786
:1088E000002466E7042464E70022A8E70122A6E743
:1088F0000222A4E7001002400004014000080140E9
:10890000000022100000311070B5826A044686B063
:10891000002A39D10168654BC262994280F824204F
:1089200003F56C43996940F0848041F400719961CA
:108930009B695F4903F400730293029B5D4B4FF404
:108940008075C3E9001280214FF4806CC3E90315E0
:108950002021C3E905C14FF4805157481A649A6039
:10896000D9618168D8636FF30D1141F4AD51816015
:108970009A631D8423625C620F211220FFF766FE5A
:108980004FF480224D4B1A602046FFF7CBFCA36AC0
:1089900013F0100340F08680002840F08380A26A24
:1089A000616822F4885222F0020242F00202E06979
:1089B000A568A262E2680143B5F5807F41EA420101
:1089C00059D06E1E7042704100026669012E07D1B7
:1089D000002A52D1A269013A40EA423242F40060D0
:1089E0002268B5F5807F566826F4694640EA06009D
:1089F00050609668324806EA000040EA0100906044
:108A000001D0012D02D12369013B1B05D06A20F45E
:108A100070000343D36292682A4B1340994235D1C8
:108A20000023E362A36A23F0030343F00103A3627C
:108A300036E041F4806199619B69032503F480630A
:108A40000193019B082320480DEB03010492CDE91B
:108A50000235FFF77DFE1023CDE90235FFF778FEE2
:108A60000423CDE90235FFF773FE4023CDE902353B
:108A7000FFF76EFE80E72846A7E7A26A42F02002D1
:108A8000A262E26A42F00102E262A9E7A36A23F06D
:108A9000120343F01003A362E36A43F00103E362AD
:108AA00006B070BDA36A43F01003C0E70024014084
:108AB00008000240E03000200000024000E100E039
:108AC000FDF7E1FFFE0E1FFF0008014090F83E3069
:108AD000012B22D1022380F83E3003681A6A22F06B
:108AE00001021A621A6A42F001021A620B4A9342A8
:108AF0000AD0B3F1804F07D0A2F59432934203D04D
:108B000002F58062934204D19A6802F00702062AB5
:108B100003D01A6842F001021A607047002C01402D
:108B20001A4A036890420AD0B0F1804F07D0A2F5EC
:108B30009432904203D002F58062904215D14A6887
:108B400023F070031343114A90420AD0B0F1804FD2
:108B500007D0A2F59432904203D002F58062904291
:108B600003D1CA6823F4407313434A6923F0800396
:108B7000134303608B68C3620B688362034B9842A4
:108B800004BF0B690363012343617047002C01405C
:108B90001FB590F83D30044603F0FF0200687BB932
:108BA000254B84F83C20984228D103F50333DA6939
:108BB00042F00202DA61DB6903F002030293029BD6
:108BC0000223211D84F83D30FFF7AAFF0123002076
:108BD00084F8463084F83E3084F83F3084F84030E2
:108BE00084F8413084F8423084F8433084F84430CB
:108BF00084F8453084F83D3004B010BDB0F1804FAA
:108C00000AD10E4BDA6942F00102DA61DB6903F046
:108C100001030193019BD3E7094B9842D0D103F59F
:108C20000233DA6942F00402DA61DB6903F004031B
:108C30000393039BC4E700BF000400400010024000
:108C40000008004010B590F83D30044603F0FF02E4
:108C50000BB980F83C200223206884F83D30211DA8
:108C6000FFF75EFF012384F8463084F83E3084F835
:108C70003F3084F8403084F8413084F8423084F842
:108C8000433084F8443084F8453084F83D3010BDDA
:108C9000022380F83D300368DA6842F00102DA60AE
:108CA0000B4A93420AD0B3F1804F07D0A2F5943219
:108CB000934203D002F58062934204D19A6802F095
:108CC0000702062A03D01A6842F001021A607047B0
:108CD000002C014013B500211920FFF7B7FC4FF01D
:108CE00000721B4B1B4C1A601B4B20469A6942F4C6
:108CF00000629A619A6902F400620192019A5A68CC
:108D00005A685A685A68154A12685B68144AC3F36D
:108D1000C223D25C134B1B68D340134AB3FBF2F35C
:108D2000124A013B2260636040F2E7320023E260B6
:108D30002361A360FFF72CFF94F83D30012B05D190
:108D4000204602B0BDE81040FFF7A2BF02B010BD40
:108D500000E100E024310020001002400020024029
:108D6000143501082402002040420F00002C01406D
:108D700090F83C3010B5012B21D0022380F83D3013
:108D8000036809685A689C6822F070020A435A60B6
:108D90000B4A93420AD0B3F1804F07D0A2F5943228
:108DA000934203D002F58062934202D124F0800402
:108DB0009C60012380F83D30002380F83C3010BDDA
:108DC000002C014030B50C68631C0AD103695A6855
:108DD0004A6091608B6059600368086101330360E9
:108DE00030BD00F10802134652681568A542FAD951
:108DF000EDE70369D0E901128A6051605968814248
:108E000008BF5A6000220261186801381860704774
:108E1000024A136801331360704700BFA830002076
:108E2000C36870B50BB9FFF7EDF99A6AD3E907018A
:108E30008160D8694860516803F11800814204BF1D
:108E4000196A516000219962116801391160204A44
:108E50001268002A2FD1D3E902015A69816098680B
:108E60001C1D486051681B48A14208BFD9680568AD
:108E700008BF51601168013911600121DA6A91401F
:108E8000294301601420424313498D186868986093
:108E90008668DE607460846088585D610130885047
:108EA0000E4A1168DA6ACB6A9A4285BF01200C4BE0
:108EB0000020186070BD0B4A5168D9618C681C6233
:108EC0006060886011689A6201311160E8E700BF54
:108ED000A8300020A43000201830002000300020EE
:108EE000FC2F002004300020F8B504460127FFF7CE
:108EF00093F990F84550164E6DB2002D01DD636A6E
:108F0000B3B9FF23012784F84530FFF79FF9FFF736
:108F100083F994F844500E4E6DB2002D01DD2369A3
:108F200073B9FF2384F84430BDE8F840FFF78EB9E9
:108F3000206BFFF775FF00B13760013D6DB2DCE7D4
:108F4000E069FFF76DFF00B13760013D6DB2E4E706
:108F5000FC2F002008B9054B1868026B0020135C39
:108F6000A52B01D0800870470130F8E700300020C1
:108F7000064A13681968064B19B94FF0FF321A6098
:108F800070471268D2681268F9E700BFF82E002017
:108F9000EC2E00202DE9F84F554B1B68002B40F0BC
:108FA000A080544B1C6801341C6084B9524B1A6871
:108FB00012680AB1FFF726F9504A1968106818605C
:108FC00011604F4A136801331360FFF7D1FF4D4D15
:108FD00000222B684C49A342DFF830C109D84FF07A
:108FE0001408454F4A4E3B681B689BB94FF0FF334E
:108FF0002B604848DCF8003004681420DB6A4343E7
:10900000C858012898BF002C14BF0120002010432D
:10901000BDE8F88F3B68DB68DB685868844201D2A2
:109020002860E6E7D3F81490D3E902E0CEF8080010
:10903000D3F808E0C0F804E0D9F8040003F1040E06
:10904000704504BFD868C9F80400D9F80000013899
:10905000C9F80000D3F82890B9F1000F17D0D3E970
:1090600007A0CAF80800D3F81CA0C0F804A0D9F8DB
:10907000040003F1180A504504BF186AC9F8040037
:1090800000209862D9F800000138C9F800000120DA
:10909000D3F82C90D6F800A000FA09F008FB09F9E3
:1090A00040EA0A0001EB090A3060DAF8040098602F
:1090B000D0F808B0C3F80CB0CBF804E0C0F808E072
:1090C00051F80900DCF800E00130C3F814A041F8C1
:1090D0000900D86ADEF82C30984288BF42F00102BD
:1090E00081E70D4A002013680133136090E700BF49
:1090F000A8300020642F0020F82E0020F42E00203D
:10910000302F0020EC2E00201830002000300020EE
:10911000A4300020FC2F0020F02E00202DE9F84F75
:10912000FFF77AF8514B1A6842B94FF0500383F3B6
:109130001188BFF36F8FBFF34F8FFEE71A68013AB4
:109140001A601B6823B10020FFF780F8BDE8F88F94
:10915000474A1268002AF6D09E4601264FF0140CAA
:109160004448454C454A464F464D59E0C368DB6884
:10917000D3F82880D3E90791C9F80810D3F81C90D8
:10918000C1F80490D8F8041003F11809494504BF48
:10919000196AC8F80410D8F80010C3F828E001399B
:1091A000C8F80010D3F81480D3E90291C9F8081068
:1091B000D3F80890D4F800A0C1F80490D8F80410AF
:1091C00003F10409494504BFD968C8F80410D8F868
:1091D00000100139C8F80010D3F82C8006FA08F105
:1091E0000CFB08F841EA0A0102EB080A2160DAF8F0
:1091F00004109960D1F808B0C3F80CB0CBF8049013
:10920000C1F8089052F80810C3F814A0013142F8D0
:1092100008103968D3F82C80C96A884500D92E60B7
:1092200001680029A2D10BB1FFF7A2FE164D2C68F0
:1092300044B10127134EFFF7ADFE00B13760013C8A
:10924000F9D12C600F4B1B68002B3FF47CAF0C4B0B
:109250004FF080521B684FF0E023C3F8042DBFF39A
:109260004F8FBFF36F8F01206EE700BFA830002043
:109270002C2F002004300020A430002018300020C3
:1092800000300020FC2F0020F02E0020054B1B6832
:1092900033B1054B1868B0FA80F0400940007047C0
:1092A00001207047282F0020A8300020174B2DE9FF
:1092B000F0411C68164B174D1E68174B80461F68FF
:1092C00028680430FFF795FD40B92A681349D06A31
:1092D00001220B68824023EA02030B602B68296895
:1092E00014EB08045C6001F1040104D33846BDE8C6
:1092F000F041FFF767BD3046FFF764FD084B1A6881
:10930000944238BF1C60BDE8F08100BF642F00208C
:10931000F82E002000300020F42E0020A430002081
:10932000EC2E002010B5FFF773FD174B174A1B6892
:109330001268012A08D04FF0500383F31188BFF35D
:109340006F8FBFF34F8FFEE7026889182CBF01248F
:10935000002493420FD27CB90160FFF7DFFE48B9C9
:109360004FF0E0234FF08052C3F8042DBFF34F8F2E
:10937000BFF36F8F10BD0CB98B42EDD20160C81ADC
:10938000FFF794FFE9E700BF642F0020A83000201A
:1093900038B5184CFFF73CFDFEF73EFF2368DB6D48
:1093A000FBB1FEF753FF0025FFF7B8FE55B148B9F2
:1093B0004FF0E0234FF08052C3F8042DBFF34F8FDE
:1093C000BFF36F8FFEF728FF2368D86D10B100221E
:1093D0002368DA650022236883F86020FEF736FFF1
:1093E00038BD0125236883F86050FEF72FFFFFF793
:1093F0005DFFD9E70030002000207047704714233C
:1094000070B50446002503FB0106B44201D128468D
:1094100070BDA368002BFAD0E3681BB90135ADB26B
:109420001434F2E798470028F8D1F9E70A4B588A34
:1094300080B278B1188980B260B11A89188992B265
:10944000052A94BF42F210734EF6602380B288BFA3
:1094500005385843704700BF382E002038B5114AF0
:10946000538A9BB20BB9002038BD13899BB2002BE5
:10947000F9D00D4A0D4B14681B6853EA04020FD053
:109480000B4D2968C91AFFF7D1FF8142EBD9286833
:10949000041BFFF7CBFF844294BF00200120E3E7C9
:1094A0000120E1E7382E0020D42E0020D82E002005
:1094B000642F0020074A32F83030994205D302EB7E
:1094C000C00253888B4228BF0B46034A02EB40027E
:1094D000938070470E000020382E002030B50D4BD1
:1094E0000D4D03EB40039A8805EBC004618892B2EE
:1094F0008A4203D135F830209A8006E0A288988805
:109500008C1A80B2A04201DB998030BD99880A4450
:10951000F2E700BF382E00200E0000201421D0E911
:10952000003212881B6801FB02335A6802B11047EF
:10953000187C372801D8FFF7D1BF7047012070474A
:10954000B8B91A4B5B8C9BB2834240F2523308BFCE
:109550004FF4E173154A164902EB400201EBC001DA
:109560009288898892B25B1A9A42D4BF0020012067
:109570007047162804D10D4B5B8C9BB2002BE4E79F
:10958000012809D1094B5B8C9BB2002B0CBF4FF417
:1095900096734FF41173DDE71F2804D0044B03EBDF
:1095A000C0035B88D6E70120704700BF382E00203B
:1095B0000E000020034B588980B2003818BF0120EC
:1095C000704700BF382E00200E4B198E5B8C89B27D
:1095D0009BB253B189B140F25133143189B29942EF
:1095E00088BF00211620FFF765BF49B10A3189B253
:1095F000B1F5E17F88BF1946F4E74FF4F071F1E768
:10960000FA21EFE7382E0020034B588A80B2003849
:1096100018BF0120704700BF382E00200A4BD988A0
:109620005B8C9BB243B1143189B2B1F5117F88BF15
:109630003C210120FFF73EBF0A3189B2B1F5967F88
:1096400088BF0A21F5E700BF382E00200F4A02EB41
:1096500040039B88528C9BB292B27AB103EBC30158
:109660000523B1FBF3F120310A2389B2B1FBF3F1F9
:1096700001EB8101490089B2FFF71CBF0922203BA1
:1096800003EB830393FBF2F1EEE700BF382E0020DB
:1096900008B50F20FFF722FF1620FFF7D7FF0020A5
:1096A000FFF7D4FFBDE808400120FFF7CFBF00005F
:1096B000034BD88A80B2003818BF0120704700BF22
:1096C000382E0020034B188D80B2003818BF0120BF
:1096D000704700BF382E002010B5234B98689B6858
:1096E000C0F30020C3F3802383F0010380F0010066
:1096F00040EA430010F0FF001FBF1C4B1A681C4BD0
:109700001A601C4A1378834212D180B1174B1A4A4F
:109710001B6812689B1AB3F5C87F21D30122174B2F
:1097200090421A701ED0022814BF2020082010BDBD
:1097300038B10343002013700C4B1A680E4B1A60AB
:10974000F5E70E490C784CB9012B02D0022B18BF5B
:1097500010230020107008701846EDE70346F8E764
:109760000020E4E70420E2E700080140642F002025
:10977000D42E0020FC1F0020F81F0020F41F002022
:1097800001220D4B1A6102221A610F2200BF013A19
:10979000FCD14FF400321A610F2300BF013BFCD112
:1097A0004FF48033044A13610F2300BF013BFCD107
:1097B00002231361704700BF000C01404FF40033D7
:1097C000094A13610F2300BF013BFCD10123136140
:1097D0000F2300BF013BFCD10222034B1A610F2370
:1097E00000BF013BFCD17047000C014002230A4A34
:1097F00013610F2300BF013BFCD1012313610F2331
:1098000000BF013BFCD14FF48032034B98681A61D2
:10981000C0F34000704700BF000C01400A4B80B10C
:1098200002221A610F2300BF013BFCD10123064A2B
:1098300013610F2300BF013BFCD14FF48033136150
:1098400070474FF40032ECE7000C014010B50821DE
:10985000044604F080000139FFF7E0FF11F0FF013A
:109860004FEA4404F5D10222044B1A61FFF7BEFF10
:1098700080F0010000F0010010BD00BF000C0140AD
:10988000014B1868704700BF642F0020002301229D
:1098900013B50A488DF807304468114600780DF179
:1098A0000703A04738B19DF807000138C0B2FD2872
:1098B0008CBF0020012002B010BD00BF6025002039
:1098C00010B5064C236823B9FFF7E0FF08B1012368
:1098D00023602068431E5842584110BDEC1F0020F1
:1098E00038B5FFF7EDFF024608B3144B144DB3F83B
:1098F000443095F83110E1B995F8301001F0FF00CF
:10990000A1B995F83411192915D095F834110C29FD
:1099100011D013F0FF0409D02B6998476B6CC01A63
:1099200064236343984294BF0020012038BD012086
:10993000FCE70020FAE71046F8E700BF382E0020C9
:10994000F829002013B50122446801AB0078A04734
:1099500008B19DF8040002B010BD000037B5064CF8
:109960008DF8071001220146A56820780DF1070344
:10997000A84703B030BD00BF60250020064AD2E9E9
:109980003A03834203D192F8F0008000704798BFF9
:109990000433181A704700BFF829002070B50F4C27
:1099A0001546A163226CA36B06461A4209D1A36B2C
:1099B0009A0708D5FFF7E2FF28B1236C43F00203B2
:1099C0002364304670BD6B1C84F8346002D10026DD
:1099D000E563F6E7236998470544F8E7F82900208E
:1099E000F8B59378044603F01F030D2B1D4D03D1EA
:1099F000D37813F0700332D0164685F8361085F808
:109A000035405488432124F46064548095F82D3007
:109A100028785B0203F460631C4326F8024FC4F30A
:109A20000234A400104B023464F07F02AF681A7154
:109A30000522B847334622464321AF682878B84705
:109A400004224321AC68094B2878A047BDE8F840C0
:109A50004FF0FF3240F203610120FFF79FBF85F80E
:109A60002D30F8BDF82900200000002098240108BE
:109A700090F83C30F0B5012B24D00368184E1A6AD8
:109A8000B34222F001021A621A6A5D689C6924F0EE
:109A9000730444F0600416D022F0020249685D604D
:109AA0009C6159631A629A6942F008029A619A6944
:109AB00022F004029A619A6942F004029A6100233A
:109AC00080F83C30F0BDCE6822F00A02324325F423
:109AD0004075D1E905673E4322F004023543DDE7D6
:109AE000002C014070B569B947F6F8721C4B9B68B1
:109AF000C3F38F03934205D91A4A1378FF2B1CBF77
:109B000001331370184C2378F3B9184A184D1368B1
:109B10008342C8BF1060174BB9B919602B685B1A34
:109B200044F620618B420FD9134B12681B68934295
:109B30000ADD01219B1A022B217005DC094A1378EA
:109B4000FF2B1CBF5B18137070BD0B490E6886425B
:109B5000B8BF086019680029E0D12968DDE700BFB7
:109B6000242E00200C2E00207C250020D001002077
:109B7000642F00207825002074250020F8B50446C5
:109B800040B94FF0500383F31188BFF36F8FBFF3D9
:109B90004F8FFEE7016C41B14FF0500383F3118802
:109BA000BFF36F8FBFF34F8FFEE7FFF76FFBFEF73B
:109BB00033FBA26BE36B9A4280F08180226CA66B30
:109BC000002A6DD12368ABB10023626A0136A66317
:109BD000002A72D0206BFFF723F900286FD04FF0D6
:109BE000E0234FF08052C3F8042DBFF34F8FBFF333
:109BF0006F8F64E0A5681DB900230022A260E4E72E
:109C0000314B1B689D4208D04FF0500383F31188FD
:109C1000BFF36F8FBFF34F8FFEE7AB6D43B94FF0CC
:109C2000500383F31188BFF36F8FBFF34F8FFEE7AD
:109C3000E96A6A6D013B9142AB65DDD0002BDBD157
:109C40002F1D3846FFF7D5F8204930B90122E86AC0
:109C50000B68824023EA02030B606B6DD1F800C0F1
:109C6000C3F10702AA61012202FA03F040EA0C00E4
:109C700008601420EB624343154901EB030CDCF848
:109C80000400A860D0F808E0C5F80CE0CEF8047035
:109C90008760C858C5F814C01044C8501346ACE7D4
:109CA000606806F020FE6368226C1344A26863605B
:109CB000934289D32368636086E7002B8FD1BDE888
:109CC000F840FEF7C3BA00BF00300020A4300020E7
:109CD00018300020482373B50193019B0446482B9C
:109CE00008D04FF0500383F31188BFF36F8FBFF399
:109CF0004F8FFEE70021019B01232060C0E90F3157
:109D0000FEF78AFAD0E90F356B4302688163D618F3
:109D10005B1B42601A44FF23C2604FF0FF3280F8A1
:109D2000443080F8453000F11803C0E90623436150
:109D3000036200F12C03C0E90A32C0E90C338660EB
:109D400001614162FEF782FA81600160C160FFF744
:109D500015FF204602B070BD014B1868FFF70EBF1B
:109D6000AC20002070B50146FFF708FE00B3114A91
:109D700089B1D2F8E83002F1680404EB43140B46D1
:109D800004F12006254603CDB542186059602C46E3
:109D900003F10803F6D1D2F8E83092F8F01001335D
:109DA00003F00303C2F8E83011B10BB982F8F030C8
:109DB00070BD00BFF829002010B51A4C88B0236C84
:109DC00003F07F432364FFF7D9FD30B9236C43F0E0
:109DD0000803236494F8360021E06846FFF7C2FFC9
:109DE0009DF8023003F01F03012BECD19DF80330E6
:109DF00003F07003002BE6D1BDF8023094F82D205B
:109E0000C3F342239342DED1013303F0070384F806
:109E10002D30236C43F00403236494F83500C0B262
:109E200008B010BDF82900202DE9F7438046DDE990
:109E30000A54894617461E4645B94FF0500383F32E
:109E40001188BFF36F8FBFF34F8FFEE744B94FF018
:109E5000500383F31188BFF36F8FBFF34F8FFEE77B
:109E600064230193019A9A4208D04FF0500383F380
:109E70001188BFF36F8FBFF34F8FFEE7002120469D
:109E8000BF00019B06F0DAFC284625633A46A5216F
:109E900006F0D4FC256BB9F1000F0FD009F1FF33A8
:109EA00004F1330209F11F0113F8010F02F8010F49
:109EB00008B18B42F8D1002384F85330062E08D91C
:109EC0004FF0500383F31188BFF36F8FBFF34F8FB1
:109ED000FEE700234FF08071043FEA19E6626665F1
:109EE00022F00702C6F107066361A3622461A6613E
:109EF000646242F8041C28F0010142F8081C3E4943
:109F000042F8203C42F80C1C403A2260FEF784F9EB
:109F10003A4B3B481A6801321A600268002A60D145
:109F200004601B68012B2AD14FF0FF361546354BD4
:109F30000132072A43E90136C3E9013343F8085CDB
:109F400003F11403F4D1304A02F10803C2E90136E7
:109F5000C2E903332D4B156003F10801C3E9011673
:109F6000C3E903112A491D6001F108070D60C1E929
:109F70000176C1E9037727490A60274A1360274A17
:109F8000274913680D68013313600122E36A261D17
:109F90009A402A430A6014214B43224AD518696823
:109FA000A1608F68E7607E608E60D1586561013185
:109FB000D150FEF74BF91C4B1B6873B10368DA6A8A
:109FC000E36A9A4209D24FF0E0234FF08052C3F87F
:109FD000042DBFF34F8FBFF36F8F204603B0BDE852
:109FE000F083114B1B68002BC9D10368DA6AE36A5E
:109FF0009A4298BF0460C2E7E38100082C2F00203A
:10A000000030002020300020102F0020FC2E0020E7
:10A0100004300020F82E0020F42E0020242F0020F1
:10A02000A430002018300020282F002037B5D0E9B8
:10A0300000148569B0F90830026901954069842BE4
:10A04000009008BF0023204618BF0333FFF7ECFE43
:10A0500003B030BD034B4FF400720021186806F0C6
:10A06000EDBB00BFDC2E00202DE9F041AB4C88B0E9
:10A0700094F8346194F83431F6B20F2BDDB200F06D
:10A08000928263D8072D00F053811BD8032D00F076
:10A09000118108D8012D00F04283022D40F0168373
:10A0A000FFF78AFEAAE1052D00F00881062D07D1F1
:10A0B000226C236C23EA02032364930640F10E8191
:10A0C0000523F8E00B2D00F0A8812ED8092D00F013
:10A0D00079810A2D40F07081236C03F07F43236463
:10A0E000FFF74CFC002800F071818D48FFF73AFE25
:10A0F000B4F84A3003F01F02032A40F06D81B4F82F
:10A10000163103F4E043A3F500577B427B4184F80A
:10A11000723194F872311BB123699847C4F83C013D
:10A1200041F2883203210B20D5E00D2D00F033825F
:10A130000E2D40F09F81E18D636901F0C0017F2900
:10A1400094BF002101217648984729E2172D00F09D
:10A150007B825DD8132D00F03D820ED8112D00F0CA
:10A160003082122D40F01F83E38D0F2143F00D0349
:10A1700013206B4AA4F84A3021E1152D00F05282D9
:10A18000162D40F03182B4F84C50690500F163821D
:10A190004FF01A08C5F3C32508FB05F8002D40F061
:10A1A0007C82604B03F1F60203F1180C1746186825
:10A1B0005968083303C763453A46F7D118683860D1
:10A1C0009B88BB80B4F84A70C7F3023308EB83085E
:10A1D000B4F84231A8F10208C3F30803984580F2AD
:10A1E00069821A220021504806F028FBE38D07F00F
:10A1F0001F0701351F43ED0247F4104745F404459E
:10A200000F211720464AA4F84A70A4F84C50D6E013
:10A210001B2D00F09F822CD8192D00F04D821A2D95
:10A2200040F0E580236998474049C4F83C01E36960
:10A2300001F12C009847002800F08A82D4F81831E8
:10A240001B0F04EB8303D3F8403103F04042B2F11B
:10A25000404F40F07B8213F0405F0CBF012300238E
:10A26000E28D84F83531B4F816311343A4F8163171
:10A270009EE01C2D00F083821D2D40F09482FFF79C
:10A280007DFB002800F01F822548FFF76BFDB4F826
:10A290004A3003F01F03102BF1D194F84E30042BF9
:10A2A000EDD1002384F83130236998470C25C4F898
:10A2B0003C0108E2042384F83431A1E0002384F84F
:10A2C000303084F8353123642369984742F21072A4
:10A2D000606423210620FFF761FB8FE0FFF74EFB50
:10A2E00000283FF4EDAE0E48FFF73CFDB4F84A20DD
:10A2F00002F01F03012BF1D112F4E04FEED0E38DF9
:10A3000013F0C00F08D102F0C0027F2A8CBF43F0C7
:10A31000800343F04003E3850723CCE7F8290020BE
:10A32000402A0020422A0020462A00200C2B002030
:10A33000FF2384F833300023B4F84A20A849C2F33D
:10A34000023293420CD051F8040F013300F0404523
:10A35000B5F1404FF5D110F0405FF2D184F83330C1
:10A36000E36CA049C3F3C062C3F3C05384F82C204C
:10A37000A1F1CC0084F87131A3699847002800F05E
:10A38000E781E38DB4F816211A4303F0C003802B54
:10A39000A4F816210CD1D4F81831002B4FEA13720F
:10A3A00008DB94F833309A4204D3012384F8353122
:10A3B000082380E70023F9E70F210920894AFFF7E6
:10A3C0000FFB1BE0236C03F07F43236440F68C22D9
:10A3D00040F603010A207EE70D2A00F0B08003F06A
:10A3E0001703042B7FF47CAE94F830302BB14FF080
:10A3F000FF3243F6FF710C206DE7052084F834012D
:10A4000094F834319E427FF433AE94F83431002B0B
:10A410007FF42EAE08B0BDE8F081236C03F07F43DB
:10A420002364FFF7ABFA08B9122344E76C48FFF73F
:10A4300099FCB4F84A3003F01F03062B17D1002310
:10A4400084F8313094F8713163B194F870314BB1C4
:10A4500094F8723133B9012384F83130236C43F41A
:10A4600080532364012384F830300C2323E7012B2D
:10A47000D7D151E7236C226C5D0622EA03022264E5
:10A480007FD498067FD413F4C07F7ED1D9047ED4C4
:10A490009A047ED49F07AAD5FFF770FA0028A6D0A9
:10A4A0004F48FFF75FFCB4F84A3003F01F020F2A51
:10A4B00013D113F4E04FEFD1E18D01F0C0018029F9
:10A4C000EAD11D0453D5B4F84C10C1F30801192981
:10A4D0004DD9112A08BF162050E0052A03D113F4E4
:10A4E000E04FD9D0E8E7092A03D113F4E04FE3D1D4
:10A4F00006E0072AF9D00A2A04D113F4E04F20D14C
:10A5000015207BE70B2AF0D0022AF9D0042A03D1C8
:10A5100013F4E04FD0D0F3E7012A04D113F4E04F55
:10A52000CAD007206AE7082A04D113F4E04FC3D148
:10A530000E2063E70D2ABFD113F4E04FBCD11120E8
:10A540005CE794F84A30032B03D1012384F872317D
:10A55000A2E7042B04D100230C2084F872314DE7CC
:10A56000052B99D10023062084F8723146E723F4A5
:10A570007E635B045B0C102B08BF182018BF1520EE
:10A580003CE708203AE70F2038E70D2036E71B208C
:10A5900034E71C2032E7E38D43F00703A4F84A3088
:10A5A0000F210F4A49E094F832305BB2022B06DCEF
:10A5B00094F83230013384F8323010237BE61923CB
:10A5C00079E6E38D6A4643F00D030F210520ADF8CF
:10A5D0000230F4E640F68C2240F6030114207AE6BD
:10A5E000402A00200C2B0020236C03F07F432364BF
:10A5F000FFF7C4F908B90F235DE66C48FFF7B2FB1B
:10A60000B4F84A3003F01F02032A03D113F4E04FD9
:10A61000F1D155E523F47E635B045B0C0D2BEAD18D
:10A62000112348E6E38D03F0C002402A07D143F02E
:10A630000403A4F84A3012215C4A0C20BFE6802AA9
:10A64000F9D143F01003F4E7226C236C900723EA5E
:10A650000203236405D44FF0FF3243F6FF71172045
:10A6600039E6FFF78BF90028F5D05048FFF77AFB61
:10A67000E38D03F0C003802BF3D1B4F94A20B4F882
:10A680004A30002AEDDAB4F84C20C2F30802192A45
:10A69000E7D903F01F03112B1CE7B4F84A2008F593
:10A6A000A270C2F3023292004149023A204406F0FD
:10A6B0001AF987E51A20A1E600234FF4FA6084F81E
:10A6C0003030236A984784F8345199E623699847D3
:10A6D000E36B984282BF236C43F400632364236CD2
:10A6E00013F4006F236C0ED003F07F43236494F8BF
:10A6F0003430102B7FF698AE94F83430142B94BF7E
:10A7000003231223D7E5DA073FF557AF236CA26B7B
:10A7100013403FF4D0AD94F83430DBB2CBE5236C7A
:10A72000226C22EA03029B05226408D5FFF726F972
:10A7300000287FF4B5AC022178220846CBE5236CD3
:10A7400043F00803236494F8360057E6002387E5B6
:10A750000623B0E523699847E38DC4F83C0143F430
:10A76000805343F00A03A4F84A3094F870311B0474
:10A7700043F08073E36413E70020FFF7F3FAFFF779
:10A78000FDF80028F8D1012384F83130E38D0C2145
:10A7900043F4104343F01003A4F84A30054B1D2046
:10A7A000024AE3640BE6032385E500BF402A00204C
:10A7B000462A0020028003004FF0E0254FF080562B
:10A7C00008B5064C2368012B05D9C5F8046DBFF305
:10A7D0004F8FBFF36F8F05F05DFEF3E71830002059
:10A7E00038B505460C46FFF735FC284605F0F4FC65
:10A7F00041F28830054B064A1B6812689B1A834257
:10A8000098BF002C14BF0120002038BD642F002009
:10A81000D42E002070B504460D46FFF71BFC2246DF
:10A820000123117849BB013B03EB43039B009BB21F
:10A83000802B2CD9194A928C92B2012A14BF14226F
:10A840000A22B5FBF2F103F1800209B291FBF2F0AA
:10A8500002FB10117F291FDD8B42A8BF0B46104A57
:10A86000C3F18003138000230E4A20461380012188
:10A87000BDE87040FF2205F089BCF02902D8013202
:10A880000133CEE751780029CDD00232F8E7C3F189
:10A89000800203EB6203E2E78023E0E7382E00202A
:10A8A000362E0020342E00200B4BB3F850200B4BDB
:10A8B00092B2012A1B7805D0022A08D0FF2200217B
:10A8C000074802E0FF220021064805F05FBCFF2296
:10A8D00000210548F9E700BF382E0020362E002061
:10A8E000AB1D01089E1D0108B61D01080B4BB3F8F6
:10A8F0007030DBB2022B0DD0032B0DD0084AA2F131
:10A900000B00012B08BF1046064BFF2200211B78CD
:10A9100005F03CBC0448F7E70448F5E7382E002072
:10A92000CB1D0108362E0020D61D0108E11D0108AF
:10A9300010B4084B084C588C0023DFF820C080B2BC
:10A9400098420CBF6046204610BCFF22012105F052
:10A950001DBC00BF382E00201C0901082109010878
:10A96000084BFF22198A002389B2012906D0022947
:10A970004FF0010104D0044805F008BC0348FBE790
:10A980000348F9E7382E00209D170108CD1F010864
:10A99000CF1F010840F6953240F6913010B4074BB6
:10A9A000074C9B8C01219BB2002B18BF1046002343
:10A9B0002044FF2210BC05F0E9BB00BF382E002068
:10A9C0004014010810B50C4A53899BB27BB1012396
:10A9D0005089194602301A4680B205F01FFC002348
:10A9E000FF2201210548BDE8104005F0CFBBFF2242
:10A9F00001210348F7E700BF382E00201E09010897
:10AA00002009010870B501230A240E4D1A46A889B1
:10AA1000194680B2B0FBF4F005F000FC0023FF22E1
:10AA20000121094805F0B2FBA88980B2B0FBF4F31C
:10AA300004FB1300BDE87040012380B21A4619469A
:10AA400005F0ECBB382E002023090108034B02213E
:10AA5000588F012380B21A4605F0E0BB382E002043
:10AA6000034B0221188F012380B21A4605F0D6BB92
:10AA7000382E0020034B0321D888012380B21A46C8
:10AA800005F0CCBB382E0020034B588D012380B23B
:10AA90001A46194605F0C2BB382E0020034B988D8C
:10AAA000012380B21A46194605F0B8BB382E0020A3
:10AAB0002DE9F04F9A46FF2385B00B7041F28833A1
:10AAC000138088461746029005F0BEFD4FF0000B3C
:10AAD000634BB3F85090431DDBB25FFA89F9B9F1CB
:10AAE000010F08BF18465F4B0193029B5B4507D1DE
:10AAF00098F80000FF3818BF012005B0BDE8F08FBE
:10AB0000019A5B4652F8044BB4F1804F019227D270
:10AB1000322146F65F55C4F389224A43511EA942A9
:10AB200009D844F620618A4208D8C4F30904B2FB6C
:10AB3000F4F1814206DD0BF1010BD6E7B9F1000F0C
:10AB4000F3D1F8E739888A42F5DD88F80030002330
:10AB50003A800E9AAAF8004013700F9A1370EAE731
:10AB600004F04042B2F1404FE5D1B9F1000FE2D01C
:10AB70003C4A1268120202D514F0405222D104F06D
:10AB80007F01C4F3474404EB840404EB8404A20073
:10AB900044F6206492B2A242A8BF224601EB810192
:10ABA00001FB00F4A242A8BF22463C88A242C2DDBB
:10ABB00088F8003001233A800E9AAAF8001013702A
:10ABC0000023CAE7B2F1805FB5D1CDF80CB005F033
:10ABD0003BFD0A22C4F34845E4B24443B4FBF2F41B
:10ABE00005EB850505EB8505AD00039BADB2ACB368
:10ABF000012C33D04FF400464FF0100C4FF0804E34
:10AC00003146002274452CBF32468A43BCF1010C08
:10AC100001D1164606E0490841EA020606FB06FE97
:10AC20007445EFD146F660514FF47A728D4228BFD9
:10AC30000D467243954228BF15463A8895427FF6E5
:10AC40007AAF88F800303D800123B5FBF0F50F9A0C
:10AC5000AAF80050137000230E9A7FE72646E1E71A
:10AC6000382E0020CC290020F0B52C2205460C46B9
:10AC70003D48002185B005F0E1FD3B4A2B1D1746FC
:10AC80002C35164618685968083303C6AB4232465D
:10AC9000F7D11868FF2330608DF80B300023ADF832
:10ACA0000E30ADF80C308DF80A308DF809300DF10A
:10ACB000090301930DF10A0300930DF10E0203AB9A
:10ACC0000B200DF10B01FFF7F3FE09222023A270E8
:10ACD000E37000283BD09DF80B00BDF80E2057F81C
:10ACE0002030BDF80C10A3609DF80930DBB10525BC
:10ACF00019260B1DB3FBF5F3B2FBF6F61B4D03F063
:10AD00007F0305EA46252B4301304A4343EA00739B
:10AD100043F0A0736360164BB2FBF3F2154B1A605D
:10AD2000012005B0F0BD9DF80A3053B105250B1D7B
:10AD3000B3FBF5F31426104DB2FBF6F603F07F03D8
:10AD4000DFE70E4BC1F3090503EA8123DBE73B682C
:10AD5000A360642323716FF06F0363710123A371F8
:10AD60001123E371DCE700BFCC29002000F80F00BD
:10AD7000A08601008025002000FE0F0000FC0F00CF
:10AD8000F0B506462C220C463648002185B005F069
:10AD900055FD344A331D06F11C07154618685968DD
:10ADA000083303C5BB422A46F7D118682E4B2860EA
:10ADB00001251D70FF2370888DF80B300023ADF83E
:10ADC0000E30ADF80C308DF80A300DF10903019307
:10ADD0000DF10A0300930DF10E0203AB0DF10B010F
:10ADE000C0F30230FFF764FE02221023A270E3706A
:10ADF00078B39DF80B009DF80A30BDF80E20BDF821
:10AE00000C102844E3B1052514260B1DB3FBF5F304
:10AE1000B2FBF6F6154D03F07F0305EA46252B43FA
:10AE200043EA00734A4343F0807343F48003636052
:10AE30000F4BB2FBF3F20F4B1A60012005B0F0BDCF
:10AE40000D4B03EA812343EA0073C1F30900034376
:10AE5000E8E7642323716FF06F0363711123A57119
:10AE6000E371EAE7CC2900207D25002000FE0F00D9
:10AE7000A08601008025002000FC0F00F8B500230B
:10AE80000A276FF06F060125C3710771467185713E
:10AE9000044605F0D9FB42F22833B3FBF0F3C3F3C9
:10AEA000090343F43433A36005F0CEFB43F6982343
:10AEB000B3FBF0F3C3F3090343F49623E36005F017
:10AEC000C3FB44F62063B3FBF0F3C3F3090343F47D
:10AED000C82323610423E3716FF07B03A370402335
:10AEE00027716671A571E370F8BDC0F11100C0B2A1
:10AEF00005F0EAB9034B988B80B2003818BF0120E7
:10AF0000FFF7F3BF382E0020034BD88E80B20038F5
:10AF100018BF0120FFF7E9BF382E0020044BB3F81B
:10AF2000720080B2003818BF0120FFF7DEBF00BFFB
:10AF3000382E0020034B988A80B2003818BF0120B9
:10AF4000FFF7D3BF382E0020034BD88B80B20038D8
:10AF500018BF0120FFF7C9BF382E0020034B188C03
:10AF600080B2003818BF0120FFF7BFBF382E002085
:10AF7000044BB3F84C0080B2003818BF0120FFF733
:10AF8000B4BF00BF382E002070B5104B0021D88D03
:10AF90000A2680B205F0E6FAB0FBF6F50446012376
:10AFA000A8B20022022105F039F90023FF22194638
:10AFB000074805F0EBF8012306FB1540BDE870409B
:10AFC0000022194680B205F029B900BF382E0020B2
:10AFD0001C09010810B50B4B0146D88D80B205F055
:10AFE000C1FA044605F030FB48B16443B4FBF0F00D
:10AFF000054BC0EB00201B88B0FBF3F010BD6420B4
:10B00000FCE700BF382E0020342F002010B5041EAE
:10B01000084606DC084BD88D80B205F0A3FA002064
:10B0200010BDFFF7D7FFC4EB0424B4FBF0F0FF28FA
:10B0300028BFFF20C0B2F3E7382E002010B5012151
:10B04000FFF7E4FF134B902804461A781BD90AB186
:10B0500000221A7014211A780F4B002019800F4B10
:10B060001A700F4B1C70FFF7B5FFFF23E821444314
:10B070000C4AB4FBF3F413684B43182101FB04336F
:10B080001B0A136010BD6F28E4D8002AE2D1012208
:10B09000DFE700BF0C0000203A2F0020372F0020F0
:10B0A000382F00205C25002007B5054B00210093B8
:10B0B00020235E201A4605F00BF903B000BD00BF47
:10B0C000202C0108054BB3F8440080B220B10123C5
:10B0D00002211A4605F0A2B8FFF7E6BF382E00207D
:10B0E000064A138E9BB233B10123108E03211A46F8
:10B0F00080B205F093B8FFF7D7BF00BF382E00200D
:10B100000C4B198B89B202290AD003290DD00129D1
:10B1100001D0FFF7C9BF0023FF22074805F036B86A
:10B120000023FF2201210548F8E70023FF22012127
:10B130000348F3E7382E0020D11F0108D71F01086C
:10B140009D170108094BD98C89B2012903D0022926
:10B1500006D0FFF7A9BF0023FF22054805F016B867
:10B160000023FF2201210348F8E700BF382E00200A
:10B17000D91F0108D51F0108064A538A9BB233B173
:10B18000508A01220023114680B205F047B8FFF72C
:10B190008BBF00BF382E002010B5154B1A8992B214
:10B1A0001AB9BDE81040FFF77FBF1A89188992B21B
:10B1B000052A10D8012300EB800040001A46022126
:10B1C00080B205F02BF80023FF2201210948BDE8D9
:10B1D000104004F0DBBF012305381A46022180B27B
:10B1E00005F01CF80023FF2201210348EFE700BF10
:10B1F000382E0020250901082709010810B50B4A3F
:10B20000538B9BB21BB9BDE81040FFF74DBF012324
:10B21000508B02211A4680B205F000F8BDE81040BC
:10B220000023FF220121024804F0B0BF382E002085
:10B23000270901080C4BD98A89B2022908D00329B1
:10B240000BD001290ED10023FF22084804F09EBF35
:10B250000023FF2201210648F8E70023FF220121F5
:10B260000448F3E7FFF720BF382E0020D11F010864
:10B27000D31F0108D51F010810B50B4A938E9BB24E
:10B280001BB9BDE81040FFF70FBF0123908E0321CB
:10B290001A4680B204F0C2FFBDE810400023FF222E
:10B2A0000121024804F072BF382E0020290901084C
:10B2B00070B5134D2B8D9BB2EBB10A240123288D61
:10B2C0001A4680B21946B0FBF4F004F0A7FF002341
:10B2D000FF2201210B4804F059FF288D80B2B0FBFA
:10B2E000F4F304FB1300BDE87040012380B21A465A
:10B2F000194604F093BFBDE87040FFF7D5BE00BF0C
:10B30000382E00202309010807B5154AB2F84A3043
:10B310009BB2052B07D0062B0FD083B903B05DF885
:10B3200004EBFFF7C1BE0F4B0093202300211A4608
:10B330005E2004F0CDFF03B000BD0B4BF4E701230A
:10B34000B2F84A0019461A4680B204F067FF00239B
:10B35000FF220121054803B05DF804EB04F016BF9D
:10B36000382E0020A02B0108202B010825090108F8
:10B37000284B37B503EB40020446B2F8320103F51F
:10B380009E73184404F028FF234AD38A9BB2022BF1
:10B3900020D0032B0CBF4FF496704FF4FA70D18A73
:10B3A0001E4B89B2C9B119681D4DA1421D4902D079
:10B3B0001C602B680B602B680968928A5B1A92B23A
:10B3C000B3FBF0F30AB30322B3FBF2F202EB420247
:10B3D0009B1A0AE04FF4C870E1E78D211960D38A07
:10B3E0009BB2B3FA83F35B095B00FC225443542203
:10B3F00002FB03440C4B15221C440021202369202E
:10B40000009404F065FF03B030BD022B28BF022377
:10B41000EBE700BF04130108382E002008000020CD
:10B42000642F002000200020342601080020FFF7B0
:10B430009FBF0120FFF79CBF0220FFF799BF0320A9
:10B44000FFF796BF0420FFF793BF0000062008B562
:10B45000FEF744F8054B188A80B210B1012800D0DD
:10B4600008BDBDE8084004F035BE00BF382E0020FE
:10B4700010B5094CB4F8460080B2003818BF01205E
:10B48000FFF733FDB4F84600BDE8104080B2003845
:10B4900018BF012004F06CBE382E0020192310B50F
:10B4A000094CB4F8480080B2B0FBF3F0012301303E
:10B4B00080B21A46194604F0B1FEB4F84800BDE85F
:10B4C0001040C0B204F03EBE382E00202DE9F041FD
:10B4D00005F0CEF8274C014648BBE08D0A2580B226
:10B4E00005F040F8B0FBF5F305FB13009CB2631CBC
:10B4F00080B29BB2042888BF1C460123B4FBF5F63A
:10B500001D4F1A461946B0B2B7F9008004F086FE06
:10B5100010221A4B05FB16401A800123A7F8008061
:10B520001A46BDE8F041194680B204F077BE63893F
:10B530009BB2E3B16589E08D002180B205F012F87D
:10B540000235EDB2B0FBF5F0A3899BB2984238BF4B
:10B55000A089A38938BF80B29BB2C01A092828BF2E
:10B5600009200430C0B2BDE8F04104F0ADBE0F20A8
:10B57000F9E700BF382E0020362E0020342E0020A0
:10B5800008B505F075F850B9FEF79AF908B9012029
:10B5900008BDFEF7A5F90028F9D00320F8E7002040
:10B5A000F6E700002DE9F04778223149314805F0EF
:10B5B00071F9002859D004F06DFF35222E4BDA6066
:10B5C000FDF76CF82D4A116813685B1A012BFBD943
:10B5D0002B4C04F05FFF237E012B18D00123237630
:10B5E000FDF76CF888B9244DE0612B6943F0020344
:10B5F0002B61204B6B612B6943F040032B61FDF7FE
:10B600005DF82B6923F002032B6100232376FDF7FD
:10B6100045F84FF00109164F164D174EDFF86480BC
:10B6200004F038FF237E012B15D0B7F800A084F872
:10B630001890FDF743F860B9E061336943F0010306
:10B640003361A5F800A0FDF739F8336923F0010351
:10B650003361002323760235454507F10207DFD128
:10B66000054A136943F080031361BDE8F08700BF0A
:10B67000382E002000FC010800200240602F00202E
:10B68000402F002078FC0108F8B545F2AA54234B5E
:10B690001A8892B2A2423AD018467822FF2105F0C9
:10B6A000CDF80480034601245A6F01321CBF4FF0CD
:10B6B000FF325A675A8818BF012492B2372A08D835
:10B6C0004FF6FF715A8892B2372A22DD38220124C0
:10B6D0005A800022124903EB4206B5880F88ADB2AA
:10B6E000AF424FEA420004D8B5884E88ADB2AE42B0
:10B6F00003D2CC881844848001240132382A01F115
:10B700000801E8D10CB1FFF74DFF2046F8BD002439
:10B71000CAE703EB420081800132D5E7382E0020D2
:10B720000E000020000000000000000000000000EB
:10B73000074B19680868B0E8F00F80F30988BFF379
:10B740006F8F4FF0000080F311884EF00D0E7047A0
:10B750000030002000000000000000000000000099
:10B76000EFF30980BFF36F8F0D4B1A6820E9F00FDC
:10B77000106008B54FF0500080F3118801F018FAFE
:10B780004FF0000080F31188BDE808401968086890
:10B79000B0E8F00F80F30988BFF36F8F704700BFE8
:10B7A0000030002008B5FDF771FD012813D04FF0DF
:10B7B000500383F31188BFF36F8FBFF34F8FFDF7F3
:10B7C000E9FB28B14FF0E0234FF08052C3F8042D7D
:10B7D000002383F3118808BD04224349F0B4CE6BE3
:10B7E000086C35680B6802FA00F72F421C6828D0F5
:10B7F000670726D53D498B4216D03D4A934215D066
:10B800001432934214D01432934214D0143293421F
:10B8100014D01432934214BF4FF080634FF480036E
:10B82000344A5360F0BC70471346F9E74023F7E70A
:10B830004FF48063F4E74FF48043F1E74FF4802343
:10B84000EEE7022282402A4239D0A70737D51A688C
:10B85000900606D41A6822F00A021A60012281F8C2
:10B860002120224A93421DD0143293421CD014321C
:10B8700093421BD0143293421BD0143293421BD0FC
:10B880001432934214BF4FF000734FF40013194A5F
:10B890005360002381F820308B6A002BC2D0F0BCAB
:10B8A000114818470223F2E72023F0E74FF4007312
:10B8B000EDE74FF40053EAE74FF40033E7E70822DF
:10B8C00082402A42AED02207ACD51A6822F00E027E
:10B8D0001A60012303FA00F070608B634FF48073E9
:10B8E0000B840B6BD9E700BFE0300020080002405A
:10B8F0001C00024000000240F8B5674803685A681F
:10B90000910623D51A68920720D5826AD7065EBFB2
:10B91000826A42F4007282629A6802F46022B2F58E
:10B92000602F10D1C26872B95A6822F020025A60A2
:10B93000826A22F480728262826AD6045EBF826A60
:10B9400042F0010282626FF012021A605A68150614
:10B9500040F192801A68540740F18E80826AD106C5
:10B960005EBF826A42F4005282629A6802F4E04248
:10B97000B2F5E04F0AD05A68520516D49A6802F41C
:10B980006022B2F5602F10D1C26872B95A6822F0F5
:10B9900080025A60836A23F480538362836ADB05E2
:10B9A0005EBF836A43F0010383623C4B1968002940
:10B9B0005ED0FCF759FCEFF311844FF0500383F392
:10B9C0001188BFF36F8FBFF34F8F022391F8602070
:10B9D00081F86030CB6D012A03F10103CB6502D001
:10B9E00084F3118844E08B6A0BB1FCF70BFC2C4B01
:10B9F0001B68002B41D1D1E902524B69AA608D68C6
:10BA00000E1D55605A68274DB24208BFCA682F689C
:10BA100008BF5A601A68013A1A600122CB6A9A403C
:10BA20003A432A6014256B431F4AD7187D688D60FE
:10BA3000D5F808C0C1F80CC0CCF80460AE604F6106
:10BA4000D5580135D550194BCA6A1B68DB6A9A4232
:10BA5000C6D90122164B1A6084F311884FF0E023F7
:10BA60004FF08052C3F8042DBFF34F8FBFF36F8F99
:10BA70006FF00C0203681A60F8BD0E4B01F1180557
:10BA80005A68CA6196680E62756095601A688B6222
:10BA900001321A60D7E700BFB0300020AC30002080
:10BAA000A8300020A43000201830002000300020F2
:10BAB000FC2F002004300020F8B53D4B5A691206D7
:10BAC0001DD580225A613B4B1968C1B1FCF7CCFBF4
:10BAD000EFF311804FF0500383F31188BFF36F8FA2
:10BAE000BFF34F8F022391F8602081F86030CB6D57
:10BAF000012A43F00103CB6502D080F31188F8BD21
:10BB00008B6A43B14FF0500383F31188BFF36F8FFB
:10BB1000BFF34F8FFEE7284B1B68002B3AD1D1E9CA
:10BB200002424B69A2608C680D1D54605A68234C18
:10BB3000AA4208BFCA68266808BF5A601A68013A54
:10BB40001A600122CB6A9A40324322601424634374
:10BB50001B4AD61874688C60A768CF607D60A560AA
:10BB60004E61D4580134D450164BCA6A1B68DB6A44
:10BB70009A42C2D90122144B1A6080F311884FF007
:10BB8000E0234FF08052C3F8042DBFF34F8FBFF373
:10BB90006F8FB4E70D4B01F118045A68CA619568BC
:10BBA0000D626C6094601A688B6201321A60DBE788
:10BBB00000040140682F0020A8300020A43000209D
:10BBC0001830002000300020FC2F0020043000201E
:10BBD0000E4B1A6842F001021A6059680C4A0A407A
:10BBE0005A601A6822F0847222F480321A601A684D
:10BBF00022F480221A605A6822F4FE025A604FF43E
:10BC00001F029A60034B044A9A607047001002407A
:10BC10000000FFF800ED00E00080000815490B6807
:10BC20001A6A22F001021A621A6A1A62124A9342CE
:10BC30000DD141F21112186A104208D140F244426B
:10BC4000186A104202BF5A6C22F400425A6441F250
:10BC50001112186A104208D140F24442186A104288
:10BC600002BF1A6822F001021A60012381F83E30F7
:10BC7000704700BFB42F0020002C014010B50368AE
:10BC800004461A6991070ED5DA6892070BD56FF052
:10BC900002021A61012202779B699B0701D104F01D
:10BCA000A5FC0023237723681A69500710D5DA68AA
:10BCB00051070DD56FF004021A61022222779B69A9
:10BCC00013F4407F02D1204604F090FC0023237738
:10BCD00023681A6912070FD5DA6810070CD56FF0C0
:10BCE00008021A6104222277DB69990702D12046F3
:10BCF00004F07CFC0023237723681A69D20610D550
:10BD0000DA68D0060DD56FF010021A61082222778A
:10BD1000DB6913F4407F02D1204604F067FC002366
:10BD2000237723681A69D10739D5DA68D20736D55F
:10BD30006FF001021A6123681D4A934230D1FF213E
:10BD40001C4B1D4C1A88013A1A80226811641B4A48
:10BD50001178A1B11B889BB28BB119481378026886
:10BD6000DBB25363FCF7B2FE164B174A1B7811780F
:10BD7000994214D033B1BDE8104004F01FBCFFF766
:10BD80004DFFF1E7137040F20D12104B1A8023683B
:10BD9000DA624FF483725A6341F204529A6210BD20
:10BDA0000B4A934201BF0B4A136801331360F6E755
:10BDB000000800403A2F00206C2F0020382F002070
:10BDC000B42F0020372F0020362F0020342F0020E2
:10BDD000002C0140602F00200148FFF74FBF00BF3B
:10BDE00024310020044B05481A6805498A4208BFDF
:10BDF0001846FFF743BF00BFB42F00206C2F002070
:10BE000000040040044B05481A68B2F1804F08BF97
:10BE10001846FFF733BF00BFB42F00206C2F00205F
:10BE2000044B05481A6805498A4208BF1846FFF7BF
:10BE300025BF00BFB42F00206C2F00200008004059
:10BE40002DE9F74F054640B94FF0500383F31188B1
:10BE5000BFF36F8FBFF34F8FFEE7046C44B14FF019
:10BE6000500383F31188BFF36F8FBFF34F8FFEE74B
:10BE7000FDF70CFA08B9FCF7C5F964212046DFF894
:10BE80006892DFF868A29A4F56E019B9FCF7DEF91C
:10BE9000002074E020B9D9F80030DAF8008000936F
:10BEA000FCF7D4F9FCF7B4FFFCF7B6F995F8443089
:10BEB000FF2B04BF002385F8443095F84530FF2B55
:10BEC00004BF002385F84530FCF7C0F9FCF7A4F95E
:10BED000DAF800300098D9F80020904211D043459C
:10BEE0000FD32846FCF7B2F9FCF7FEFFFDF716F971
:10BEF000FCF792F9AB6B002B00F0C180FCF7A6F9C0
:10BF000018E0A3EB08028A42EBD2A8EB03035E1809
:10BF1000D9F80030DAF800800093FCF797F9FCF7C5
:10BF20007BF9AB6B73B32846FCF790F9FCF7DCFFA9
:10BF3000FDF7F4F831460120FCF76EF9AE6B002EE8
:10BF4000A3D02B68013EAE6333B9694B1B6813B1B4
:10BF50009A6D01329A65AB602B696BB1E869FCF7A9
:10BF60005FFF48B14FF0E0234FF08052C3F8042D3B
:10BF7000BFF34F8FBFF36F8FFCF768F9012003B059
:10BF8000BDE8F08FAB46FCF761F95BF8243B002B72
:10BF90004ED1FCF741F9AC68002C47D03A68E36A0F
:10BFA000D26A934263D21421A269002AA1BF3A68DF
:10BFB000D26AC2F10702A2614E4A01FB0323616902
:10BFC000994250D1211D08460191FCF712FFDFF87C
:10BFD00028C10199474A50B94FF0010EE36ADCF8D5
:10BFE00000000EFA03FE20EA0E00CCF800003B68C9
:10BFF000DCF800E0D86A0123834043EA0E03CCF862
:10C0000000301423434302EB030CE062DCF804002D
:10C01000A060D0F808E0C4F80CE0CEF8041081600D
:10C02000D158C4F814C00131D1500124FCF70EF9E5
:10C03000396858461831FCF7C5FE3046FDF736F929
:10C040002846FCF751FFFDF769F800287FF472AF2E
:10C050004FF0E0234FF08052C3F8042DBFF34F8F11
:10C06000BFF36F8F66E73B68DB6AE362DDE73B683F
:10C07000646DDB6A9C422CBF00240124D6E7FCF7E8
:10C08000E5F8002C3FF404AFFCF7C6F86B6A1BB16F
:10C090002B6B1B68C3F10703AC68002C3FF4F6AEB2
:10C0A000A16D41B94FF0500383F31188BFF36F8F37
:10C0B000BFF34F8FFEE7626D934238BF1346E26ACB
:10C0C00093423FF4E3AE01297FF4E0AE08490968EA
:10C0D0008C4213D14FF0500383F31188BFF36F8F5D
:10C0E000BFF34F8FFEE700BF302F0020642F0020EA
:10C0F0000030002018300020A4300020A169E36245
:10C100000029A4BFC3F10703A3611423124D03FB4D
:10C110000252636993427FF4B9AE261D3046FCF7A4
:10C1200068FE0121E36A0D4A994018B9106820EAB7
:10C130000100106010680143116014225343E91894
:10C140004A68A2609068E06046609660EA58616163
:10C150000132EA509AE600BF18300020A4300020D7
:10C1600008B5034B1868FFF76BFE00F0010008BD2F
:10C17000AC20002038B50546FFF7F2FF044648B171
:10C180002846FDF7FDFAFDF761FB0446FDF716FBB7
:10C19000FDF7E2FD204638BD2DE9F04105460E468B
:10C1A00017461C46FFF7DCFF50B1EDB22846FDF7FD
:10C1B000E7FAFDF74BFB38B9FDF700FBFDF7CCFDC7
:10C1C00000252846BDE8F081F0B2FDF73FFB0028CE
:10C1D000F2D04FF48032184B1A610F2300BF013B9D
:10C1E000FCD145F00100FDF7CBFAFDF72FFB05462A
:10C1F0000028E1D0104E08214FF00008FDF7F6FAB4
:10C20000013911F0FF0140EA4808F7D10223012C5F
:10C2100008BF204604F1FF3418BF08463361A4B2BA
:10C22000FDF7FCFA07F8018B002CE4D1FDF7C6FA04
:10C23000FDF792FDC5E700BF000C0140002307B5E4
:10C240008DF807300DF107020123FFF7A5FF9DF8D8
:10C25000070003B000BDF8B507460D4616461C465C
:10C26000FFF77EFF48B1F8B2FDF78AFAFDF7EEFA64
:10C2700030B9FDF7A3FAFDF76FFD00252846F8BD9C
:10C28000E8B2FDF7E3FA05460028F2D0013E24B9F2
:10C29000FDF794FAFDF760FDF0E704F0FBF816F8FF
:10C2A000010FFDF7D3FA0028E3D0013CA4B2EEE77A
:10C2B0002DE9F341804617460C4600250D4E637864
:10C2C00040468DF80730217801230DF10702FFF772
:10C2D000C2FF60B1A3782BB1316801333268521AC2
:10C2E0009342FBD80135BD4204F10304E7DB02B001
:10C2F000BDE8F081602F002008B550B94FF0E02371
:10C300004FF08052C3F8042DBFF34F8FBFF36F8FF0
:10C3100008BDFCF77DFD064B1B68012B01D0FBF728
:10C3200071FFFCF7C3FFFCF7F9FE0028E6D0EFE74A
:10C33000A83000202DE98048142093B0FFF7DCFFDF
:10C340003A20FFF717FF38B10D223A20BB49FFF71B
:10C35000AFFF002840F049813220FFF70BFF002893
:10C3600000F0E58000230F218DF8383032200123C2
:10C370000EAAFFF711FF002800F0D9809DF8383091
:10C38000332B02D0112B40F0D2800C223220AC494A
:10C39000FFF78EFF002800F0CA8000230F218DF8E0
:10C3A0003830322001230EAAFFF7F6FE20B19DF8A7
:10C3B0003830112B00F01C814FF00308A14B3220C4
:10C3C000C3F80080FFF798FF00229F4B1A609F4B35
:10C3D0001B8B9BB21BB14FF4FA60FFF78DFF00255A
:10C3E000102200210EA804F029FA102200210AA828
:10C3F00004F024FA1022002106A804F01FFA2F46A8
:10C400002E460324A946AA46C82240F6E4418F4B93
:10C41000B8F1020F5B8A9BB202FB1313039340F047
:10C42000F38004AA062301213A20FFF7B5FE10216C
:10C430003A20BDF81050BDF81270BDF81460FFF737
:10C44000FDFE0206EDBAFFBAF6BA40F18D81C0F3E7
:10C4500041047E4B1B8A9BB2022B06D1032C04D0D5
:10C46000B4FA84F0400903F035FE794812AB03EBCF
:10C47000490323F8105C23F8207C23F8306C037800
:10C480000EA90AAA0DF1180C4BB909F101035FFAC4
:10C4900083FEBEF1080F40F06B8101230370002082
:10C4A00093460291024601460346CDF804C0DDF8EA
:10C4B00008C001303CF902EBC0B2CDF808C07344AB
:10C4C000DDF804C03BF902EB082871443CF902EBAB
:10C4D000CDF804C07244EAD1002BB8BF0733C5EBD6
:10C4E000E303002BB8BF5B420029B8BF0731C7EB9D
:10C4F000E1010029B8BF4942002AB8BF0732C6EBA4
:10C50000E202002AB8BF52420B441344039A64204B
:10C510009A42B8BF4F4B09F10109BCBF1A684A4B98
:10C5200009F00709B8BF1A60FFF7E6FE6CE7302094
:10C53000FFF720FE98B10021012330200EAA8DF8CC
:10C540003810FFF729FE50B19DF83830F82B06D18E
:10C55000082230204049FFF7ABFE00284BD13020A5
:10C56000FFF708FE30B3002401230F2130200EAA6C
:10C570008DF83840FFF710FEE0B19DF83830112BF0
:10C5800018D10C223020354B35491C70FFF790FE36
:10C59000A0BB4C20FFF7EEFD28B105224C2031490D
:10C5A000FFF786FE68BB01460720FCF783FF4FF0CC
:10C5B000010803E73220FFF7DDFD0028E9D0002362
:10C5C0000F218DF83830322001230EAAFFF7E4FD49
:10C5D0000028DED09DF83830112BDAD101221F4B14
:10C5E00032201A7020490C22D0E74FF00208E5E60D
:10C5F0004FF00808E2E64FF00408DFE64FF00608C7
:10C60000DCE64FF00508D9E6B8F1030F02D0B8F127
:10C61000080F2BD10623A82104AA3220FFF7BCFD66
:10C62000B5213220BDF91050BDF91270BDF914606A
:10C63000FFF704FE8408013CE4B20AE7202D01085C
:10C64000472D0108202E0020D82E0020382E002053
:10C6500095250020642F00206B2D010894250020D3
:10C66000A72D0108CB2D0108832D0108B8F1040F77
:10C6700024D106230221302004AACDF810A0ADF861
:10C6800014A0FFF789FDA8B19DF811509DF8137013
:10C690009DF81560AD01BF01B6010C213020FFF7F8
:10C6A000CDFD83064FEA10145ED404F0030484F039
:10C6B0000104CEE6054607460646EEE7B8F1050F4B
:10C6C00024D10623022104AA4C20FFF765FD012393
:10C6D0000C214C2004AABDF91050BDF91270BDF90F
:10C6E00014608DF810A0FFF757FD9DF81030AD10C5
:10C6F000602B4FEAA7074FEAA60605D0702B08BFAC
:10C70000002418BF0324A4E60124A2E6B8F1060F12
:10C710007FF49FAE1A4BCDF810A01C78ADF814A092
:10C72000DCB930202821062304AAFFF735FDB8B173
:10C73000BDF91050BDF91270BDF91460002C0CBF8A
:10C74000302032203521FFF779FDC0F38704022C19
:10C750000CD004F0FB04012CD3E73220A821E2E73F
:10C76000054607460646E9E7032472E6002470E61C
:10C7700021F8135022F813702CF81360013386E669
:10C78000942500208FB503F045FF002800F0958028
:10C79000FDF796F8002800F09C8001210C20FDF7A1
:10C7A000DDF8002800F095809F4D0A20EB6898473F
:10C7B0000624FDF76BF8002800F083800F210B2082
:10C7C000FDF7CCF8002800F0848000210A20FDF756
:10C7D000C5F800287DD000210E20FDF7BFF8002805
:10C7E00077D000210F20FDF7B9F8002871D00C2177
:10C7F0000620FDF7B3F800286BD007210920FDF7CC
:10C80000ADF8002865D000210820FDF7A7F8002822
:10C810005FD004210720FDF7A1F8002859D0072197
:10C820000220FDF79BF8002853D00A20EB689847B8
:10C8300040217D48FDF786F80B2104460220FDF7D4
:10C840008DF8002845D00A20EB68984740217648AB
:10C85000FDF778F804F0030400F00300844240F28E
:10C860009A8025210320FDF779F890B30721022053
:10C87000FDF774F868B344210620FDF76FF840B364
:10C8800004210720FDF76AF818B302210C20FDF7F8
:10C8900065F8F0B101238020032464498DE81B0072
:10C8A00069466348FBF754FF0A211720FBF7CEFEC9
:10C8B0004FF400025F4B1A600BE00320FFF71CFDF2
:10C8C00061E70A20EB68013C984714F0FF047FF40D
:10C8D00070AFFDF7C9FBDFF85881574FD8F8083023
:10C8E000564C13F0800F5ED1D8F808301B0620D4C8
:10C8F0006B4607223C2165682078A847C8B19DF89F
:10C900000330DE0700F1C9809DF802305D0700F1B9
:10C91000F180D90642BF226C42F4806222641A067A
:10C9200007D59DF805309B0742BF236C43F02003D9
:10C93000236494F835317BB123699847D4F83831B2
:10C94000C01AB0F57A7F07D9236C43F04003236403
:10C9500023699847C4F8380194F8723153B12369B8
:10C960009847D4F83C31C01AC82882BF236C43F4DE
:10C9700000532364FDF778FBFCF7B2FF0028ADD02D
:10C9800094F83431192BA9D094F83130002BA5D16B
:10C9900094F83030A2E726210320FCF7DFFF0028BF
:10C9A00097D00B2163E7FCF733FAFBF735FC3B68C4
:10C9B00093F86030022B29D1FBF748FC0025FCF7E7
:10C9C000ADFB55B148B94FF0E0234FF08052C3F8AA
:10C9D000042DBFF34F8FBFF36F8FFBF71DFC3B6838
:10C9E00093F86030022B03BF3A680121D36D002118
:10C9F00004BF03F07F43D36500223B6883F86020C7
:10CA0000FBF724FC00293FF46FAF71E701253B6879
:10CA10003220DA6DDA653B6883F86050FBF716FC6C
:10CA2000FCF744FCCBE700BF60250020000021108C
:10CA3000000C014000E100E000300020F829002057
:10CA400043212F48FCF77EFF02222E4B43216568CD
:10CA500000F0E0062078A847B4F8F63013F4E04F71
:10CA6000C3F3023205D043216568274B207892003A
:10CA7000A847042243216568244B2078A847E02E6C
:10CA80000BD1B4F8F63023F47E635B045B0C0D2B02
:10CA90000AD1236C43F00103236441211848FCF7B9
:10CAA00051FF8006CCD52FE7D4F8EC60184D05EB8C
:10CAB00046168C350FCD0FC695E80F0086E80F009F
:10CAC000D4E93A239A4207D194F8F01021B1013207
:10CAD00002F00302C4F8E820013303F003039A4292
:10CAE000C4F8EC3004BF012384F8F030236C43F029
:10CAF0000203D1E7226C42F40072226409E700BF0E
:10CB0000F8290020EE2A0020F02A002070250020BD
:10CB1000602A002010B5FCF7DFFD044644B9FCF79D
:10CB2000DBFD04463220FFF7E7FB002CF7D010BDF9
:10CB3000FCF7D2FD04463220FFF7DEFBEEE70000F3
:10CB400070B50E4E35680544FCF7C6FD04465CB969
:10CB5000FCF7C2FD04463220FFF7CEFB33689D424E
:10CB60000BD3002CF4D008E0FCF7B6FD04463220CD
:10CB7000FFF7C2FB33689D42E9D270BD642F0020ED
:10CB8000074AB2F84A309BB2042B01D9FFF7C2BF63
:10CB90004FF47A70B2F84A309BB25843FFF7D0BFD7
:10CBA000382E0020012838BF0120FFF7A5BB000068
:10CBB00010B51D4B1A681D4B12B101221A6010BD31
:10CBC0001A601B4A13681B6B1968B1F1A53F0BD1A2
:10CBD0005968B1F1A53F07D19968B1F1A53F03D1DB
:10CBE000DB68B3F1A53F03D01368136803F040FC82
:10CBF000104B1B68B3FA83F31421DBB2C3F11F039C
:10CC00004B430D4CE158E01809B9FBF7FBFA4168BA
:10CC10000833496823449942416004BFC1684160B8
:10CC2000CB6813601368CAE7A8300020FC2F0020EF
:10CC300000300020A43000201830002040220D4B8E
:10CC40001A6120221A610F2200BF013AFCD14FF471
:10CC500000121A610F2300BF013BFCD14FF4800387
:10CC6000044A13610F2300BF013BFCD12023136151
:10CC7000704700BF000C01404FF40013094A1361D4
:10CC80000F2300BF013BFCD1402313610F2300BFE2
:10CC9000013BFCD12022034B1A610F2300BF013B53
:10CCA000FCD17047000C014020230A4A13610F2376
:10CCB00000BF013BFCD1402313610F2300BF013BA8
:10CCC000FCD14FF48002034B98681A61C0F3401006
:10CCD000704700BF000C0140014B1868FCF74EBFC5
:10CCE000602000202DE98048384A394913689BB0FC
:10CCF00043F010031360CA68364B22F4E06212045A
:10CD0000120C1343344CCB60FBF7E4FFA369002102
:10CD100043F00103A361A3696FF00B0003F001036B
:10CD20000793079BFBF792FC00216FF00A00FBF7CB
:10CD30008DFC00216FF00900FBF788FC00216FF0EB
:10CD40000400FBF783FC00216FF00300FBF77EFC7F
:10CD50000F216FF00100FBF779FC0F214FF0FF303E
:10CD6000FBF774FC636813F00C0F07D0636803F0E3
:10CD70000C03082B36D16368DF0333D423682368A0
:10CD800023F0F80343F080032360636803F00C038F
:10CD9000082B33D00022114B1A66114A1168236800
:10CDA0009D0100F1B2820121636823F4741343F4FE
:10CDB00060136360094B19661168236898011DD4DC
:10CDC00013685B1A022BF8D918E000BF002002405C
:10CDD00000ED00E00003FA050010024000004242AE
:10CDE000602F00200122C44B1A60C44A11682368D6
:10CDF0009E07C4D413685B1A022BF8D9C04A136883
:10CE000013F0060F00F08782636843F4E063636009
:10CE1000636843F460536360636823F0F003636006
:10CE20002368990100F184824FF47A726368B54FE8
:10CE300023F4404343F4004363603B68B3FBF2F3E5
:10CE4000013BB3F1807F0AD24FF0E022F021536121
:10CE5000AD4B83F8231000239361072313614FF038
:10CE6000E02213694FF002090326A84D43F00403A2
:10CE700013610F214FF0FF30FBF7E8FB6B6812A93D
:10CE800023F0E06343F080636B60A369A04843F044
:10CE90002003A361A3694FF0010803F020030B9363
:10CEA0000B9BA3694FF0100A43F00403A361A3692D
:10CEB00003F004030A930A9BA36943F00803A361E8
:10CEC000A369CDE9126603F008030993099BCDF825
:10CED0005490FBF73DFC6B68A0F5406043F0E063C5
:10CEE00043F400436B6048F27F73CDE91236FBF7E1
:10CEF0002FFC4FF6F77300F5806000261293FBF7C6
:10CF000027FC4FF4A063A0F58060CDE91236CDF880
:10CF10005080FBF71DFC00F58060CDE912A8149647
:10CF2000FBF716FC4FF4801303614FF40043A0F5A8
:10CF30008060CDE912381496FBF70AFC4FF00043ED
:10CF40000361CDE912984FF400391496FBF700FC09
:10CF50008023C0F8109000F58060CDE91236CDF83E
:10CF60005080FBF7F5FB6369052143EA0803636121
:10CF700063690B2003EA08030893089BFBF766FB31
:10CF80004FF40063634D05212B605046FBF75EFBB9
:10CF90004FF4803305212B601120FBF757FBC5F8B8
:10CFA00000905D4B5D4D2B604FF48073C5E90238F6
:10CFB0004FF460232846EB616E616E60C5F8108007
:10CFC000FBF7A2FC95F82430434510D02A6885F879
:10CFD0002480536B23F01F0343F00403536313694E
:10CFE00023F4E04343F4C043136185F8246003262F
:10CFF00001234FF4A04CCDE912634FF00408002345
:10D00000464812A9CDE9183C149617931593CDF80C
:10D010005880FBF78FFA022312A91393FBF78AFAC1
:10D020001396064612A9FBF785FA12A9CDF84C8093
:10D03000FBF780FA2A68536843F080035360304658
:10D04000FBF7B2F980460028F9D1354E354B4FF049
:10D05000010933604FF480734FF0020BC6E90239C7
:10D060004FF4602370617060306130464FF0030A06
:10D07000F361FBF749FC4FF4A043CDE912B94FF03F
:10D080000409304612A9CDE91883CDF85890CDF89F
:10D0900050A0CDF85C80CDF85480FBF74BFA12A974
:10D0A000CDF84CB0FBF746FA062312A9CDE9123AA7
:10D0B000FBF740FA12A9CDF84C90FBF73BFA30464B
:10D0C000FBF772F980460028F9D14FF080426423C3
:10D0D000154EFF21C6E900234FF40073C6E9031380
:10D0E0008023B0603046B361FBF752FD96F83C30C8
:10D0F000012B2AD01AE000BF00004242602F00201E
:10D10000002002402402002000ED00E00000014069
:10D110000014014000E100E000240140B030002094
:10D120001020002000280140B42F00200223326884
:10D1300086F83D30936823F47F4323F077039360B0
:10D14000012386F83C8086F83D304FF00008B54852
:10D15000FBF778FDB348FBF775FDB2480CA9CDE9A4
:10D160000C88FBF705FE6023CDE91238042312A9D1
:10D170004FF0010916934FF0020ACDF85080FCF7EA
:10D1800077FC0323A8480EA91193CDE90E9AFBF76B
:10D19000DFFAA448FBF79AFC4FF4FA63A34EDFF8DA
:10D1A00090E240F21B1BC6E900E34FF400733046E7
:10D1B000C6E903B3C6E90588C6F80880FBF7E8FCB2
:10D1C00096F83C304B450CD0326886F83DA0936809
:10D1D00023F47F4323F07703936086F83D9086F82D
:10D1E0003C809248FBF72EFD9048FBF72BFD4FF05B
:10D1F000000830238D480EA9CDE90E38FBF7B8FDA5
:10D200004FF0600C40F20D13CDE912C3042312A9B4
:10D210001693CDF85080FCF72BFC96F83C30CDF8F7
:10D220004C80012B23D033681A6A22F480521A6290
:10D230001A6AD3F804C0D969129821F4E64141EA88
:10D240000021149822F4005242EA003279488342C5
:10D2500002BF17982CF4804C4CEA801CC3F804C021
:10D26000D961139919641A62002386F83C3096F844
:10D270003D30012B02D16D48FBF70AFD6B48FBF7EF
:10D2800025FC96F84130012B1DD1022386F8413050
:10D290003368DA6842F01002DA601A6A22F48052C7
:10D2A0001A621A6A42F480521A62624A934240F049
:10D2B000A6805A6C42F400425A649A6802F007024F
:10D2C000062A40F0A9800F211E20FBF7BFF94FF07E
:10D2D0008042062064214CF6CC46574B1A60574BCF
:10D2E000574AC2E9003091601E6045F255561E60F3
:10D2F00058609960534912680868D368002B40F061
:10D30000B1804AF6AA231360B1E013685B1A022BBE
:10D310007FF645AD72E5136823F0070343F002037F
:10D320001360136803F00703022B3FF46DAD7BE538
:10D3300041F288306368434A23F0030343F0020359
:10D3400063601168636803F00C03082B2ED13E4A1A
:10D35000136803F00703022B2DD8636812AD43F462
:10D36000E0636360636823F460536360374B03F1E9
:10D3700010062A4618685968083303C2B342154696
:10D38000F7D140F20123ADF83830626802F00C03A7
:10D39000082B1DD02E4B62682E49C2F303128A5C03
:10D3A000D3402D4A1360FBF795FC3DE513685B1AEB
:10D3B0008342C7D938E5136823F0070343F002031B
:10D3C0001360136803F00703022B7FF42DADC4E74D
:10D3D000C2F3834368336B44D20313F8203C0BD56C
:10D3E00062681B49C2F340424B4368326A4412F8F8
:10D3F000302CB3FBF2F3CEE7184A5343CBE7B3F13B
:10D40000804F3FF45AAF164A93423FF456AF02F5AD
:10D41000806293423FF451AF1A6842F001021A60F1
:10D4200051E700BFB42F0020000801406C2F0020FE
:10D4300000080040002C014000E100E00030004006
:10D4400004200020602F0020002002403009010845
:10D4500000127A00A02C01082402002000093D00DF
:10D46000000400400B681B1A302B7FF646AF2A6879
:10D47000AB4B9A4202D0AB498A4204D15B6813F4A9
:10D48000702F40F0878095F82430012B00F08280C7
:10D490000123A54885F82430FAF70EFF002840F054
:10D4A000AA81AB6A2A6823F4706323F0010343F472
:10D4B0008073AB629B4B9A4205D199494B6813F438
:10D4C000702F40F08781AB6A23F48013AB625368FE
:10D4D000580548BFAB6A954942BF23F4405343F413
:10D4E0008053AB62AB6A002013F4805318BFEB6A21
:10D4F00085F8240018BF23F00603EB622B6A9962BB
:10D500006FF002011160916841F48071916093F8AD
:10D510002010012931D0012183F8201093F8211027
:10D52000012940F0658102F14C0E022283F821208E
:10D530001A68986310687E4E20F001001060D86B66
:10D540000390186C8140039841601020196848606E
:10D55000586810280BBF8E60C1F808E0C1F80CE0D5
:10D56000CE60DB6A002B00F03B81136843F00E03B2
:10D570001360136843F0010313602B689A6802F488
:10D580006022B2F5602F9A680CBF42F4A00242F408
:10D5900080129A6001254FF020084FF011094026B3
:10D5A0006148FAF773FF6348FAF770FF03F006F873
:10D5B000A369614843F00403A361A36912A903F0BE
:10D5C00004030E930E9BCDE9128915951495FBF774
:10D5D000BFF8CDE9126915951495FBF7B9F88023CA
:10D5E0004FF48002C0F81080066153490A6100BF01
:10D5F00000BF00BF00BF0E6100BF00BF00BF00BF83
:10D60000013BF2D14D48FCF765FB4D4B02251860FC
:10D61000FFF762FBA369112643F00403A361A3692A
:10D62000454803F004030C930C9BA36912A943F033
:10D630000803A361A369012403F008030693069B72
:10D64000CDE9125615941494FBF782F8CDE91246F1
:10D6500015941494FBF77CF805614FF48033802512
:10D660000461036100BF00BF00BF00BF046100BFD1
:10D6700000BF00BF00BF013DF3D13248FCF72AFBD9
:10D68000314B1860FCF768FB02F004FF78222F4949
:10D690002F4803F028F9FDF7F7FF2E4B18702846A6
:10D6A000FDF7CCFC02F0F6FE2B48FCF7BFFC2B4B41
:10D6B00018602B48FCF7BAFC2A4B18602A48FCF784
:10D6C000B5FC2A4B18602A48FCF7B0FC294B1860BF
:10D6D00002F0E0FE284A12AB12F8014B03F8014BAE
:10D6E000002CF9D1254B4FF480720193244B12A9E1
:10D6F000009324482346FCF797FB4FF0500383F335
:10D700001188BFF36F8FBFF34F8F4FF0FF310122AE
:10D710001D4B19601D4B1A601D4B1C603AE000BF89
:10D720000024014000280140B0300020658300083B
:10D730004020002010200020000C01406420002028
:10D7400060200020B0200020AC20002000FC010858
:10D75000382E0020CA290020042D0108142E002094
:10D76000E82C0108682F0020CC2C0108182E00207E
:10D77000B02C01081C2E00202B090108F8240020E1
:10D78000F8200020B9A70008EC2E0020282F002048
:10D79000642F0020314B1A78D2B2129219701B7884
:10D7A0002F4A8DF817309DF8173003F0500313708F
:10D7B00007232C4A13609DF8171009061FD4032B6A
:10D7C00025D04FF0500383F31188BFF36F8FBFF361
:10D7D0004F8FFEE7AB6A43F48013AB624B6877E68A
:10D7E000136823F004031360136843F00A03BFE6D1
:10D7F00083F82000C1E6002385F82430CAE69DF8AE
:10D800001710013B490013608DF81710D3E74FF450
:10D8100040731360129B114A002113704FF0E023F4
:10D820004FF47A70D3F8202D42F47002C3F8202D03
:10D83000D3F8202D42F07042C3F8202D1961996170
:10D840003A68B2FBF0F2013A5A6107221A61064BBC
:10D850001960FAF7C7FCFFF7ABF9FEE700E400E058
:10D86000703100206C310020280200200A4B80B16A
:10D8700020221A610F2300BF013BFCD14023064A3E
:10D8800013610F2300BF013BFCD14FF480031361F0
:10D8900070474FF40012ECE7000C014010B508216E
:10D8A000044604F080000139FFF7E0FF11F0FF01AA
:10D8B0004FEA4404F5D12022044B1A61FFF7F4F932
:10D8C00080F0010000F0010010BD00BF000C01401D
:10D8D00048F2E80358436423C00B584340F23D1319
:10D8E000B0FBF3F0074B5A8E92B242B139B95A8E5F
:10D8F00092B282422FBF08465B8E9BB2C01A024B87
:10D9000018607047382E0020F01F0020002170B5ED
:10D91000FFF7DEFF0123174A52F83310884215DA69
:10D920004FF47A75144A52F83360141D801B684313
:10D93000891B90FBF1F00C3254F8334052F833302D
:10D940001B1B584390FBF5F0204470BD0133322B74
:10D95000E2D14FF47A73EE22A0F5405031385843AB
:10D9600090FBF2F00A22504390FBF3F000F5F570C3
:10D97000EBE700BF9C2401089424010838B5044655
:10D9800078B102F07DFEFFF7C1FF0546204602F0A8
:10D99000BBFD0A23B0FBF3F080B2284420EAE0701C
:10D9A00038BD024B9868C0F38F00ECE7242E0020AE
:10D9B00038B5114C0546608C80B2C0B10020FFF72D
:10D9C000DDFF052300EBC000B0FBF3F020300123A6
:10D9D00003211A4680B202F021FC5DB1608CBDE8E3
:10D9E000384080B2B0FA80F0400902F06DBCFFF719
:10D9F000C5FFECE738BD00BF382E00200021224BC8
:10DA000070B51980214B04461980214B214D1E7899
:10DA1000EEB9FDF75BFD20483346FF22012102F0FD
:10DA2000B5FB0120FFF7C4FF54B1022002F04CFC0B
:10DA300028680021FDF7EAFABDE8704002F0AEBCAC
:10DA40002346FF220121144802F0A0FBF0E72868DA
:10DA5000FDF7DCFA02F0A2FC7CB1022002F034FCFB
:10DA60000120FFF7A5FF0023FF2201210A4802F051
:10DA70008DFBBDE87040FDF729BD2346FF22012143
:10DA8000054802F083FBEBE7362E0020342E002001
:10DA90000D2E00205C250020450A01082DE9F047E5
:10DAA000DFF88081044698F800704FF00009002FDD
:10DAB0000CBF32234FF0FF335B4E5C4D01203380AF
:10DAC000A5F80090FFF774FF002C40D04F450CBF25
:10DAD00022233223FF22338001214B465448A5F8EC
:10DAE000009002F053FB98F800300024002B0CBF8C
:10DAF00000274327DFF83C913780D9F800002C80BD
:10DB0000B0F57A7F73D32346FF2221464A4802F0BC
:10DB10003DFB0A23D9F800002246B0FBF3F00321B5
:10DB2000012380B202F07AFB0023FF22194643480A
:10DB300002F02CFB082337802B80FDF725FABDE887
:10DB4000F0470023FF2219463D4802F01FBB3D4A23
:10DB5000538A9BB25BB313899BB243B3A7420CBFFA
:10DB600020232F232C803380FBF760FC364A374B71
:10DB70001168374A1B68126891422CBFC3EB01033E
:10DB8000C3EB02031844334B984220D94EF660236E
:10DB9000B0FBF3F0013001232246022180B202F0F3
:10DBA0003DFB2346FF2221462B4802F0EFFA002FCF
:10DBB0000CBF20232F23338008232B80FDF7E0FCAC
:10DBC0000023264C0222194654F8200089E74FF41E
:10DBD0007A73B0FBF3F0013001232246022180B2B8
:10DBE00002F01CFB2346FF2221461D48DDE74FF0D3
:10DBF0000A08B0FBF8F001232246022180B202F0AD
:10DC00000DFB2346FF222146164802F0BFFAD9F841
:10DC100000002246B0FBF8F308FB1300012319466D
:10DC20007FE700BF0D2E0020362E0020342E00206E
:10DC3000410901085C250020450A0108290901085D
:10DC400045090108382E0020D42E0020642F002022
:10DC5000D82E0020B882010043090108FC330108D6
:10DC6000550A01081C09010810B547F6FF70FFF7B7
:10DC70004DFE0446002002F047FC0A23B0FBF3F0FF
:10DC800080B22044013810BD2DE99F480020FDF7E7
:10DC9000D5F900232024DFF8F4917D4DC9F8003038
:10DCA0007C4B1A687C4B1A600520FBF771FB012046
:10DCB000FFF764FEE88D012180B202F053FC013CC5
:10DCC000F2D102F0F3FC88B140F6B737734E744CD2
:10DCD000FBF706FE88B923787BB93368BB420CD8C2
:10DCE00002F0D8FB6420FBF753FBF1E702F0D2FB14
:10DCF0004FF4FA60FBF74CFBE3E7D6F80080DFF85F
:10DD0000A4A1694F4FF4FA60FBF742FB002800F032
:10DD1000B4800120FFF732FED9F800408346002C82
:10DD200040F3A680B4F5E17FA8BF4FF4E174FFF79C
:10DD30009BFFA04202DAFFF797FF04465B4A336875
:10DD4000116800205B1A4FF47A71B1FBF3F133686C
:10DD500003911360564BA4EB0B021B784F2B8CBF27
:10DD600041232D2303FB02F28CBF41230A2302929D
:10DD70000193FDF72FF9DDE902210446A88E80B258
:10DD800058B14FF00A0CA88E80B20CFB00F0844210
:10DD9000C2BFAC8EA4B20CFB04F446485200036828
:10DDA0000A205843A042A8BF2046002B18BF0446B3
:10DDB000019BDAF80000B3FBF1F3C3F164034343C2
:10DDC000642092FBF1F293FBF0F31344A3424DDC89
:10DDD0006442A3424ADB1C4621465846CAF800303A
:10DDE000FBF780FE2B8D9BB2F3B140F6C4116B8D17
:10DDF00032689BB24B4330490868121A934208D2EA
:10DE0000AA8D336892B20B60FA2101FB02332B4AD0
:10DE100013602B8D9BB29C4206DA284A3368126845
:10DE20009A4284BF2C8DA4B247F6DF72244B9B68C4
:10DE3000C3F38F03934288BF00243B78092B34BF80
:10DE400020460020FDF7FAF802F024FB3368A3EB2C
:10DE50000803B3F57A7F7FF655AF3B78D6F800809C
:10DE6000002B3FF44FAF013B3B704BE72346B3E73A
:10DE70000021FBF737FE0024B4E71423114A138076
:10DE8000114B1870114B1870E0E700BF102E0020E6
:10DE9000382E002000300020AC300020642F0020FD
:10DEA0007D250020842500200C2E002088250020C0
:10DEB0007E25002080250020902500208C25002034
:10DEC000242E00203A2F0020372F0020382F00204A
:10DED000002340F21A201A4610B5074911F8014BE9
:10DEE00003FB042201338342F8D1044B18681A6003
:10DEF000801A18BF012010BDB0270020E81F0020A5
:10DF000007B501238DF8070000210DF107027820E5
:10DF1000FEF7A1F903B000BD08B5074B1A7882429D
:10DF200009D018705238C0B2FFF7EAFFBDE80840C8
:10DF30000A20FEF7E1B908BDE61F002038B5B0247D
:10DF40000B4D2046FFF7DCFF1020FFF7D9FF01340F
:10DF50000020FFF7D5FFE4B22A4680234021782035
:10DF6000FEF779F9B42C05F18005EAD138BD00BF80
:10DF7000C127002008B5FFF7ABFF18B1BDE8084086
:10DF8000FFF7DCBF08BD00002DE9F04102F070FB97
:10DF9000054618B900252846BDE8F081DFF89080D5
:10DFA0000021B8F82E0080B202F0DCFA214B1B6889
:10DFB000B3F5FA6FEED9B8F80A20B8F80C3092B27F
:10DFC00082B302325343DBB28342E3D900241A4BBB
:10DFD0001A4F1C60FCF73EF8B8F82030184E9BB280
:10DFE0003C80348003B32346FF222146154802F0CB
:10DFF000CDF80823FF2221461348338023463C8076
:10E0000002F0C4F8FCF7C0FF2346FF2221460F4868
:10E0100002F0BCF8FFF7AEFF3220FEF76DF9FEF715
:10E0200079FDB8E75A23CFE7FF2201210848EFE73F
:10E03000382E0020642F0020102E0020362E0020C5
:10E04000342E0020751F0108831F010845090108AF
:10E050006D1F01082DE9F047FFF796FF002840F0FB
:10E06000BA805E4F5E4E7A695E4D002A59D03060AC
:10E07000688C80B2002871D00020FFF77FFC052358
:10E0800000EBC000B0FBF3F02030B5F82080DFF8E3
:10E0900058A11FFA88F8DFF8549184B2B8F1000F44
:10E0A00063D04FF00008FBF7D5FF4346FF224146FF
:10E0B0004F48AAF80080A9F8008002F067F808230A
:10E0C000FF2241464B48A9F800304346AAF8008099
:10E0D00002F05CF8012342460321204602F09EF83C
:10E0E0006B8C9BB2002B3CD04346FF2241464248FA
:10E0F00002F04CF80023FF221946404802F046F88F
:10E10000FCF742FF0023FF2219463D4802F03EF88B
:10E11000FFF730FFFBF7A2F9002840D17868BDE88F
:10E12000F0876B8C9BB283B1E988AB8889B29BB2D4
:10E130008B4228BF0B461F2BC1BF0922203B03EB9C
:10E140008303B3FBF2F2326092E7EA88AB8892B2C3
:10E150009BB2934228BF1346336089E7FFF70EFC5A
:10E1600093E7FF2219462748C2E7FBF773FF4346B0
:10E17000FF2201212448AAF80080A9F8008002F0BB
:10E1800005F8012320461A46032102F047F8688C5F
:10E1900080B2B0FA80F0400902F096F8B8E76B8BD5
:10E1A0009BB263B1194B196849B1194B1A686B8B53
:10E1B000521A4EF660219BB24B439A4209D8FBF7A4
:10E1C0008BFA082805D07B69002B0CBF03200E209A
:10E1D000A5E7002333600020A1E700BFB42E002094
:10E1E000102E0020382E0020362E0020342E002045
:10E1F0008E1F01089B1F010847090108450A0108F5
:10E20000450901089809010849090108D82E00208C
:10E21000642F00202DE9F04F8BB0FBF71BFFFBF7BD
:10E220005BFA0446002800F0A2800120FFF774FE8C
:10E23000A74B1E68082E00F0718100F3CF80052ED9
:10E2400001F0018000F3B180032E00F00D87042E51
:10E25000A04FA14D01F07181012E00F061844FF0BB
:10E26000000B9E4B9B4FC3F800B0F88D594680B20F
:10E2700002F078F95846FFF781FB994BB7F81E90EA
:10E280001D78984E5D450CBF32234FF0FF33DFF809
:10E2900058821FFA89F982463380A8F800B0B9F194
:10E2A000000F00F09C8302F0A7F9002800F06583BE
:10E2B000002D40F058838D4B3822009329462023AF
:10E2C000362002F005F84FF0FF33F88D002180B2C0
:10E2D0004FF00A0B338002F045F90123B0FBFBFA43
:10E2E00081461A4602211FFA8AF001F097FF0023A7
:10E2F000FF2201217E4801F049FF01230BFB1A9008
:10E300001A46194680B201F089FF002D0CBF302358
:10E310005B2333800823A8F800300023FF2219462E
:10E32000744801F033FF6C4D002C00F0C883AB89BA
:10E33000002B00F00F830123042CAB8100F0C98374
:10E3400000F2C0839C4240F0CB8302F055F90028D4
:10E3500040F00083FB8B9BB2002B00F0BF833B8C13
:10E360009BB2B3FA83F35B095B00AB60ECE2FFF7AF
:10E3700005FB31283FF759AF564B5B8A9BB2002B08
:10E380003FF453AF5C495D4A0B6812689B1A4EF626
:10E39000602293427FF649AF0B68594909685B1ABE
:10E3A00093427FF642AF204640E7062E4A4D40F0AA
:10E3B0006086AB89474F13B9B7F854302B834FF4BD
:10E3C0007A7BB7F85630082C9BB2BBFBF3FB02D02C
:10E3D000102C40F075840123AB60BBE20C2E2AD0D8
:10E3E00016DC0A2E00F0C8810B2E40F0B38202F03A
:10E3F0005DF90146002841F039803A4BFF22188030
:10E40000394B188003463F4801F0C0FE0B2628E038
:10E410000D2E01F03C820E2E7FF421AF01222E4BF7
:10E420005A61FFF717FE364B344A1B6812681343D4
:10E4300040F08A8295E2284EB589022D17D00DD87A
:10E440009DB9314F3B782BB121463048FCF7C8F9D4
:10E4500010B13D700123B3810C2602E0032D21D0C1
:10E460000A2630460BB0BDE8F08F0223F3E7284BB5
:10E470001B68002BF0D0012B12D1164BDB8F9BB207
:10E48000012B0DD821462348FCF7AAF90028E3D038
:10E4900003231D20B381FBF721F8FDF783F8DBE7A9
:10E4A0000323D8E7FBF70CFA80B90A4BB3F84030E6
:10E4B0009BB2012B0AD821461748FCF791F9002896
:10E4C000CAD01E20FBF70AF8FDF76CF80423C2E758
:10E4D00020020020382E0020B42E0020102E002014
:10E4E0000D2E0020362E0020342E00202C2D002052
:10E4F0002309010845090108642F0020D82E0020B7
:10E50000D42E00202C1F0108CA290020621E0108F9
:10E51000202E00207C1E0108971E0108DFF8D4B2CF
:10E52000BBF80CA0BAF1000F54D1FBF7C9F90028D1
:10E5300048D0FBF7D5F9002846D142F21072AE4B15
:10E540001B68934294BF4FF000084FF001084FEA58
:10E550004808AA4B93F83421002A38D193F8349014
:10E560000027A74EA74D3B46FF223946A6483780D5
:10E570002F8001F00BFE0823FF223946A3482B8091
:10E580003B465FFA89F9378001F000FE3B46FF22E7
:10E5900039469F4801F0FAFD01233A4602214846D8
:10E5A00001F03CFE3B46FF223946994801F0EEFD62
:10E5B000B8F1000F2AD03B46FF223946954801F0BA
:10E5C000E5FD23E08046C4E74FF00208C1E793F879
:10E5D0003491C5E7BAF10B0F00F2CA808E4A0AF1F6
:10E5E0008043013B52F82350B5F1804F1AD23223B9
:10E5F0004FF00008C5F389225A434346C5F3090585
:10E60000002A43D10AF1010AABF80CA0022C00F059
:10E610009187012C02BFBBF80C300133ABF80C30F2
:10E6200008261EE705F04043B3F1404FEAD11368D6
:10E6300013F400081ED005F04051B1F1805F0AD1FB
:10E640006421C5F34842C5F307235FFA85F84A43BE
:10E6500000254B43D4E70029D4D16420C5F34742B9
:10E66000C5F3072305F07F0588464243434305EB86
:10E670008505C5E76421C5F34742C5F3072305F0C7
:10E680007F054A434B4305EB8505B9E74FF47A71A3
:10E69000B3FBF1F34FF000090393B2FBF1F3584FD2
:10E6A000584EFF224946584804934B46A7F800901D
:10E6B000A6F8009001F06AFD08234A460221504660
:10E6C00033800123A7F8009001F0A8FD4B46FF22FC
:10E6D00049464F4801F05AFD039B63B101234A4666
:10E6E0000221BDF80C0001F099FD4B46FF2249467E
:10E6F0004A4801F04BFD012300220221049801F059
:10E700008DFD0023FF221946454801F03FFD0023FF
:10E71000FF2219463E4801F039FDB8F1000F0AD03A
:10E72000012300220321404601F078FD0023FF224F
:10E7300019463C4843E76427AEB2B5FBF7F5012321
:10E7400042460221A8B201F069FD4346FF2241463C
:10E75000354801F01BFD07FB156043464246022188
:10E7600080B201F05BFD4346FF2241462F4826E779
:10E770000023ABF80C3049E7FBF76CFC2C4BD3F8CB
:10E78000002C2C4B9A425FD110232B4A03F10061DD
:10E7900001F5C031506891F8F54BC45491F8F40B71
:10E7A000516819440233702B4870EFD1102303F1E4
:10E7B000006101F5C031906891F8554CC45491F84E
:10E7C000540C916819440233702B4870EFD1FFF755
:10E7D000D1FBFEF7D5F9FBF73DFC184B1A8B92B233
:10E7E000022A40F0A7800023154A1360154A1360DF
:10E7F000032636E6B42E0020642F0020F8290020DE
:10E80000362E0020342E0020500901085909010835
:10E81000450A0108AB090108CC2900204E0901086E
:10E8200045090108290901081C0901085F090108B7
:10E830000080010855AA0DF0DC2E0020382E0020A3
:10E84000D42E0020D82E0020A74A1378AA2BC2D19C
:10E85000DFF89882B8F84A309BB2002BBBD05378CF
:10E8600001260393FBF7F6FBDFF88492FAF734FFF7
:10E870000028B0D116F8094006EB0907FE2C57D046
:10E88000FF2C27D09CB34FEA540A054654464FF05C
:10E89000600B7B1C0493554525DA049B13F8153057
:10E8A0000135B3FBFBF0602B0BFB103008AB17F806
:10E8B000152000934FF0080300F110008DF8202080
:10E8C00038BF19464FF0010228BF1021C0B201F035
:10E8D000FFFCE0E71023013760220821184600976B
:10E8E00001F0F6FC6024FFF745FB64000134FFF7FC
:10E8F00041FB039B264413B19800FDF7FDFCB8F8DB
:10E900004A309BB2002BB1D040F2FD339E4201DC75
:10E91000002CABD1B8F84A309BB2062B7FF459AF2C
:10E920004FF4C870FDF7E8FC0126FBF793FB9DE769
:10E930000124DCE71A8B92B2012A07D16D4B6E4A93
:10E940001B6813606D4A136001268AE51B8B9BB21E
:10E95000032B01D0002684E50023674A1360674A31
:10E9600013600E267DE5664B38220093594620231E
:10E97000584601F0ADFC3823A7E4BB8B9BB26BB1CA
:10E98000BAF1370F0ADD4FF47A725A4B1B68B3FBAA
:10E99000F2F102FB1133B3F5967F02D30120FFF7AA
:10E9A00007F8002D0CBF062349234FF00009B88853
:10E9B0004A460321338080B20123A8F8009001F079
:10E9C0002DFC484601F03EFD4D450CBF4B46432310
:10E9D00033800823A8F80030FCF7D6FA9DE4002D18
:10E9E0003DD1484B3822294644200093202301F092
:10E9F0006FFC454B38220093294620230C2001F060
:10EA000067FC3580FCF762FD01F0F6FD814618B920
:10EA1000BAF1370F7FF787AC002D33D1382220238E
:10EA200029464420009501F099FC3822A8F80050AE
:10EA30003280B9F1000F3AD1BB8B9BB25BB14FF47E
:10EA40007A722C4B1B68B3FBF2F102FB1133B3F566
:10EA5000967FFFF468AC0020FEF7AAFF63E42B4B1F
:10EA60003822494648460093202301F031FC284BC8
:10EA700038220093494620233A2001F029FC7423D0
:10EA80003380BFE7002520233822294628460095F9
:10EA900001F064FC3580A8F80050B9F1000FCBD02C
:10EAA0001C4B3822009329462023284604E01A4BA9
:10EAB000294600933620202301F00AFC33E4012389
:10EAC000AB8147E7082C7FF445AF0323AB600526F5
:10EAD000C7E40222114B9A600726C2E4022344E4F1
:10EAE0000426AB60BDE400BF008C0108382E002076
:10EAF000018C0108642F0020D42E0020D82E002085
:10EB00001A3301084C2C00206C2B00203A320108EB
:10EB10005A3101087A3001082C2D0020B42E002033
:10EB200000236B61EB89DFF80C82002B46D07B8CD5
:10EB30009BB2002B3FD03B8E9BB21F2BC1BF092243
:10EB4000203B03EB8303B3FBF2F3D8BF0023C8F8E9
:10EB500000300020D8F80060FEF710FF361A0A36A1
:10EB6000142E32D82B8B33B9734B1B6803F24D1321
:10EB70002B6101232B832B690BB16F4B1B683B8CE3
:10EB8000E8899BB2003818BF012003B3FEF786FF67
:10EB9000FE8BB6B226B13E8CB6B2003E18BF01263F
:10EBA000FFF7F2F9B0B1644B86F001061A68634BC7
:10EBB0001A60AE60CEE63B8E9BB2C8E77B8C9BB200
:10EBC0000BB1BB88B8E7BB88F6E70023D2E7FEF7B6
:10EBD00015FFDDE7FAF742FC064600287FF408AE91
:10EBE000574B1A78082A06D918700123C8F8000074
:10EBF000AB60092635E4AB89012B32D9202C10D12A
:10EC0000032B214609D14F48FBF7EAFD00283FF4CA
:10EC10009BAE0123EE61AB8196E64B48FBF7E0FD2E
:10EC200092E6EB6923B1444A1268934208D8E8613E
:10EC30004CB1042C0AD0404B1B6803F57A73EB618E
:10EC400021464248EAE70323EB607DE63B8E9BB218
:10EC5000002BF0D0FB8C9BB2012BECD10123EB817C
:10EC600072E6FA8B92B222B13E8CB6B2003E18BF69
:10EC70000126042C1DD004D8002C7FF42AAFEC60B0
:10EC800062E6102C11D0202C0FD1FA8C92B2002AFF
:10EC90003FF45AAE21468BB92B48FBF7A1FD002863
:10ECA0003FF452AE0223AB814EE686F00106F6B287
:10ECB0007FE73B8E9BB2002BD0D145E62148ADE7E4
:10ECC000788C80B2D8B10020FEF758FE052300EB07
:10ECD000C000B0FBF3F020302B691FFA80F813B9A5
:10ECE000154B1B682B61688B2A8B60B94245A5F8D0
:10ECF0001A8007D821461648FBF772FD2AE6FEF770
:10ED00003DFEE9E74046DFF830A02969DAF8003037
:10ED10008242A3EB01034FF47A71B3FBF1F39CB28F
:10ED200018D9424540F2DA80A2EB08004142414145
:10ED300015E000BF102E0020642F0020D42E0020EC
:10ED40000C2E0020B61E0108AE1E0108C01E0108D0
:10ED50000A150108E8D2424534BF00210121EB89A0
:10ED60009C4219D3C1B1DAF80000A9892861B7F82B
:10ED70005200013189B280B28142A9816A8340F296
:10ED8000AF804FF47A7BB7F86C20002392B2BBFBC4
:10ED9000F2FBEB812B830024B7F85230AA899BB297
:10EDA0009A420BD90020FEF7E9FD362806DC6B6994
:10EDB00023B9DAF8003003F24D136B616A8BB5F8B2
:10EDC00018904A4580F0D080DAF8003029685B1A44
:10EDD000B3FBFBF313449BB2994528BF9946388C8B
:10EDE00080B2002800F02381AB894FF0000B039321
:10EDF000EB89AC4A0493AC4B03211B784046002BB3
:10EE000005930CBF302300231380A84B5A46A3F868
:10EE100000B0012301F002FA5B46FF225946A448E4
:10EE200001F0B4F901235A460321484601F0F6F9EE
:10EE30007B8C9BB2002B00F0A8805B46FF225946DA
:10EE40009C4801F0A3F9039BA3B1B7F85230039A91
:10EE50009BB29A420ED8059B924A002B0CBF2423EA
:10EE6000372313800022914B03981A8001231946FF
:10EE700001F0D4F9059B8B4A002B0CBF2A230023F9
:10EE800013801023894A1380039B002B40F081805C
:10EE90000023FF221946884801F078F90020FEF788
:10EEA000FDFD7B8C854C9BB2002B00F0C380B9F13B
:10EEB0001F0FC1BF0923A9F1200909EB8909B9FB7B
:10EEC000F3F3D8BF00232360FFF75EF8002800F0BB
:10EED000B480DAF800207A4B1A603BE501213EE766
:10EEE000032933D00BD8012914D0022927D04FF49D
:10EEF0007A7110464B43121A93FBF2F31CE004297B
:10EF00002BD00529F3D1B7F86A30B7F868109BB257
:10EF1000EB8105E0B7F85A30B7F858109BB2EB8197
:10EF20004FF47A7089B28A4200FB03F329830846C2
:10EF3000E1D2891A93FBF1F31FFA83FB2BE7B7F8B1
:10EF40005E30B7F85C109BB2EB81E9E7B7F862304E
:10EF5000B7F860109BB2EB81E2E7B7F86630B7F81C
:10EF600064109BB2EB81DBE77FF639AFDAF8003053
:10EF700029685B1AB3FBFBF3D31A9BB299453FF6A2
:10EF80002EAF9A4228BF994629E7FF2219464D48DD
:10EF900057E7B7F85230039A9BB29A423FF678AFE0
:10EFA0004FF03C080123B4FBF8FB194600221FFA7E
:10EFB0008BF001F033F90023FF221946424801F09B
:10EFC000E5F8002308FB1B401A46022180B201F03D
:10EFD00025F90023FF221946354801F0D7F8049B94
:10EFE00002339C4208D34FF47A72DAF80030B3FB54
:10EFF000F2F3DB073FF552AF4FF03C08049B0022D1
:10F00000B3FBF8F401232046194601F007F9002369
:10F01000FF2219462C4801F0B9F8049B022108FB95
:10F020001430002380B21A4601F0F8F836E7FEF7F4
:10F03000E5FC36E7C4F8009046E76B6923B1DAF8DF
:10F04000002093427FF686AC204B1A78082A03D919
:10F05000002222601A70CCE5AB89002B3FF401AA94
:10F06000B7F85230FFF7FDB90BB0BDE8F04FFEF72F
:10F07000F1BF0022114B1A60AB892BB90CB90123E7
:10F08000AB810023EB8129E0042C00F0B78021D86C
:10F09000012C0F4B00F0BF80022CF2D15B8F5B4242
:10F0A0001BB21CE0362E00200D2E0020342E002036
:10F0B00061090108470901080A150108102E0020FE
:10F0C000D42E002098090108630901080C2E0020A5
:10F0D000382E0020082C7ED0102C75D00023EA8911
:10F0E000B14CC82A88BFC822E18E88BFEA815A4243
:10F0F00089B212B2002918BF1346DBB1A28883EA95
:10F10000E371A1EBE37113441BB20AB293FBF2F378
:10F110005943638C09B29BB2002B7ED0322940F256
:10F120005233B8BF32219942A8BF1946002089B294
:10F13000FAF7C0F908239D4A13809D4A13809D4B1E
:10F14000E08E1E7880B2002E70D13346FF2201215E
:10F15000994FDFF868C298420CBF6046384601F00C
:10F1600015F80023FF220121954801F00FF8012333
:10F17000A0881A46032180B201F050F8608C80B25A
:10F18000B0FA80F0400901F09FF88D480023FF227B
:10F19000012100F0FBFFE08E80B2002E4DD1FF2256
:10F1A00001213346854C844E98420CBF30462046A0
:10F1B00000F0ECFF834B844A1B6812689B1A40F6F0
:10F1C000B83293427FF688ACFCF7ECF901236E6805
:10F1D000AB60FFF746B97B49EA892B690868D31A07
:10F1E0000344B3F5967F7FF679AF6F4B1B8F5B427D
:10F1F000096821321BB22961EA8170E77149EA8905
:10F200002B690868D31A0344B3F5967F7FF666AF7F
:10F21000654B1B8FECE75B8F42E70A29B8BF0A21D9
:10F22000B1F5E17FA8BF4FF4E1717FE70023FF2232
:10F230000121624FDFF880C18DE70023FF22012109
:10F240005D4C5E4EB0E70025584F594EDFF87C917B
:10F250002B46FF2229465E4899F80C803D80358078
:10F2600000F094FF3D8008275A482B46FF2229468C
:10F2700050F82800378000F089FFB84500F08B80F7
:10F280001DD8B8F1040F5ED010D8B8F1020F46D0E7
:10F29000B8F1030F4ED0B8F1010F35D0022C40F079
:10F2A000D9800423C9F80830FFF754BBB8F1060F22
:10F2B00053D0B8F1070F49D1FEF7D6FC49E0B8F1B9
:10F2C0000C0F00F0BD800FD8B8F10A0F00F09B8042
:10F2D000B8F10B0F40F08E803F4B01219868C0F3CE
:10F2E0008F00FEF7F5FA8AE0B8F10E0F00F0AB8060
:10F2F000B8F10F0F00F0AC80B8F10D0FCED1374B45
:10F300001868F9F727FE4BE0354BD3F8E857D3F8E8
:10F31000EC0700F073FF284600F070FFBEE7314BAA
:10F32000FF221E6829462B462F4850F8260000F081
:10F330002DFFB3E7FCF724F92B4629462B4DFF227E
:10F3400055F82000F3E7FBF71FFEA7E72846FEF776
:10F3500015FB01232A4606211BE0284601F0D4F8BC
:10F360000A26B0FBF6F001232A46414680B200F09F
:10F3700055FF2B46FF2229461D4800F007FF28466F
:10F3800001F0C2F8B0FBF6F303FB160001232A4696
:10F39000194680B251E00B4B18686423B0FBF3F0C0
:10F3A000012300220821F4E7382E0020362E002009
:10F3B000342E00200D2E0020410901084E090108BD
:10F3C000450A0108642F0020D42E0020B42E00200E
:10F3D0006509010830340108242E00201C2E00206D
:10F3E00000F0FF1F202E00200C340108FC33010820
:10F3F0001C090108C34B18686423B0FBF3F0012318
:10F400002A463946C5E701F01FF9B0FBF8F00123A1
:10F410002A460621C0B200F001FF2B46FF222946F2
:10F42000B94800F0B3FE01F00FF9B0FBF8F303FBAD
:10F43000180001232A461946C0B200F0EFFE2DE75E
:10F44000B24B588EDBE7B24B1868F9F783FDD6E76D
:10F45000B04BF9E7012C7FF43AABB9F80C3001332B
:10F4600003F00F03A9F80C30FFF731BB01F0C4F82B
:10F47000064600287EF4F0AFFEF780FA05463046D7
:10F4800001F042F80A23B0FBF3F080B22D1A002DF0
:10F49000B8BF6D42092D3EF7DFAF9F4DAB890F2BF3
:10F4A00031D89E4C69692268521A642A09D901F040
:10F4B000E7F82B69226803442B61AB896A61013349
:10F4C000AB810024964F974EFF2221469648C3F306
:10F4D000870523463C80348000F058FE0823FF2235
:10F4E00033802146234688483C8000F04FFEE3B23B
:10F4F000AB42BEF48BAF0023FF221946824800F0D6
:10F5000045FE0134F3E728690121C0F30F10FEF72F
:10F51000DFF981B21720F9F7CDFF21468348FBF7C9
:10F520005FF900283EF472AF00212420F9F7C2FFF2
:10F53000FCF738F80D26FEF794BFE989AB8900295E
:10F5400040F0BA807A4A079214217A48DFF8CC81D9
:10F55000D0F800C040F6B730ADF81A304B43D8F8B9
:10F56000001002EB0309A1EB0C01814240F2AB80D9
:10F57000D15C002900F0A780012169836E48D35C2B
:10F58000D8F8001000EB4303B3F85230A1F6B831BD
:10F5900000F59E70A1EB0C011844FBF73BF92B8B97
:10F5A00023B980210798F9F72AFF28836B8B002B5A
:10F5B0006ED14FF02009BDF81A100798013189B2B9
:10F5C000F9F71DFF1421B5F818B0BDF81A20B9FBE2
:10F5D000FBF9079B824601FB0233187CB9F1010F4E
:10F5E000B8BF4FF00109372800F2AA80F9F7A8FF49
:10F5F00080F00100C0B2FA22D8F80030B3FBF2F17B
:10F6000002FB11337C2B01D9002841D0BAF1000F45
:10F610000CBF5046AAF1010080B2B9F1200F4FEAA9
:10F62000401018BF0123B0FBFBF018BF03FA09F329
:10F63000C0B20CBF4FF0FF3303F1FF331F288CBF64
:10F640004FF0000903FA00F95FFA89F30122002163
:10F650007F200093082300F081FEC9F30723009365
:10F660000823012219467F2000F078FEC9F30743E2
:10F67000012210217F200093082300F06FFE4FEA43
:10F68000196300930122082318217F2000F066FEF1
:10F6900007AB08930DF11A030993B7F87230042CE5
:10F6A0009BB25CD04ED8012C7AD0022C00F0908016
:10F6B0000023C5E9043349E0204A013952F82320E8
:10F6C0008BB2079240E799F812A0BAF1000F14D05C
:10F6D000194A99F8111002EB4101B1F8BE0002F588
:10F6E0009E72104400F078FD0AEB4A030C4A9B001E
:10F6F000023B138000220B4B1A80D9F80830984740
:10F700004DE700BFD82E00201C090108382E00202C
:10F71000182E0020142E0020B42E0020642F00206C
:10F72000362E0020342E00202C1F0108461E010812
:10F7300088340108D42E0020041301087434010811
:10F74000012058E7082C32D0102C61D02B69C93B1E
:10F75000632B3EF686AEC8232B61FEF782BE43BB09
:10F760002B69D8F800201A446B6903F596739A4206
:10F77000ECD908A8F9F7D2FE1421BDF81A20079B8E
:10F7800001FB0233187C37284FD90023D8F800201A
:10F7900013446B612B6921332B6100232B83D5E745
:10F7A000C3B96B8B002B47D000236B83CEE7002BB4
:10F7B000D6D1D8F800102B696A69194402F59672FF
:10F7C0009142C3D9D8F8002021336A612B6101E04E
:10F7D000002BE6D10324374FDFF8DC806B8B002B46
:10F7E000E2D1EA892B83AC60AB89002A39D114229B
:10F7F00001339BB2AB8102FB0383D3F80890B9F1CC
:10F80000000F3CD1FBF7CEFE02234E46AB609DE7D6
:10F81000EF89022427B9FBF7C5FEAC60FFF79AB861
:10F820000023AC60EB81FEF71CBEF9F789FE0028CF
:10F83000ABD04FF4FA63A9E72B83EB896BB91421A2
:10F84000BDF81A20079B01FB02335B680BB1984798
:10F850007CE70123EB81AB6078E708A8F9F75EFE4F
:10F8600074E71421013292B257F82330EA81013A49
:10F8700001FB02339A6812B90223EA81EBE7DB68E5
:10F88000002B3FF463AF98470028A7D05EE70B4BEF
:10F890001A78082A01D0022A03D100221A70FEF732
:10F8A000BFBE074BB3F84C309BB2002B3EF4D4AD37
:10F8B000FEF7ACBD7434010888340108B02E002076
:10F8C000382E002070B50646094C25682168304660
:10F8D000491BFAF79FFFF9F7FFFE28B9FEF74AFB2D
:10F8E0002820FCF709FDF1E7431E5842584170BD3E
:10F8F000642F002008B5094BB3F84C309BB24BB9CC
:10F900000748FFF7DFFF38B10121BDE80840242098
:10F91000F9F7D0BD0021F8E708BD00BF382E002060
:10F92000E91E01082DE9F84FFAF794FB4FF0190989
:10F93000384E0024384D394FE88D214680B24FF0C3
:10F940000A0BA6F800903C8000F00CFE0123B0FBEF
:10F95000FBFA80461A4602211FFA8AF000F05EFC8C
:10F960002346FF2201212E4800F010FC01220BFB50
:10F970001A801146234680B200F050FC2346FF2235
:10F980000121284800F002FC0823E88D22460321CB
:10F990003B8080B20123348000F040FCF9F79CFEEC
:10F9A000022833D007D801281BD0FEF7E3FA28201D
:10F9B000FCF7A2FCBDE71028F7D8FBF7F3FDFAF738
:10F9C00049FB34803C80F9F787FE01461648FAF778
:10F9D00007FFFEF7CFFABDE8F84F4FF4FA70FDF7D6
:10F9E000AFB8124AE98DB2F8A83089B28B4203D180
:10F9F000B2F8AA30EB85D8E7B2F8AC10EA8D581807
:10FA000092B28242C4BFEB8D5B1AF3E71520F9F77F
:10FA100065FDCAE7362E0020382E0020342E002047
:10FA20002309010875090108461E01080E0000207F
:10FA300008B50F48FFF746FFC8B17822FF210D48EF
:10FA400000F0FCFEFBF720FEFBF7ACFDFAF702FB33
:10FA5000F9F742FE01460848FAF7C2FE08B100F085
:10FA600007FDFEF787FA6420FCF746FCEEE708BDC9
:10FA7000391F0108382E0020581E01082DE9F04FCB
:10FA800087B00290F9F728FE4FF00009B0FA80F82D
:10FA90004C4B4FEA58181A681B6803920593CDF82F
:10FAA0000090009B039A01330093464B4FF4FA7188
:10FAB0001B686FF07F059B1A01936423019A4F46E0
:10FAC0005A43B2FBF1F292B2C2F19604524354434C
:10FAD00041F2883294FBF2F4A4B2E401B4FBF3F4F3
:10FAE000A4B2802C28BF8024029B5FFA84F9A5EB86
:10FAF0000905EDB2002B59D0AA460025AB46A9EB6B
:10FB00000707FFB2304EC4F180023068C119584473
:10FB100000F0D0FE7068C4F18002C119584400F0B2
:10FB2000C9FEB068C4F18002C119584400F0C2FE99
:10FB3000F068C4F18002C119584400F0BBFE234BA9
:10FB4000306859192246504400F0B4FE204B7068CA
:10FB500059192246504400F0ADFE1E4FB0682246AF
:10FB60007919504400F0A6FEF06807F180012246A2
:10FB70002944504400F09EFE009BDB0701D4FEF7B1
:10FB8000F9F90E2105A8F9F7CDFBF9F7A5FD002835
:10FB900008BF48F00108F9F79FFD58B1B8F1000F10
:10FBA00008D000F03FFC07B0BDE8F08FCB46DDF891
:10FBB00008A0A7E7019BB3F5FA7F7FF672AFFEF7C7
:10FBC000D9F9F0E7642F0020DC2E0020A7250020C3
:10FBD00027260020A72600202DE99F4800231D4648
:10FBE000B84ADFF8E4921380B84AB94C1380B94A96
:10FBF000B94E137009F18002626009F58072A2604B
:10FC00008032C4F80090E26070780135FEF778F930
:10FC1000192D06F10306F7D1DFF8C0A20120FEF787
:10FC20007BF9BAF84800DFF8B882C0B200F08AFA6F
:10FC3000BAF8460080B2003818BF012000F098FAE8
:10FC40000023DFF8A0E2A84AA84E9D18A84A9F19F1
:10FC500098183722A74E03EB080103EB0E0C9E19F0
:10FC60001CF802B005F801BB17F802B000F801BBA0
:10FC700016F802B0013A01F801BBF1D23833E02B9B
:10FC8000E1D100F0FDFC002120229B4800F0D6FDD0
:10FC9000BAF81000994F00F0010000F01BFA984BE1
:10FCA000954E9A68D2055EBF0421964A11709B68F2
:10FCB0005B055EBF0822934B1A70934B1B68019340
:10FCC000FEF7A8FA3B680546984212D08E4A0A2BE6
:10FCD0001268C6E9002306D1BAF818309BB2002B8F
:10FCE00034D00123736014220021884800F0A6FD5F
:10FCF0003D60B3680BB3864B03F180022360626002
:10FD000003F5807203F5C073E360A260FEF782FA28
:10FD1000804BB06863608033A360032803F18003E5
:10FD2000C4F80090E36072D012DC012800F00B816F
:10FD3000022800F007810023B360FEF71BF900F0F2
:10FD4000A9FB282101A8F9F7EDFAB9E71D46CAE792
:10FD50000428F0D16C4B4FF000081B680393F9F7AF
:10FD6000BBFCB0FA80F56D0900206B4A6B4B92F832
:10FD700001C192F881E14FEADC1141EA4E0182F8BB
:10FD8000811192F881104FEA4C0C4CEAD11C82F898
:10FD900001C112F801CF490041EADC1182F880105C
:10FDA00093F881114FEA4C0C4CEAD11C82F800C048
:10FDB00093F801C1490041EADC1183F8811193F8FD
:10FDC00081104FEA4C0C4CEAD11C83F801C1013080
:10FDD00013F801CF4900C0B241EADC1180284FEA94
:10FDE0004C0C83F8801083F800C0C0D1F9F774FC84
:10FDF000002808BF45F00105F9F76EFC002800F067
:10FE0000A580002D00F0A28000F00CFB93E73E4B94
:10FE10004FF000081B680293F9F75EFCB0FA80F51A
:10FE20006D0900213C4B3D4A93F881C093F801E0F5
:10FE30004FEACC1040EA5E0093F801E158704FEAB7
:10FE4000CE1040EA5C0093F881C183F881004FEA4C
:10FE5000CC1040EA5E0012F801EF83F801014FEA8E
:10FE6000CE1040EA5C0092F880C083F881014FEA2E
:10FE7000CC1040EA5E0092F800E110704FEACE101C
:10FE800040EA5C0082F8800092F8800101314FEA7C
:10FE9000C01CC9B24CEA5E0C4008802903F1010382
:10FEA00082F800C182F88001BED1F9F715FC002864
:10FEB00008BF45F00105F9F70FFC88B385B300F0E2
:10FEC000B1FA38E7342E0020C1270020362E00205A
:10FED000DC2E00200D2E0020D4010020382E002022
:10FEE0002C2D00209A2F01084C2C0020BA2E01083E
:10FEF0006C2B0020DA2D0108B42E002020020020F7
:10FF000000080140B02E0020642F0020C02E0020E9
:10FF1000A725002041280020C0270020A62500207A
:10FF200018F0010F01D1FEF725F808F101080E21A4
:10FF300002A85FFA88F8F9F7F5F9B8F1200F7FF415
:10FF400070AFF8E60020FFF799FDF4E618F0010F16
:10FF500001D1FEF70FF808F101080E2103A85FFA9E
:10FF600088F8F9F7DFF9B8F1200F7FF4FDAEE2E68B
:10FF700002292DE9F3411D4B04461D4818D11022DA
:10FF80001A700C221B4D02701B780678DA08724337
:10FF900004FB0255184F1949B7F900800095324605
:10FFA000404691F90010464400F092F93E800DE081
:10FFB00079B110250C26012C1D7006700CD10F4B49
:10FFC000B3F9001011B90C491D800A8002B0BDE8D8
:10FFD000F08108250626EEE7F8D9094D094A023CCA
:10FFE000002908BF1546A4B2CEE700BFE51F0020D8
:10FFF000E41F0020E8220108362E0020342E0020C5
:020000040801F1
:10000000FB0B0108870A010810B5037B826830F8F2
:1000100013400A44121B826020F81310013303F0CE
:100020000303037310BD7047704700002DE9F843C8
:100030001F46264B054618680E461446FBF700FF80
:10004000012809D1FCF7FAFD2846FDF727FC40B945
:10005000FCF712FEFCF740FE4FF000084046BDE8FA
:10006000F8833046FDF71AFC0028F1D04FF48002E7
:10007000174B1A610F2200BF013AFCD1FCF7DEFDDD
:1000800045F00100FDF70AFC80460028E0D0104E44
:1000900024B9FCF7F1FDFCF71FFEDFE708254FF060
:1000A0000009FCF701FE013D15F0FF0540EA490992
:1000B000F7D12023012C0CBF204628463361013C98
:1000C000FDF7D4FBA4B207F8019BE1E76020002014
:1000D000000C0140F8B5184F80F001053B78AB42A9
:1000E00029D025BBA020C0263023144CA37520772F
:1000F0002674FDF705FF207CFDF702FFE07CFDF78D
:10010000FFFEA07DFDF7FCFE0A20FCF7F5F80022BB
:100110000B4B3D705A717F225E72DA71FDF70EFF54
:100120000A20FCF7E9F8BDE8F840FDF7D1BEA120B0
:10013000C8261023D9E7F8BD0D2E0020D4010020D9
:10014000B027002010B5094B044693F82E208242B8
:100150000AD083F82E0093F82B00FDF7D1FE20463D
:10016000BDE81040FDF7CCBE10BD00BFD40100209B
:10017000054B5A3893F84020C0B2824203D083F82E
:100180004000FDF7BDBE7047D40100202DE9F041CD
:10019000984603780546012B0F46164601D11F46A7
:1001A00001352878A8B1A6B1F0280AD96B7883B1B7
:1001B000A0F1F004C4EB04200F3B184480B20235D8
:1001C00000E0013542463946013EF6B2FFF7D0FE67
:1001D000E7E7BDE8F08100000023064A1380064AE5
:1001E00013800178FF22012914BF19460130FFF75F
:1001F000CDBF00BF362E0020342E002038B5054676
:100200001C24002225FA04F000F00F0011460230F1
:10021000043CFFF7ADFE231DF3D138BD73B5154681
:10022000002204290092CDF8032014D803292BD1F1
:100230000A22B0FBF2F402FB140202328DF8022013
:10024000A0B20A22B0FBF2F402FB140202328DF8D3
:100250000120A0B21AE00A26B0FBF6F206FB12005B
:1002600092B2B2FBF6F402308DF80500B4FBF6F062
:1002700006FB142206FB1044023202348DF80420DF
:100280008DF8034080B2D3E70229DAD00A22B0FB0E
:10029000F2F402FB140002308DF800002BB16A4624
:1002A0000023122001398B4207DB0023FF2229465D
:1002B0006846FFF76BFF02B070BD1478022CF4D1D2
:1002C00002F8010B0133EEE700220221FFF750BED6
:1002D0002DE9F74F5442A0420C9F019338DD80284E
:1002E00036DC0028B8BF454200EB0204ACBF002555
:1002F000EDB2802CC8BF6FF07F064FF00004CABF7C
:10030000361A1646F6B20029B8BF0731C91005EBF8
:10031000070CA0EB070B019BE000C0B2834217D093
:10032000284604FB02C704FB12B901EB040E0AE0E5
:10033000094B09EB070853F82E3017F801AB0130D1
:1003400003F808A0C0B28642F2D80134E4B2E2E772
:1003500003B0BDE8F08F00BFDC2E0020F0B584189C
:10036000812CA8BF012200259DF814C0DFF828E0E9
:100370000024EEB206EBE1065EF826702744013455
:1003800007F800C0E7B2BA42F6D80135EC00E4B293
:10039000A342EDD1F0BD00BFDC2E00201F232DE9CC
:1003A000F041B0FBF3F41D4B0E201E78FFF78CFFDD
:1003B000FF20C4F10A01F32E8CBF01220D22CBB223
:1003C00001F0070100FA01F1C943C4F1FF2404F56B
:1003D0007F04F2343244DFF848C0E4B2D2B2082BD2
:1003E0008CBFFF20C8B23546C743681CC0B29042DC
:1003F00009D1A34205D0083B13F0FF030CF1040C14
:10040000EDD1BDE8F081DCF8008018F805E007EADE
:100410000E0E08F805E00546E7E700BF362E00207F
:10042000DC2E002008B540F209220449044800F0FF
:100430005AFABDE80840FDF79DBD00BFA725002082
:10044000C127002010B4074B01465C8C00230648EE
:10045000DFF818C0A4B29C4208BF604610BCFF225F
:10046000FFF794BE382E00204709010898090108BB
:10047000BFF34F8F0549064BCA6802F4E06213438D
:10048000CB60BFF34F8F00BFFDE700BF00ED00E082
:100490000400FA054AF6AA22014B1B681A6070474D
:1004A00004200020F8B51E46164B074618680D4676
:1004B0001446FBF7C5FC012809D1FCF7BFFB384601
:1004C000FDF7ECF930B9FCF7D7FBFCF705FC00258C
:1004D0002846F8BD2846FDF7E1F905460028F2D088
:1004E000013E24B9FCF7C8FBFCF7F6FBF0E7FFF789
:1004F000D1FF16F8010FFDF7D1F90028E3D0013C38
:10050000A4B2EEE76020002008B568B100210B46D8
:10051000114A013332F8020BDBB2102B0144F8D13F
:100520000E4889B2FFF770FD0C4B0D499A68002305
:10053000C2F3CE0231F81300904207D2013331F8F2
:10054000130000EB8000400080B208BD0233302B66
:10055000F0D14FF4E170F8E740200020A4310020F2
:100560002035010838B5044689B1114B11481D6882
:10057000E96B2B6C1944C90089B2FFF745FD696C22
:10058000AB6C0D481944C90089B2FFF73DFD094B1A
:100590009868094BC0F38F009B68C3F38F039842A0
:1005A00038BF18468000B0FBF4F080B238BD00BF01
:1005B0001020002094310020843100200122084BBB
:1005C0001A7040F21B12074B1A80074B1B68DA6245
:1005D00040F20D125A6340F682229A62704700BFC1
:1005E000362F0020342F00206C2F0020037F082B93
:1005F00001D1FBF713BB704710B5FDF735FB441F66
:100600000020FDF7BBF9A4B284422CBF00200120DA
:1006100010BD0000084B187860B1084B1B78022B06
:1006200007D9074B1B7823B9064B187880F00100D7
:1006300070470020704700BF7E25002080310020D9
:100640002C02002071310020064BB3F87030DBB271
:10065000013B9BB2022B02D8034AD05C08B9034B82
:1006600018787047382E00201C3501087E250020A0
:10067000024B9868C0F30010704700BF000C0140A7
:1006800008B5084B08481B68D96B1A6C11445A6CA2
:100690009B6C11441944490089B2FFF7B5FC084628
:1006A00008BD00BFB0300020242E002070B5334BB1
:1006B000334A19681068884215D8324E1B6834785E
:1006C00003F5FA73022C304D13602DD8FFF7D8FFD5
:1006D0000021FDF7FDF82D4B45F824000CBB02224C
:1006E00001341A613470FFF795FF012818D1284BA7
:1006F0009A68284BC2F38F029B68C3F38F039A4218
:1007000034BF10214FF40041204A234B2BBF11610D
:1007100019614FF480124FF000432CBF1A6113612E
:1007200070BD4FF40032DBE72B68A86869681A1ABD
:1007300002EBD27201EB62020344C3EB42035B089B
:10074000B3F5966F154A06D9002313703370002253
:10075000134B1A70C7E7C72B05D80121114B19702D
:1007600000231370F3E7B3F5027F05D3B3F5487F99
:100770002CBF50233E23F4E72823F2E7642F002008
:100780003002002080310020743100200008014038
:100790008431002094310020000C01407E2500208F
:1007A0002C02002071310020442230B5194B85B055
:1007B0001A70194A194D5A60194A1A4CDD609A602C
:1007C0000FCB8DE80F0084E80F00174B0322236145
:1007D000164B6361164BA361164BC4E90735002322
:1007E000A363E3632364636484F83421FF22C4E9D0
:1007F0003A3384F8F030E38584F833208C2284F88F
:100800007021012284F872310B4BA3F87A2005B0D5
:1008100030BD00BF602500202D000108A5CB0008D9
:10082000A5040108F8290020819800087DAE000881
:1008300081AD000869AC00080E00002003460244A8
:10084000934200D1704703F8011BF9E770B5002609
:100850000C4C0D4B1D1BB6EBA50F09D1002600F06B
:1008600051F80A4C0A4B1D1BB6EBA50F05D170BD04
:1008700054F8043B98470136EDE754F8043B984799
:100880000136F1E78035010880350108803501081F
:100890008835010810B501390244904201D1002089
:1008A00005E0037811F8014FA34201D0181B10BDD9
:1008B0000130F2E7884210B501EB020402D984420C
:1008C000234607D8431EA14207D011F8012B03F895
:1008D000012FF8E70244824200D110BD13F8011D38
:1008E00002F8011DF7E70A44914200F1FF3300D1FD
:1008F000704710B511F8014B914203F8014FF9D13F
:1009000010BD0000F8B500BFF8BC08BC9E4670479B
:0C091000F8B500BFF8BC08BC9E4670475C
:10091C002E0022002829002F0017001C003200494D
:10092C00444C450002030405060708090A0B0C0D8C
:10093C000E0F101000140021002C003D003E42420E
:10094C001200130022231223100D1D1E001F150C64
:10095C0015100028003F0031002A042E0405272E14
:10096C00080A2723200436070033004755495461F1
:10097C00736B004D4F565461736B00504F5754615D
:10098C00736B005049445461736B002320003E206C
:10099C0000222C312223252C271D19002223312D36
:1009AC0016122C271D19001F0E0C171718171E00D6
:1009BC002D161710002626280A0807043D2000349F
:1009CC002F1F0423300304002726280404050026C7
:1009DC001F28050203001F2009280402003C222FB7
:1009EC003900342F1F04122034392D360004020430
:1009FC0008020B030512030703080505002F231239
:100A0C000028202012121200223233121212002C53
:100A1C00181712121212121212120024181C122081
:100A2C00121200300C171220121200260C3A12204F
:100A3C00121200351C24182110120026162A10122E
:100A4C0012120024181C123310190024181C123313
:100A5C0012120024181C12391212003032123C12DD
:100A6C0012120030321226121212003032122212DE
:100A7C00121200300C1A1A121212003E5149453E45
:100A8C000000427F4000004261514946002141452F
:100A9C004B31001814127F10002745454539003C96
:100AAC004A49493000017109050300364949493664
:100ABC0000064949291E002054545478007F4844AC
:100ACC00443800384444442000384444487F0038BB
:100ADC00545454180000047E05010000000000006E
:100AEC000008080808080008083E080800043E44EE
:100AFC004020003844444438007C0804047800004A
:100B0C00447D40000048545454240000417F400070
:100B1C00007C08040408007C14141408003C4040B9
:100B2C00207C00085454543C002649494932003E6C
:100B3C0041414122007C04780478007F09090906B0
:100B4C00007F4141221C0001017F0101003C40302B
:100B5C00403C007F020C027F007F49494936007EF1
:100B6C000909097E007F08040478000C3040300C21
:100B7C0000444830100C001F2040201F007F040848
:100B8C00107F0000606000000000417F4100007F8A
:100B9C000808087F000036360000003F4038403F10
:100BAC00007F09192946007F40404040003F4040EB
:100BBC00403F007F494949410000004F00000000C0
:100BCC007F102844003E4141413E004424384844B3
:100BDC00002040413F01003E4141497A007F090914
:100BEC000901003E4151215E002010080402000062
:100BFC00F8FE060383C363331EFEF800071F1E3383
:100C0C0031303030181F070000000C0C0EFFFF00B5
:100C1C000000000000003030303F3F30303000002A
:100C2C001C1E07030383C3E3773E1C0030383C3E95
:100C3C0037333130303030000C0E07C3C3C3C3C35D
:100C4C00E77E3C000C1C383030303030391F0E0041
:100C5C00C0E070381C0E07FFFF0000000303030305
:100C6C000303033F3F0303003F7F636363636363DB
:100C7C00E3C383000C1C383030303030381F0F0089
:100C8C00C0F0F8DCCEC7C3C3C38000000F1F3930DF
:100C9C0030303030391F0F00030303030303C3F359
:100CAC003F0F0300000000303C0F03000000000069
:100CBC0000BCFEE7C3C3C3E7FEBC00000F1F393006
:100CCC0030303030391F0F003C7EE7C3C3C3C3C381
:100CDC00E7FEFC000000303030381C0E070300002B
:100CEC000040606060606060E0C000001C3E333318
:100CFC00333333333F3F0000FFFFC060606060E080
:100D0C00C08000003F3F3030303030381F0F0000C3
:100D1C0080C0E06060606060C08000000F1F3830F1
:100D2C00303030301808000080C0E0606060E0C0F7
:100D3C00FFFF00000F1F3830303030303F3F0000D5
:100D4C0080C0E06060606060C08000000F1F3B33BB
:100D5C003333333313010000C0C0FCFEC7C3C303DD
:100D6C000000000000003F3F0000000000000000F9
:100D7C000000000000000000000000000000000067
:100D8C0000000000000000000080808080808080D7
:100D9C0080000000000101010101010101000000BF
:100DAC0000808080F0F08080800000000001010154
:100DBC000F0F0101010000006060FEFE606060002A
:100DCC000000000000001F3F3030303000000000F9
:100DDC0080C0E060606060E0C08000000F1F3830B1
:100DEC00303030381F0F0000C0E060606060604041
:100DFC00000000001133333333333F1E000000007A
:100E0C0000E0E060606060E0C0800000003F3F00F8
:100E1C00000000003F3F000000000060ECEC000010
:100E2C0000000000000030303F3F30300000000078
:100E3C0000E0E0C060606060E0C00000003F3F0088
:100E4C00000000000000000000000003FFFF000095
:100E5C0000000000000030303F3F30300000000048
:100E6C00E0C0E0E0C0C0E0E0C08000003F3F000018
:100E7C003F3F00003F3F0000E0E0000000000000AA
:100E8C00E0E000000F1F3830303030183F3F0000DA
:100E9C00E0E06060606060E0C0800000FFFF0C1864
:100EAC001818181C0F07000080C0E06060606060BC
:100EBC00E0E0000003C7CECCCCCCCCE67F3F0000FA
:100ECC00FFFFC0606060E0C0800000003F3F00009A
:100EDC000000003F3F0000000060606060606060E8
:100EEC006060000000060606060606060606000000
:100EFC003C7EE7C3C3C3C3C78E0C00000C1C383048
:100F0C00303030391F0F0000E0E00000E0E000005E
:100F1C00E0E00000071F381C0F0F1C381F070000F3
:100F2C000060E080000080E060000000000081E7CD
:100F3C007E1E07010000000060E0800000000080C1
:100F4C00E06000000001071E38381E070100000099
:100F5C000000010107FEFCF0000000000000202052
:100F6C00381F0F03000000000000F0FCFE07010119
:100F7C00000000000000030F1F38202000000000BC
:100F8C00FFFF03030303070EFCF000003F3F30306C
:100F9C003030381C0F030000F0FC0E07030303076E
:100FAC000E0C0000030F1C38303030381C0C0000C5
:100FBC0000000000FFFF0000000000000000000027
:100FCC003F3F000000000000FFFF8383838383C743
:100FDC00FE7C00003F3F010103070F1D383000006D
:100FEC0000FFFF0080C0E06000000000003F3F03F6
:100FFC00070F1C3830000000FFFF0000000000004D
:10100C00000000003F3F30303030303030300000D6
:10101C00FFFFC3C3C3C3C3C3030300003F3F0000B0
:10102C0000000000000000000000000000000000B4
:10103C0000000000000000383838000000000000FC
:10104C00F0FC0E070303070EFCF00000030F1C3826
:10105C003030381C0F03000060E0C0800080C0E01E
:10106C006000000030381D0F070F1D3830000000E5
:10107C00FFFF000080800000FFFF00003F3F1C06C8
:10108C000303061C3F3F0000073FF8C00000C0F8F8
:10109C003F0700000000010F3E3E0F010000000062
:1010AC0000030303FFFF0303030000000000000024
:1010BC003F3F000000000000FFFF8383838383C752
:1010CC00FE7C00003F3F0101010101010000000016
:1010DC00FFFFC3C3C3C3C3C3030300003F3F303090
:1010EC00303030303030000000003C3C00003C3CE4
:1010FC0000000000000000000000000000000000E4
:10110C000000007CFFFF7C000000000000000000DD
:10111C003333000000000000FFFFC0E0F0381C0E6D
:10112C00070300003F3F000103070E1C383000008E
:10113C0000000303FFFF0303000000000000303039
:10114C003F3F3030000000000000E0FC1F1FFCE0BF
:10115C0000000000383F0706060606073F3800006F
:10116C00000000000000000000000000000000B8BB
:10117C00F87800000000000000001E3F33333F1ED3
:10118C000000000000000000000000000000000053
:10119C0003030303C3E3331F0F030000303C3E3350
:1011AC003130303030300000FFFF0E38F0C000001E
:1011BC00FFFF00003F3F00000003071C3F3F000003
:1011CC00FFFF1E78E0E0781EFFFF00003F3F0000AD
:1011DC00010100003F3F0000FFFFC3C3C3C3E7FE94
:1011EC00BC0000003F3F3030303030391F0F000062
:1011FC006060606060E0E0602000000030383C36E9
:10120C003331303030000000000000000060ECECA6
:10121C0000000000000060E0C0C0FF7F0000000084
:10122C000000007070700000000000000000001C46
:10123C001C1C0000000000000000B8FCC6E23E1CB4
:10124C0000000000001F3F3121371E1C3622000019
:10125C0080C0E06060606060E0E00000070F1C1878
:10126C001818180CFFFF0000030F3CF0C0C0F03C36
:10127C000F030000000000003F3F000000000000D2
:10128C00FFFF000000000000FFFF0000071F3830C8
:10129C00303030381F070000F0FC0E070303070E38
:1012AC00FCF00000030F1C3830363E1C3F330000AE
:1012BC000000000000000000FFFF00000E1E383090
:1012CC00303030381F0700001C1E070383C3E37740
:1012DC003E1C00000000000037370000000000003A
:1012EC0000C0E0F0381C0E070300000000000103F2
:1012FC00070E1C3830000000060A180A220A3C0AA5
:10130C00570A6E0A760A800A8A0A9A0AA90AEC0A0D
:10131C00F90A2D0B350B430BCA00CA004E0B5B0BA5
:10132C00620BCA005D038D0B8F0B910B930B950B0E
:10133C00910B970B5D03990B950B5E096B09760965
:10134C0080098B099609A109A909AF0900006F0052
:10135C006100CC0025017601A6011F026402A702E0
:10136C006100610061006100610061006100610069
:10137C0061006100610061006100610021035F0395
:10138C009003DA03610061001B0447048804C6045F
:10139C0005054C058A05D30500063406600696063D
:1013AC00E206610035077107E10724086008A6080A
:1013BC00DF08610030096200BA00CA001A016E0130
:1013CC009B010D02520296020B03CA00CA00CA000E
:1013DC00CA00CA00CA00CA00CA00CA00CA00CA00B1
:1013EC00CA00CA00CA004C038503CC030A04CA0015
:1013FC00CA0036047404B404F5043E057C05C70524
:10140C00F505220652068306CD061E07CA0065079F
:10141C00C6070C0854089408CA08FD0816094B099D
:10142C0061006100610061006100B809C709DA0957
:10143C00E509F409221015120E1D151611111225AD
:10144C00161B150C1F10121516121E1A102510182B
:10145C0015120D0C1515101A24121625101A0F1929
:10146C00170E200C1A1F10122728292103023326CD
:10147C0012272221052F0533121E101A120E101BD3
:10148C001B3C120F19170C0D1B101235322B121B93
:10149C00191C19152600221625101B0119161D1BC7
:1014AC000E1000401918191C1D1C120C1B1B1623A6
:1014BC00100F1225161B150C1F10121E101A120DD0
:1014CC000C1515101A24120E101B1B122705224482
:1014DC001205121312052F0933122A1206130822B1
:1014EC004412042F06121312052F09332600261856
:1014FC001718211D21012A161A150C1E10000100A7
:10150C0035281218101F1615190C15191618121546
:10151C00191C10161D15121918120302021C171291
:10152C001715101E171211161A120E161C1E0C155A
:10153C00190D191B19152412231915201217161C15
:10154C0010124929120E200C1A1F101A17002223F0
:10155C000115182110161D15003F16122824180C01
:10156C001C190E120F19170C0D1B10171236352BD8
:10157C001245123535223C12220C1110121C160F7A
:10158C0010120F16101712181615121D1710121E06
:10159C000C0F0F19181F121A10171917150C180EFB
:1015AC00100022230126160F100034191E121510DC
:1015BC001C1E101A0C151D1A10121D17100F1219C3
:1015CC001812370D16161715121C160F1037002788
:1015DC0016161915011510211C00222120100C15AE
:1015EC001215161217161B0F101A19181F12151098
:1015FC001C1E122A123E2117150C180F0D24120C4A
:10160C001512171B10101E1215101C1E121D18156A
:10161C00191B121C1625100F122A122B2117150C30
:10162C00180F0D241223191520161D151220100C3D
:10163C001519181F121D1815191B121C1625100F21
:10164C00001F150C1B15131D1C010D10290C2A183D
:10165C00161B0034101C1E101A0C151D1A10130E1C
:10166C00200C181F101319180E1A101C1018151214
:10167C001618121720161A15120D1D1515161812FC
:10168C001E1A101717002410211C120E290C171EDD
:10169C0010011929161B150034101C1E101A0C15DC
:1016AC001D1A10130E200C181F101319180E1A10D7
:1016BC001C101815121618121B16181F120D1D15BA
:1016CC00151618121E1A101717002410211C120EB2
:1016DC00290C171E10011A16171E003220191B1088
:1016EC001217161B0F101A19181F3C1220161B0F5D
:1016FC00120F162318120D161520120D1D15151686
:10170C0018171215161215161F1F1B10121B160E6A
:10171C002C19181F121520101C122741210D1616FA
:10172C001715121C160F101216181B24122A122E23
:10173C0021111D1B1B121B160E2C19181F260028FD
:10174C001A1A1625121A160E3818171E010D1D1509
:10175C00151617190003211B100C1715121710184A
:10176C00171915192510122A122F2F2F122A120BA6
:10177C00211C1617151217101817191519251000FA
:10178C0026161518161701191017191815182A18D6
:10179C00152B0034191E1215101C1E101A0C151DB9
:1017AC001A10122320191B101219181237171B109C
:1017BC00101E121C160F1037001F1A10101C0115CA
:1017CC0010211C003A1815101A250C1B120D1011A3
:1017DC00161A101237171B10101E121C160F10376A
:1017EC001217150C1A15171227172117100E161889
:1017FC000F17122A121C211C19181D151017260060
:10180C001F1A10101C0115182110161D15003A185E
:10181C0015101A250C1B120D1011161A101215206A
:10182C001012191A16181217201D1517120F16233D
:10183C001812271C211C19181D15101726001F29FA
:10184C001D150F1625170115182110161D15002929
:10185C00213D29101B17191D17122A122E213D2E5E
:10186C000C201A101820101915002410211C101B04
:10187C000C151D1B10011D171815002B211A191FF3
:10188C00201513200C180F100F122A122D211B10CB
:10189C00111513200C180F100F122A123B210C1DBE
:1018AC0015161C0C15190E002318191C1A0C2B01DB
:1018BC00161B181017150C15181617002E1B0C17C5
:1018CC00201215101C1E121A100C0F19181F120CB6
:1018DC001512190F1B10122320191B101215191E8B
:1018EC0012191712201615002016161A0F16251786
:1018FC0001111A0C192918171E00220E1A161B1B7F
:10190C0019181F12171E10100F1216111219181178
:10191C0016121510311512272221171B1623122A05
:10192C00122E21110C171526001F0E1B161A1A1831
:10193C00171E01191C10100F002B1025101A171050
:10194C00120C1717191F181C101815121611120D3E
:10195C001D15151618171211161A1215101C1E101B
:10196C001A0C151D1A10120C0F431D17151C1018EC
:10197C0015001F250C1C011412131238102B190002
:10198C002B1025101A1710120C1717191F181C10D2
:10199C001815121611120D1D1515161817121116F1
:1019AC001A122210151519181F17121C10181D00C9
:1019BC001F250C1C012812271238102B1900350C6E
:1019CC000E1012161112190E1618120C18191C0CD6
:1019DC001519161817121918121C10181D12272277
:1019EC0021171B1623122A1240211C100F191D1C23
:1019FC00122A122E21110C17152600281718212E29
:101A0C0001191C10100F002D16161E12190E161887
:101A1C00120C18191C0C1519161817121918121C5F
:101A2C000C1918121C10181D00281718212E011A39
:101A3C0016161C003B0F431D1715121520101230E3
:101A4C002D362812170E1A101018120D1A191F20E5
:101A5C001518101717001F0E1B101017010D1B184F
:101A6C001E291517101919003A1825101A151215D8
:101A7C00201012302D362812170E1A101018120EB4
:101A8C00161B161A17002F172A101B1501190E1BDF
:101A9C0010101700221015120D161615121B161FFA
:101AAC0016120F1D1A0C15191618122717211710BC
:101ABC000E16180F17260027161615121A161E16B4
:101ACC00010F1D1B0C15181617002819171E1B0CBF
:101ADC0024120F10150C191B100F121918111612B5
:101AEC001918120C12171C0C1B1B101A1211161899
:101AFC001512161812190F1B1012170E1A10101897
:101B0C00002310150C181A100F01180F1A101219A7
:101B1C000E1B101017002819171E1B0C24120F1067
:101B2C00150C191B100F1219181116121918120C6A
:101B3C0012171C0C1B1B101A121116181512161842
:101B4C001217161B0F101A19181F12170E1A101035
:101B5C0018002310150C181A100F0119161A0F1053
:101B6C001B12190E1B101017003B25101A0C1F10FE
:101B7C00121C0C31191C1D1C121E1623101A1215C6
:101B8C00201012191A1618120E0C18121D171012FA
:101B9C00273221230C15152600221625101B011A9D
:101BAC001821181500290C1B190D1A0C15101229C7
:101BBC00161B0F124A1D180E151916181229161C71
:101BCC001E1018170C15191618120C1512181031A6
:101BDC0015120D1616151227181615121A10461D69
:101BEC00191A100F1219111228101B150C1234127D
:101BFC001917124C12073D292600200C1A180D1B20
:101C0C000C151012203B20010C151217103A15124E
:101C1C000D1616150022150C1A1512333A3F120E1A
:101C2C000C1B190D1A0C1519161812271B16181F38
:101C3C00121E1A101717121516121031191526002C
:101C4C00200C1A180D1B0C15100118171C1D151241
:101C5C002A161A150C1E10003A18151018171915FB
:101C6C0024121611121E1623101A121611122C10F1
:101C7C00101E130C230C2C10131E1D1B17101227D7
:101C8C003221230C15152600221625101B011C1DB4
:101C9C001A19100028101B0C24120D1011161A10F2
:101CAC00122C10101E130C230C2C10131E1D1B17A2
:101CBC001012191712151A191F1F101A100F1227AC
:101CCC003112042F07172600221625101B121C1D7B
:101CDC001A1910010F101A0C2B003910101E130CAE
:101CEC00230C2C10131E1D1B1710120F1D1A0C1574
:101CFC00191618122731120407021C172600221677
:101D0C0025101B121C1D1A1910010F1D1B0C151868
:101D1C001617002B10171015120C1B1B1217101571
:101D2C001519181F17121516120F10110C1D1B1553
:101D3C000033101915161B10120F10110C1D1A154B
:101D4C00011910151518171E1900340C171E1D0C2F
:101D5C001E10310112362D121212121236171E1AC3
:101D6C001819290022101B100E151215201012150F
:101D7C00191E1215241E101211191515100F001F03
:101D8C00161A0F101B18171E0124181C12242B1CBA
:101D9C0010002310110C1D1A150126160F10002D02
:101DAC001601232B170C21180E001F0C11100126E5
:101DBC00160F1000281D1516011F101719100024DE
:101DCC001F030202013416171E0022181710011FE0
:101DDC0029161B150022241F0104020200241F0ACD
:101DEC000201003B272001200403020022162510CB
:101DFC001B011910151518171E19001F161A0F1094
:101E0C001B18171E011910151518171E19001F1A6B
:101E1C0010101C0121160F10003519101B0118177A
:101E2C0015101B110C0E1000280F2A0C170E100F7A
:101E3C00011910151518171E1900200C1A180D1B56
:101E4C000C15181617010F1617103700012B101749
:101E5C0010151230390020101B150C181712191000
:101E6C00151518171E19010E290C171E100F370007
:101E7C002D16120C0E0E101A101B16211015101BFD
:101E8C00010F1015100E15100F37002D1612351FDF
:101E9C0027132223122F20010F1015100E15100FCF
:101EAC003700012D30293936280001483F2D3029C3
:101EBC003936280001382D302939362838002429A4
:101ECC00101B210C1A01331D170C250C2B0001388B
:101EDC0034191E122220161A15100F380001411049
:101EEC0011161A10121A100D16161519181F3C126D
:101EFC001C0C2C1012171D1A101215191E1245123B
:101F0C00200C180F1B10120C1A10120C15121A168A
:101F1C00161C1215101C1E101A0C151D1A10380048
:101F2C000E0C1A180D1B0C1518171E0100013B1A6C
:101F3C00101224161D12171D1A101224161D12230E
:101F4C000C1815121516121A101715161A10120F46
:101F5C0010110C1D1B15121710151519181F174BE6
:101F6C0000012829122D30320035170F101B2A16AC
:101F7C001A150C1E1001002F171C1D15122C3112D6
:101F8C0001001F1A10101C18171E2E2E2E010024D3
:101F9C00181C311201000147161D1A120F102519B9
:101FAC000E10121917121C161715121B192C101BB8
:101FBC0024120C120E161D1815101A1110191538A2
:101FCC00002D003B00220040002E003E004100008E
:101FDC002D0000000000000079B200080000000095
:101FEC00182C04002E000000F5F8000871AF000852
:101FFC0000000000242D07002F00000025F9000828
:10200C00FD93000800000000382E05003000000091
:10201C0000000000B1B2000800000000122F050003
:10202C00310000000000000089AA0008C5960008D5
:10203C001330070032000000000000009DAA0008C9
:10204C00C5960008143107003300000031FA00086F
:10205C00FD9300080000000038320700000000006B
:10206C0000000000000000000000000038350000F7
:10207C001F0000009196000831A900080000000024
:10208C000F1E0700200000004DB4000861A90008D5
:10209C0000000000061F07002100000000000000E7
:1020AC00F5AE0008000000000C2007002200000024
:1020BC000000000095A90008000000001021070096
:1020CC00230000000000000009AF00080000000021
:1020DC001922070024000000000000001DAF0008BA
:1020EC00000000003723070025000000000000005E
:1020FC0035B200080000000009240700260000008B
:10210C000000000035AF0008B19600080825070054
:10211C0027000000000000009DB400080000000033
:10212C0022260700280000000000000071B40008FF
:10213C00000000002127070029000000000000001B
:10214C0009B3000800000000232806002A00000044
:10215C000000000049AF0008000000000D29070036
:10216C002B000000000000005DAF00080000000024
:10217C000E2A070000000000000000000000000014
:10218C0000000000383500001900000000000000BD
:10219C0079B1000800000000071807001A000000C1
:1021AC001D96000875AA000809960008011905007B
:1021BC001B0000000000000099B1000809960008FF
:1021CC00021A05001C00000000000000FDB1000810
:1021DC00099600080B1B0500000000000000000021
:1021EC000000000000000000383500000600000070
:1021FC00C9950008E1B000080000000016050500B4
:10220C00070000000000000001B100080000000001
:10221C000A06070008000000000000004DAA000894
:10222C00000000001B070600090000000000000071
:10223C0061AA0008000000001A0806000A0000004D
:10224C000000000045B10008000000001109070063
:10225C003500000000000000EDA800083D950008C6
:10226C0036340500000000000000000000000000F3
:10227C0000000000383500000100000000000000E4
:10228C00C5A90008000000000300060002000000C1
:10229C000000000005AA0008B5950008040105001F
:1022AC000400000000000000C5B0000800000000A1
:1022BC00200306000500000000000000A9A800088B
:1022CC0000000000260404000000000000000000D4
:1022DC000000000000000000383500000018242425
:1022EC0018C040404040000000000000003F0202C7
:1022FC000200000000182424188040202020000038
:10230C000000000000070810101000000000203032
:10231C0038FCFEFC3830200000000000007F7F7F7E
:10232C000000000000F0080E020202020E08F0008D
:10233C00003F40404040404040403F0000F0080E0D
:10234C00020202020E08F000003F40505050505064
:10235C0050403F0000F0080E020202020E08F0008E
:10236C00003F40585858585858403F0000F0080E4D
:10237C00020202020E08F000003F405C5C5C5C5CF8
:10238C005C403F0000F0080E020202020E08F00052
:10239C00003F405E5E5E5E5E5E403F0000F0080EF9
:1023AC00020202020E08F000003F405F5F5F5F5FB9
:1023BC005F403F0000F0088E828282828E08F0001F
:1023CC00003F405F5F5F5F5F5F403F0000F008CE03
:1023DC00C2C2C2C2CE08F000003F405F5F5F5F5FC9
:1023EC005F403F0000F008EEE2E2E2E2EE08F000AF
:1023FC00003F405F5F5F5F5F5F403F0000F008EEB3
:10240C00E2F2F2E2EE08F000003F405F5F5F5F5FD8
:10241C005F403F0000F008EEE2FAFAE2EE08F0004E
:10242C00003F405F5F5F5F5F5F403F00000038C46C
:10243C000038C40038C4000000383A39383A39380A
:10244C003A3910100060E0FEE0E0E0E0FEE06000F1
:10245C000000000103FFFF0301000000FC02020268
:10246C0002020282621A02FC3F4042464C5846412C
:10247C004040403FFC02020202020202020202FC45
:10248C003F404040404040404040403FFF14FEA190
:10249C0000000000000000000A0100000A0000001B
:1024AC000A02000014000000020300001E000000DD
:1024BC00F203000028000000DC04000032000000E1
:1024CC00C10500003C000000A10600004600000011
:1024DC007D07000050000000570800005A00000063
:1024EC002F09000064000000060A00006E000000C6
:1024FC00DC0A000078000000B20B00008200000033
:10250C00890C00008C000000620D00009600000099
:10251C003C0E0000A0000000190F0000AA000000F3
:10252C00F80F0000B4000000DA100000BE0000003C
:10253C00C0110000C8000000A9120000D200000069
:10254C0096130000DC00000087140000E600000079
:10255C007C150000F000000076160000FA00000068
:10256C007317000004010000751800000E01000034
:10257C007B19000018010000851A000022010000E0
:10258C00931B00002C010000A41C0000360100006D
:10259C00B91D000040010000D11E00004A010000DE
:1025AC00EB1F000054010000082100005E01000038
:1025BC002622000068010000462300007201000082
:1025CC00672400007C0100008725000086010000C4
:1025DC00A826000090010000C72700009A01000007
:1025EC00E4280000A4010000FE290000AE01000058
:1025FC00152B0000B8010000282C0000C2010000BF
:10260C00352D0000CC0100003B2E0000D60100004F
:10261C003B2F0000E001000031300000EA01000017
:10262C001F310000F4010000000000FC000000005D
:10263C000000000010DC3713010000000000000057
:10264C00FF0000000000000000010000000000007E
:10265C0000000080C0DFC08000000000000000000F
:10266C000000000000000000030735040300000018
:10267C00000000000000000000000000000000FC52
:10268C0000000000000080E0FC7F1F0F070100002D
:10269C00000000007F0000000000020383733F0F66
:1026AC00070100000000000E1FD7130E00000000F1
:1026BC0002010000000000000000000000003F00CC
:1026CC0000000000000000000000000000000000FE
:1026DC0000C0E0EC60C000000080F0FCFFFF7F3F1A
:1026EC001F07030100000103FA020100080E0F8FFF
:1026FC00EFFF7F3F1F0703010000000000FF0000F9
:10270C000000080E0FCFFD3C1C0400000000000070
:10271C0000003F00000000100C030100000000004E
:10272C00000000000000000000000000000000009D
:10273C008060F8FCFC7C1800000000000000000029
:10274C00008060E8E2F87E1F070100000000000036
:10275C0000000000806615070F0701000000000054
:10276C00000000000000201806010000000000001E
:10277C00000000000000000000000000000000004D
:10278C00000000008060F8FCFC7C180000000000D9
:10279C0000000000008060E8E2F87E1F07010000E6
:1027AC000000000000000000806615070F07010004
:1027BC000000000000000000030C201806010000BF
:1027CC0000000000000000000000000000000000FD
:1027DC0000000000000000008060F8FCFC7C180089
:1027EC000000000000000000008060E8E2F87E1F9E
:1027FC000701000000000080C8F00000806615078B
:10280C000F0701000000000000000000030D20185D
:10281C0006010000000000000000000000000000A5
:10282C00000000000000000000000000000000009C
:10283C00000000000000000000000000000000008C
:10284C00000000000000000000000000000000601C
:10285C006060E0E0C000000000000000000000002C
:10286C00000000000C1E1F1B1918000000000000C7
:10287C00000000000000000000000000000000004C
:10288C00000000000000000000000000000000003C
:10289C000000000000081C1C9CDCFCFC3800000044
:1028AC00000000606060E0E0C000183E3F3F3B3934
:1028BC0038100000000000000C1E1F1B191800002F
:1028CC00000000000000000000183C3C3C3CBCFC3C
:1028DC00FCFC780000000000000000000000E0F8A4
:1028EC00FCFEDFCFC7C3C18000081C1C9CDCFCFCB9
:1028FC0038000001030303636363E3E3C100183E84
:10290C003F3F3B3938100000000000000C1E1F1B1D
:10291C0019180000000000000000000000187408E6
:10292C00447C107C10784408483C680874107C087F
:10293C00000060C06080E040E020E00000F804840B
:10294C0004040404F8000000000000000000000073
:10295C000000C3242424242424C3000004030407FB
:10296C00050007020400001F2020202020201F004B
:10297C0000187408447C107C10784408483C6808A3
:10298C0074107C08000060C06080E040E020E00033
:10299C0000F8048404040404F800000000000000A3
:1029AC00000000000000C3242425242424C30000BC
:1029BC0004030407050007020400001F2020202048
:1029CC0020201F0000187408447C107C10784408E8
:1029DC00483C680874107C08000060C06080E040CF
:1029EC00E020E00000F8048404C43404F800000083
:1029FC0000000000000000000000C3242425242453
:102A0C0024C3000004030407050007020400001F90
:102A1C002020202020201F000000FC000000E0F0FF
:102A2C007430E000001000F0000000F0000000FF27
:102A3C000000000001FD0100000000000000030088
:102A4C0003000080BF8000000000FF000000F008C1
:102A5C0004044444444850070F2B09070000003F6E
:102A6C00000000010204040404040201E0F07430CC
:102A7C00E0000000FC00000000F0001000C000307E
:102A8C00000001FD01000000007F000000000000BC
:102A9C000300030002000000FF0000000E1FD7130C
:102AAC000E00F0080404C4040408F000003F000009
:102ABC000000003F000000010204000700040201B6
:102ACC000000FC0000000000FC00000000C0001032
:102ADC0000F000C0000000FF0000000000FF00003C
:102AEC000000000000000300000070F8BB987000AC
:102AFC000080BF800000F008040444241008E000AB
:102B0C00003E000000070F2B09070001020404041B
:102B1C0004040201000000000080C0E0F07078386E
:102B2C00381C1C1C1C1C1C383878F0F0E0F0FC0025
:102B3C00000000000000E0FCFF1F07010000000087
:102B4C00000000000000000202030303030303E083
:102B5C00E0E000000000071F9F98800000000000CC
:102B6C0080808000000000000000000080E0F8FF82
:102B7C003F07000000000E11202020110A040A114A
:102B8C00202020110E00001C1C1E0E0F070301003C
:102B9C0000000000000000000080C0E0F0707838F9
:102BAC00381C1C1C1C1C1C383878F0F0E0F0FC00A5
:102BBC00000000000000E0FCFF1F07010000000007
:102BCC00000000000000000202030303030303E003
:102BDC00E0E000000000070707203038FCFC000094
:102BEC0000000000000000000000000080E0F8FF82
:102BFC003F07000000000000000000003F3F000005
:102C0C00003838383838381C1C1E0E0F07030100EA
:102C1C0000000000000000000080C0E0F070783878
:102C2C00381C1C1C1C1C1C38387870F0E0C0800050
:102C3C00000000000000E0FCFF1F07010000000086
:102C4C00000080C0E0F0F87C3E1E0C0001071FFF66
:102C5C00FCE000000000073FFFF8E0800030787CCB
:102C6C003E1F0F07030100000000000080E0F8FF8A
:102C7C003F07000000000000000103070F0E1E1CA0
:102C8C001C3838383838381C1C1E0E0F070301004E
:102C9C00000000000000000000000000010203041E
:102CAC000607080977090108D9FB0008FFFF000097
:102CBC000000000000020000B802002054020020B6
:102CCC007F09010835C30008000000000000000067
:102CDC00000200001C0B0020B80A00208709010824
:102CEC0085C7000801000000000000000001000082
:102CFC00801300201C1300208F09010889DC0008B8
:102D0C00030000000000000000020000E417002097
:102D1C00801700202B00002B40021578001140007A
:102D2C0012C800134700149C002D11002E01002B1B
:102D3C0012000E10000F03002A1900A01700A108A2
:102D4C0000A26000A30800A40200A56200B47E00EB
:102D5C00B62800B74000B07E00B22800B340000F88
:102D6C000300100D00110000130000200A00218048
:102D7C00001640002C2700A03700A10000A2600024
:102D8C00A30800A40200A56200B47E00B62800B718
:102D9C004000B07E00B22800B34000206700210044
:102DAC0000220000234800240400250000347E008B
:102DBC00362800374000307E0032280033400010A7
:102DCC0008011109010F01002C4000164000000001
:102DDC000000000000000000000000000000006087
:102DEC00E0C08000000000000000000000000000B7
:102DFC000080C0E060000000000000000000000047
:102E0C0000000000000000000000000000008080B6
:102E1C008040C040E000E060E061E367CE1C3870A9
:102E2C00E0C0802070389CCE0743C140C040C040F9
:102E3C00C040A070F0000000000000000000000086
:102E4C00000000000000000000010001020003026D
:102E5C000082C0E270381C0E040103070E1C38718E
:102E6C00E0C1800100010001000102040700000024
:102E7C000000000000000000000000000000000046
:102E8C000000000000000006070301000000000025
:102E9C000000000000000000000103070600000015
:102EAC000000000000000000000000000000000016
:102EBC0000000000804020100804040202020101FE
:102ECC00710101010101010101F101010101010186
:102EDC000101F101010202020404081020408000EB
:102EEC0000000000000000000000F00E01000000D7
:102EFC000000000000000E1FD7130E0000000000A1
:102F0C0000FF00000000000080C0DFC08000000057
:102F1C00000000000000010EF000000000000000A6
:102F2C0000000F7080000000000000000000000096
:102F3C00FF000000000000387C5D4C3800000000F1
:102F4C000307F5040300000000000000000080707F
:102F5C000F00000000000000000000000102040847
:102F6C0010202040404080808F8080808080808036
:102F7C00808F80808080808080808F8080404040E7
:102F8C0020201008040201000000000000000000D6
:102F9C00000000008040201008040402020201011D
:102FAC000101010101010101010101010101010105
:102FBC0001010101010202020404081020408000FA
:102FCC0000000000000000000000F00E01000000F6
:102FDC000010E00000887000008870000000000005
:102FEC0000000000000000000000000000000000D5
:102FFC00000000000000010EF000000000000000C6
:10300C0000000F70800000405E41A060A77000F0CF
:10301C00377030703070307030503050305030501D
:10302C00E000A060A060A060A060A050B8388070E4
:10303C000F00000000000000000000000102040866
:10304C00102020404041808181808180818081805E
:10305C008180818081808180808080808040404020
:10306C0020201809040201000000000000000000EC
:10307C0000000000000000000000000000000060E4
:10308C00E0C0800000000000000000000000000014
:10309C000080C0E0600000000000000000000000A4
:1030AC000000000000000000000000000000808014
:1030BC008040C040E000E060E061E367CE1C387007
:1030CC00E0C0802070389CCE0743C140C040C04057
:1030DC00C040A070F00000000000000000000000E4
:1030EC0000000000000000000001000102000302CB
:1030FC000082C0E270381C0E040103070E1C3871EC
:10310C00E0C1800100010001000102040700000081
:10311C0000000000000000000000000000000000A3
:10312C000000000000000006070301000000000082
:10313C000000000000000000000103070600000072
:10314C000000000000000000000000000000000073
:10315C00000000008040201008040402020201015B
:10316C00710101010101010101F1010101010101E3
:10317C000101F10101020202040408102040800048
:10318C0000000000000000000000F00E0100000034
:10319C000000000000000E1FD7130E0000000000FE
:1031AC0000FF00000000000080C0DFC080000000B5
:1031BC00000000000000010EF00000000000000004
:1031CC0000000F70800000000000000000000000F4
:1031DC00FF000000000000387C5D4C38000000004F
:1031EC000307F504030000000000000000008070DD
:1031FC000F000000000000000000000001020408A5
:10320C0010202040404080808F8080808080808093
:10321C00808F80808080808080808F808040404044
:10322C002020100804020100000000000000000033
:10323C00000000008040201008040402020201017A
:10324C000101010101010101010101010101010162
:10325C000101010101020202040408102040800057
:10326C0000000000000000000000F00E0100000053
:10327C000010E00000887000008870000000000062
:10328C000000000000000000000000000000000032
:10329C00000000000000010EF00000000000000023
:1032AC0000000F70800000405E41A060A77000F02D
:1032BC00377030703070307030503050305030507B
:1032CC00E000A060A060A060A060A050B838807042
:1032DC000F000000000000000000000001020408C4
:1032EC0010202040404180818180818081808180BC
:1032FC00818081808180818080808080804040407E
:10330C002020180904020100000000000000000049
:10331C000000000000000000000000000000006041
:10332C00E0C0800000000000000000000000000071
:10333C000080C0E060000000000000000000000001
:10334C000000000000000000000000000000808071
:10335C008040C040E000E060E061E367CE1C387064
:10336C00E0C0802070389CCE0743C140C040C040B4
:10337C00C040A070F0000000000000000000000041
:10338C000000000000000000000100010200030228
:10339C000082C0E270381C0E040103070E1C387149
:1033AC00E0C18001000100010001020407000000DF
:1033BC000000000000000000000000000000000001
:1033CC0000000000000000060703010000000000E0
:1033DC0000000000000000000001030706000000D0
:1033EC0000000000000000000000000000000000D1
:1033FC00970901089A0901089D090108A809010803
:10340C00B3090108BC090108C1090108CB0901086D
:10341C00D4090108DB090108E2090108E9090108DE
:10342C00EE090108F9090108090A01080D0A010849
:10343C00140A01081B0A0108270A01082F0A0108AF
:10344C00370A01083F0A0108470A01084F0A010818
:10345C00570A01085F0A0108670A01086F0A010888
:10346C00770A01087F0A010884220108F821010863
:10347C00942101087C200108DC1F010800000000D9
:10348C00000000002DB400080000000038350000DA
:10349C00000000000000000033B400080000000031
:1034AC0038350000000000000000000039B40008AE
:1034BC000000000038350000000000000000000093
:1034CC003FB4000800000000383500000000000088
:1034DC000000000045B40008000000003835000072
:1034EC00000000002700010829000108F9930008DA
:1034FC003835000000000000000000000000000053
:10350C000000000038350000000000000102030438
:10351C00503E280005720000A0700200226F0400CB
:10352C008A6D0600D76B08000A6A0A0024680C0032
:10353C0023660E000A641000D9611200915F14001A
:10354C00335D1600C25A18003F581A00AD551C00C6
:10355C000D531E0063502000B04D2200F84A240089
:10356C003D48260081452800C8422A0014402C0002
:04357C00BD3E2D0023
:0835800079810008A907010888
:043588005181000865
:10358C0012121213800000008D00000001000A00CE
:10359C005203050040010A0052030500960000008A
:1035AC000F000100050000000400010000001800DD
:1035BC002600010021005A008C0002005A00000075
:1035CC0002000100020000000900010007000000D9
:1035DC0001000100010000000300010002000000D6
:1035EC0003000100000000003C0001000A00000084
:1035FC0001000100000000000100010000000000BB
:10360C0001000100000000000000010000000000AB
:10361C000100010000000000020001000000000099
:10362C006300010005000100090001000400010015
:10363C00090001000100680184030100BC020000C4
:10364C0052030A00A4016400C409010084030000B1
:10365C0064000500000000000100010000000500EE
:10366C005A0005000A0001003200010001000000B0
:10367C000900010007000000090001000000000023
:10368C000900010000000000FFFF0000D7A10000AE
:10369C0032000100140000000100010000000100D4
:1036AC00650019001900000006000100010000006F
:1036BC0001000100000000000100010000000000FA
:1036CC0002000100000001000500010004000A00D6
:1036DC00520305005A0001000A00010001000A0013
:1036EC005203050082000A00B40005005A000A00CB
:1036FC00520305008C000A00B40005001E000A00ED
:10370C0052030500A5000A00B40005001E000A00C3
:10371C00520305008C000A00B40005001E000A00CC
:10372C00520305005A000A00B40005001E000100F7
:10373C000A000100020000000C0001000000000063
:10374C000300010000000000010001000000000067
:10375C00FFFF000080AE0080D50080520080A800E2
:10376C00801F0080C00080D300803000804000802B
:10377C00A000808D0080140080DA0080120080810F
:10378C000080000080D90080F10080DB00803000D8
:10379C0080A40080A60080200080000080AF000084
:1037AC000D0000000090D003AAAAAAAA01000000F4
:0437BC0064000000A5
:0400000508008199D5
:00000001FF
