:020000040800F2
:108000000050002099810008E1810008E18100080A
:10801000E1810008E1810008E18100080000000022
:10802000000000000000000000000000C1B50008D2
:10803000E181000800000000F1B5000835B6000835
:10804000E1810008E1810008E1810008E181000888
:10805000E1810008E1810008E1810008E181000878
:10806000E1810008E1810008E181000869B60008AB
:10807000E1810008E1810008E1810008E181000858
:10808000E1810008E181000889B70008E18100086A
:10809000E1810008E1810008E181000849B9000898
:1080A000E181000869BC0008E1810008E181000865
:1080B00095BC000875BC0008B1BC0008E18100084F
:1080C000E1810008E1810008E1810008E181000808
:1080D000E1810008E1810008E1810008E1810008F8
:1080E000E1810008E1810008E18100080000000052
:1080F0000000000000000000000000000000000080
:0C81000000000000000000005FF8E0F14B
:108110000348044B834202D0034B03B11847704716
:108120003402002034020020000000000548064B05
:108130001B1AD90F01EBA301491002D0034B03B165
:10814000184770473402002034020020000000006D
:1081500010B5064C237843B9FFF7DAFF044B13B18F
:108160000448AFF300800123237010BD38020020C3
:10817000000000008818010808B5044B1BB1044931
:108180000448AFF30080BDE80840CFE700000000DE
:108190003C02002088180108002103E00B4B5B58CB
:1081A000435004310A480B4B42189A42F6D30A4A0C
:1081B00002E0002313600432084B9A42F9D303F023
:1081C0004FFC09F005FB04F0B3FEFEE7104F010879
:1081D000000000203402002038020020F831002086
:1081E000FEE7FEE706480068006880F3088862B68C
:1081F00061B6BFF34F8FBFF36F8F00DF00BF00008A
:1082000008ED00E04FF0500383F31188BFF36F8F48
:10821000BFF34F8FFEE7000008B54FF0500383F324
:108220001188BFF36F8FBFF34F8F074A1368013375
:10823000012B136007D14FF0E023D3F8043DDBB2EC
:108240000BB1FFF7DFFF08BD20020020054A08B58B
:1082500013680BB9FFF7D6FF013B13600BB983F32B
:10826000118808BD2002002008B5EFF305830F2B0D
:1082700007D90E4A9B5C0E4A12789A4201D9FFF741
:10828000C1FF4FF0E0230B4AD3F80C3D126803F412
:10829000E063934208D94FF0500383F31188BFF392
:1082A0006F8FBFF34F8FFEE708BD00BFF0E300E024
:1082B000A8310020A4310020002337B502680193C3
:1082C0009368DB0702D5002003B030BD93681249E4
:1082D00043F001039360114B1B68B3FBF1F301936F
:1082E000019BABB90E4C2568936813F00103EAD1EA
:1082F0002168491B0229F7D9826A80F8243042F0AC
:1083000010028262C26A42F00102C2620120DBE70F
:10831000019B013BE3E700BF40420F001C0200202D
:10832000982F0020036810B59A68D10701D4002067
:1083300010BD9A680A4922F001029A600C689A6896
:10834000D207F4D50A68121B022AF8D9836A43F0CF
:1083500010038362C36A43F00103C3620120E7E7AD
:10836000982F0020436A9A6A12F0500F18D19A6A27
:1083700042F400729A621A68926802F46022B2F5BE
:10838000602F10D1DA6872B99A6A22F480729A6208
:108390009A6AD20407D49A6A42F001029A6270473C
:1083A0001B6A1B6B18477047002337B5019390F881
:1083B00024300446012B5FD0012380F82430FFF7DE
:1083C000B1FF0546002839D1A36A2C4823F488530D
:1083D00023F0020343F00203A362294B1A68294BDE
:1083E00059685B68C1F3C221415CC3F38133013337
:1083F00022FA01F15B00B1FBF3F3B2FBF3F252009E
:108400000192019BF3B92046FFF756FF23689A6853
:1084100042F008029A601C4A10689968090715D44E
:10842000996841F0040199601068996849071ED461
:10843000A36A23F0030343F00103A362002384F83B
:10844000243011E0019B013B0193DAE71168091A1E
:108450000A29E2D9A36A012523F0120343F010038D
:10846000A362002384F82430284603B030BD11688D
:10847000091A0A29D9D9EDE70225F5E7D44A0108F6
:108480001C02002000100240982F002010B590F828
:1084900024300446012B3DD0012380F82430FFF71F
:1084A0000BFF00283FD1A36A214A23F4405323F055
:1084B000010343F48053A3622368934205D1A2F5DC
:1084C0008062526812F4702F25D1A26A22F48012C1
:1084D000A262A26A12F4807208BFE262002284F8EB
:1084E00024206FF004021A605A68520512D49A6868
:1084F00002F4E042B2F5E04F11D10D4A934205D1AA
:10850000A2F58062526812F4702F08D19A6842F482
:1085100002129A6010BDA26A42F48012D8E79A68EB
:1085200042F40042F5E7002384F82430F2E700BF6C
:108530000028014090F82430F0B5012B63D00123CE
:108540001F2680F824300F694D680368EC1B04EB8C
:108550008404BD4204F10F040A6806FA04F69ABFC7
:10856000D3F838C002FA04F49C6B46F440169FBF5F
:1085700007F1FF3744EA07542CEA0606344388BF64
:10858000B4439C639C68E40707D49C68CE6924F4D8
:10859000E04424F0010434439C608E69012E0CD128
:1085A000CC69B4F5E04F0BBF5C68846A44F4806426
:1085B00044F020040CBF5C6084624C69012C04D13F
:1085C00016BB5C6844F480545C60092A8E6820D92C
:1085D00007270A3ADC6802EB4202974024EA0704C4
:1085E00006FA02F22243DA60022DCC6816491BD04B
:1085F000032D1ED0012D21D15A690A4022435A6110
:10860000002380F82430F0BD846A44F020048462A2
:10861000DBE707271C6902EB4202974024EA0704C4
:10862000964034431C61DFE79A690A4022439A610D
:10863000E6E7DA690A402243DA61E1E71A6A0A40AA
:1086400022431A62DCE700BF00F0FFFF114B10B5B8
:10865000DB684FF0FF34C3F30223DA1E042A86BF1F
:1086600004230022C3F1070304FA03F3002821EADC
:108670000301ACBF00F16040074B01FA02F14FEA81
:108680000111B5BF00F00F0000F56140195480F8EA
:10869000001310BD00ED00E014ED00E0054B1A6979
:1086A000120605D5044A5A6002F188325A601B69E5
:1086B000704700BF002002402301674510B54CF20F
:1086C00050342049204B0868DA68D20733D4DA687E
:1086D000910644BF2022DA60DA68D20606D4DA694D
:1086E000D40703D4D86810F0040023D0164AD36806
:1086F00013F0100305D01549CB6943F00203CB6199
:108700001023D268500706D5104943F00403CA6904
:1087100042F00102CA610C4AD169C90708D50B4869
:10872000C16941F00401C161D16921F00101D16148
:108730000120D36010BD0A68121AA242C4D90320D6
:10874000F8E700BF982F002000200240782F00207B
:108750002DE9F74F00244FF0010826464FF00F0E89
:10876000DFF890C1644B0A6808FA06F707EA0205C9
:1087700037EA020240F084804A68032A00F0B080A1
:1087800010D8012A00F0A180022A00F0A3808A6894
:10879000002A00F0A780012A4FF008040CBF0761EF
:1087A000476106E0122A00F0988070D8112A00F084
:1087B0008E80FF2D92BF814600F10409A6F10802C8
:1087C000D9F8007094BFB20092000EFA02FA27EABC
:1087D0000A0704FA02F21743C9F80070D1F80490AE
:1087E00019F0805F4CD0DCF8182026F0030742F027
:1087F0000102CCF81820DCF8182007F1804702F0BD
:108800000102019207F5803706F0030A019A4FEA48
:108810008A0ABA680EFA0AFB22EA0B0B374A904220
:1088200062D002F58062904260D002F58062904290
:108830005ED002F58062904214BF0422032202FA45
:108840000AF242EA0B02BA601A6819F4803F14BFB8
:108850002A43AA431A605A6819F4003F14BF2A43F6
:10886000AA435A609A6819F4801F14BF2A43AA4386
:108870009A60DA6819F4001F14BF2A43AA43DA6029
:108880000136102E7FF46FAF03B0BDE8F08FDFF834
:1088900070904A453FF47BAF0FD8A9F580194A453F
:1088A0003FF475AF09F570294A453FF470AFA9F55B
:1088B00080194A453FF46BAF7BE7DFF848904A45A3
:1088C0003FF465AF09F58039F3E7CC6871E7CC6810
:1088D00004346EE7CC6808346BE7CC680C3468E786
:1088E000002466E7042464E70022A8E70122A6E743
:1088F0000222A4E7001002400004014000080140E9
:10890000000022100000311070B5826A044686B063
:10891000002A39D10168654BC262994280F824204F
:1089200003F56C43996940F0848041F400719961CA
:108930009B695F4903F400730293029B5D4B4FF404
:108940008075C3E9001280214FF4806CC3E90315E0
:108950002021C3E905C14FF4805157481A649A6039
:10896000D9618168D8636FF30D1141F4AD51816015
:108970009A631D8423625C620F211220FFF766FE5A
:108980004FF480224D4B1A602046FFF7CBFCA36AC0
:1089900013F0100340F08680002840F08380A26A24
:1089A000616822F4885222F0020242F00202E06979
:1089B000A568A262E2680143B5F5807F41EA420101
:1089C00059D06E1E7042704100026669012E07D1B7
:1089D000002A52D1A269013A40EA423242F40060D0
:1089E0002268B5F5807F566826F4694640EA06009D
:1089F00050609668324806EA000040EA0100906044
:108A000001D0012D02D12369013B1B05D06A20F45E
:108A100070000343D36292682A4B1340994235D1C8
:108A20000023E362A36A23F0030343F00103A3627C
:108A300036E041F4806199619B69032503F480630A
:108A40000193019B082320480DEB03010492CDE91B
:108A50000235FFF77DFE1023CDE90235FFF778FEE2
:108A60000423CDE90235FFF773FE4023CDE902353B
:108A7000FFF76EFE80E72846A7E7A26A42F02002D1
:108A8000A262E26A42F00102E262A9E7A36A23F06D
:108A9000120343F01003A362E36A43F00103E362AD
:108AA00006B070BDA36A43F01003C0E70024014084
:108AB00008000240183100200000024000E100E000
:108AC000FDF7E1FFFE0E1FFF0008014090F83E3069
:108AD000012B22D1022380F83E3003681A6A22F06B
:108AE00001021A621A6A42F001021A620B4A9342A8
:108AF0000AD0B3F1804F07D0A2F59432934203D04D
:108B000002F58062934204D19A6802F00702062AB5
:108B100003D01A6842F001021A607047002C01402D
:108B20001A4A036890420AD0B0F1804F07D0A2F5EC
:108B30009432904203D002F58062904215D14A6887
:108B400023F070031343114A90420AD0B0F1804FD2
:108B500007D0A2F59432904203D002F58062904291
:108B600003D1CA6823F4407313434A6923F0800396
:108B7000134303608B68C3620B688362034B9842A4
:108B800004BF0B690363012343617047002C01405C
:108B90001FB590F83D30044603F0FF0200687BB932
:108BA000254B84F83C20984228D103F50333DA6939
:108BB00042F00202DA61DB6903F002030293029BD6
:108BC0000223211D84F83D30FFF7AAFF0123002076
:108BD00084F8463084F83E3084F83F3084F84030E2
:108BE00084F8413084F8423084F8433084F84430CB
:108BF00084F8453084F83D3004B010BDB0F1804FAA
:108C00000AD10E4BDA6942F00102DA61DB6903F046
:108C100001030193019BD3E7094B9842D0D103F59F
:108C20000233DA6942F00402DA61DB6903F004031B
:108C30000393039BC4E700BF000400400010024000
:108C40000008004010B590F83D30044603F0FF02E4
:108C50000BB980F83C200223206884F83D30211DA8
:108C6000FFF75EFF012384F8463084F83E3084F835
:108C70003F3084F8403084F8413084F8423084F842
:108C8000433084F8443084F8453084F83D3010BDDA
:108C9000022380F83D300368DA6842F00102DA60AE
:108CA0000B4A93420AD0B3F1804F07D0A2F5943219
:108CB000934203D002F58062934204D19A6802F095
:108CC0000702062A03D01A6842F001021A607047B0
:108CD000002C014013B500211920FFF7B7FC4FF01D
:108CE00000721B4B1B4C1A601B4B20469A6942F4C6
:108CF00000629A619A6902F400620192019A5A68CC
:108D00005A685A685A68154A12685B68144AC3F36D
:108D1000C223D25C134B1B68D340134AB3FBF2F35C
:108D2000124A013B2260636040F2E7320023E260B6
:108D30002361A360FFF72CFF94F83D30012B05D190
:108D4000204602B0BDE81040FFF7A2BF02B010BD40
:108D500000E100E05C3100200010024000200240F1
:108D6000D44A01081C02002040420F00002C0140A0
:108D700090F83C3010B5012B21D0022380F83D3013
:108D8000036809685A689C6822F070020A435A60B6
:108D90000B4A93420AD0B3F1804F07D0A2F5943228
:108DA000934203D002F58062934202D124F0800402
:108DB0009C60012380F83D30002380F83C3010BDDA
:108DC000002C014030B50C68631C0AD103695A6855
:108DD0004A6091608B6059600368086101330360E9
:108DE00030BD00F10802134652681568A542FAD951
:108DF000EDE70369D0E901128A6051605968814248
:108E000008BF5A6000220261186801381860704774
:108E1000024A136801331360704700BFE03000203E
:108E2000C36870B50BB9FFF7EDF99A6AD3E907018A
:108E30008160D8694860516803F11800814204BF1D
:108E4000196A516000219962116801391160204A44
:108E50001268002A2FD1D3E902015A69816098680B
:108E60001C1D486051681B48A14208BFD9680568AD
:108E700008BF51601168013911600121DA6A91401F
:108E8000294301601420424313498D186868986093
:108E90008668DE607460846088585D610130885047
:108EA0000E4A1168DA6ACB6A9A4285BF01200C4BE0
:108EB0000020186070BD0B4A5168D9618C681C6233
:108EC0006060886011689A6201311160E8E700BF54
:108ED000E0300020DC30002050300020383000200E
:108EE000343000203C300020F8B504460127FFF75D
:108EF00093F990F84550164E6DB2002D01DD636A6E
:108F0000B3B9FF23012784F84530FFF79FF9FFF736
:108F100083F994F844500E4E6DB2002D01DD2369A3
:108F200073B9FF2384F84430BDE8F840FFF78EB9E9
:108F3000206BFFF775FF00B13760013D6DB2DCE7D4
:108F4000E069FFF76DFF00B13760013D6DB2E4E706
:108F50003430002008B9054B1868026B0020135C00
:108F6000A52B01D0800870470130F8E73830002089
:108F7000064A13681968064B19B94FF0FF321A6098
:108F800070471268D2681268F9E700BF302F0020DE
:108F9000242F00202DE9F84F554B1B68002B40F083
:108FA000A080544B1C6801341C6084B9524B1A6871
:108FB00012680AB1FFF726F9504A1968106818605C
:108FC00011604F4A136801331360FFF7D1FF4D4D15
:108FD00000222B684C49A342DFF830C109D84FF07A
:108FE0001408454F4A4E3B681B689BB94FF0FF334E
:108FF0002B604848DCF8003004681420DB6A4343E7
:10900000C858012898BF002C14BF0120002010432D
:10901000BDE8F88F3B68DB68DB685868844201D2A2
:109020002860E6E7D3F81490D3E902E0CEF8080010
:10903000D3F808E0C0F804E0D9F8040003F1040E06
:10904000704504BFD868C9F80400D9F80000013899
:10905000C9F80000D3F82890B9F1000F17D0D3E970
:1090600007A0CAF80800D3F81CA0C0F804A0D9F8DB
:10907000040003F1180A504504BF186AC9F8040037
:1090800000209862D9F800000138C9F800000120DA
:10909000D3F82C90D6F800A000FA09F008FB09F9E3
:1090A00040EA0A0001EB090A3060DAF8040098602F
:1090B000D0F808B0C3F80CB0CBF804E0C0F808E072
:1090C00051F80900DCF800E00130C3F814A041F8C1
:1090D0000900D86ADEF82C30984288BF42F00102BD
:1090E00081E70D4A002013680133136090E700BF49
:1090F000E03000209C2F0020302F00202C2F00205B
:10910000682F0020242F002050300020383000200D
:10911000DC30002034300020282F00202DE9F84FCB
:10912000FFF77AF8514B1A6842B94FF0500383F3B6
:109130001188BFF36F8FBFF34F8FFEE71A68013AB4
:109140001A601B6823B10020FFF780F8BDE8F88F94
:10915000474A1268002AF6D09E4601264FF0140CAA
:109160004448454C454A464F464D59E0C368DB6884
:10917000D3F82880D3E90791C9F80810D3F81C90D8
:10918000C1F80490D8F8041003F11809494504BF48
:10919000196AC8F80410D8F80010C3F828E001399B
:1091A000C8F80010D3F81480D3E90291C9F8081068
:1091B000D3F80890D4F800A0C1F80490D8F80410AF
:1091C00003F10409494504BFD968C8F80410D8F868
:1091D00000100139C8F80010D3F82C8006FA08F105
:1091E0000CFB08F841EA0A0102EB080A2160DAF8F0
:1091F00004109960D1F808B0C3F80CB0CBF8049013
:10920000C1F8089052F80810C3F814A0013142F8D0
:1092100008103968D3F82C80C96A884500D92E60B7
:1092200001680029A2D10BB1FFF7A2FE164D2C68F0
:1092300044B10127134EFFF7ADFE00B13760013C8A
:10924000F9D12C600F4B1B68002B3FF47CAF0C4B0B
:109250004FF080521B684FF0E023C3F8042DBFF39A
:109260004F8FBFF36F8F01206EE700BFE03000200B
:10927000642F00203C300020DC30002050300020E3
:109280003830002034300020282F0020054B1B6888
:1092900033B1054B1868B0FA80F0400940007047C0
:1092A00001207047602F0020E0300020174B2DE98F
:1092B000F0411C68164B174D1E68174B80461F68FF
:1092C00028680430FFF795FD40B92A681349D06A31
:1092D00001220B68824023EA02030B602B68296895
:1092E00014EB08045C6001F1040104D33846BDE8C6
:1092F000F041FFF767BD3046FFF764FD084B1A6881
:10930000944238BF1C60BDE8F08100BF9C2F002054
:10931000302F0020383000202C2F0020DC3000209F
:10932000242F002038B5184CFFF772FDFEF774FFAC
:109330002368DB6DFBB1FEF789FF0025FFF7EEFE2A
:1093400055B148B94FF0E0234FF08052C3F8042DD7
:10935000BFF34F8FBFF36F8FFEF75EFF2368D86DAB
:1093600010B100222368DA650022236883F86020A8
:10937000FEF76CFF38BD0125236883F86050FEF7C7
:1093800065FFFFF793FFD9E7383000207047632867
:1093900004DC0A28B4BF0120022070470320704774
:1093A000024608B50846FFF7F2FFC3000C33DBB2F4
:1093B000C3F1380302EB630000B208BD08B5FFF744
:1093C000E6FF00EB4000C000C31DDBB2C3F1500359
:1093D000023801EB6301C0B28B1E014413804B1CA9
:1093E00005315380918008BDF0B514254D43264EBC
:1093F000264C771997F810C02468BCF1000F06D0EE
:10940000D7F80CC0A4EB0C0CBCF5FA7F2FD91425AF
:109410004D437719C7E901047051012038741420B5
:10942000414370188568C460641BC72C456827D801
:109430007158A94224D004FB04F102FB01F14FEA68
:109440004404C4F5167404FB01F1114801F57411CC
:1094500001F51061B1FBF0F1C8B2CABF4142801AF8
:10946000101A01221D60197158719A71F0BD56F8D9
:1094700005C084451EBFC7F804C07051BC60CEE76C
:10948000002108460A46EDE7702500209C2F0020A9
:1094900000127A00142370B50446002503FB010670
:1094A000B44201D1284670BDA368002BFAD0E3680E
:1094B0001BB90135ADB21434F2E798470028F8D152
:1094C000F9E700000A4B588A80B278B1188980B257
:1094D00060B11A89188992B2052A94BF42F21073BA
:1094E0004EF6602380B288BF05385843704700BFEE
:1094F0006C2E002038B5114A538A9BB20BB900205C
:1095000038BD13899BB2002BF9D00D4A0D4B14685E
:109510001B6853EA04020FD00B4D2968C91AFFF7E4
:10952000D1FF8142EBD92868041BFFF7CBFF8442AF
:1095300094BF00200120E3E70120E1E76C2E00202A
:10954000082F00200C2F00209C2F0020012809D874
:109550000C4B5B8C9BB2002B0CBF4FF4BE704FF4D6
:1095600033707047A0F11603DBB21C2B04D8064AF7
:1095700022FA03F3DB07EBD4044B03EBC003588858
:10958000704700BF6C2E002001005415060000201B
:1095900038B5094B054633F83040FFF7D7FF88420E
:1095A00028BF084680B2A14228BF0446034800EB0A
:1095B0004500848038BD00BF060000206C2E0020CE
:1095C00030B50D4B0D4D03EB40039A8805EBC004FD
:1095D000618892B28A4203D135F830209A8006E041
:1095E000A28898888C1A80B2A04201DB998030BD95
:1095F00099880A44F2E700BF6C2E00200600002084
:109600001421D0E9003212881B6801FB02335A682A
:1096100002B11047187C372801D8FFF7D1BF704737
:1096200001207047B8B91C4B5B8C9BB2834214BFBE
:109630004FF433724FF4BE72174B184903EB4003DB
:1096400001EBC0019B8889889BB2521A9342D4BF18
:10965000002001207047162809D10F4B5B8C9BB26C
:10966000002B14BF4FF433724FF4BE72E4E70128AD
:1096700009D1094B5B8C9BB2002B0CBF4FF4967247
:109680004FF41172D8E71F2804D0044B03EBC0033A
:109690005A88D1E7012070476C2E00200600002078
:1096A000034B588980B2003818BF0120704700BFB3
:1096B0006C2E00200E4B198E5B8C89B29BB24BB185
:1096C00081B1143189B2B1F5337F28BF0021162052
:1096D000FFF75EBF49B10A3189B2B1F5BE7F88BFDD
:1096E0001946F4E74FF4F071F1E7FA21EFE700BF14
:1096F0006C2E0020034B588A80B2003818BF01201E
:10970000704700BF6C2E00200A4BD9885B8C9BB23F
:1097100043B1143189B2B1F5117F88BF3C210120DA
:10972000FFF736BF0A3189B2B1F5967F88BF0A21AB
:10973000F5E700BF6C2E00200F4A02EB40039B8828
:10974000528C9BB292B27AB103EBC3010523B1FBF9
:10975000F3F120310A2389B2B1FBF3F101EB81016E
:10976000490089B2FFF714BF0922203B03EB8303B2
:1097700093FBF2F1EEE700BF6C2E002008B50F203E
:10978000FFF71EFF1620FFF7D7FF0020FFF7D4FFDB
:10979000BDE808400120FFF7CFBF0000034BD88A87
:1097A00080B2003818BF0120704700BF6C2E002027
:1097B000034B188D80B2003818BF0120704700BFDE
:1097C0006C2E002001220D4B1A6102221A610F2219
:1097D00000BF013AFCD14FF400321A610F2300BFE1
:1097E000013BFCD14FF48033044A13610F2300BFC7
:1097F000013BFCD102231361704700BF000C014004
:109800004FF40033094A13610F2300BF013BFCD121
:10981000012313610F2300BF013BFCD10222034B44
:109820001A610F2300BF013BFCD17047000C0140BF
:1098300002230A4A13610F2300BF013BFCD101231D
:1098400013610F2300BF013BFCD14FF48032034B67
:1098500098681A61C0F34000704700BF000C0140D7
:109860000A4B80B102221A610F2300BF013BFCD1D9
:109870000123064A13610F2300BF013BFCD14FF4C3
:109880008033136170474FF40032ECE7000C014065
:1098900010B50821044604F080000139FFF7E0FF0D
:1098A00011F0FF014FEA4404F5D10222044B1A6182
:1098B000FFF7BEFF80F0010000F0010010BD00BF07
:1098C000000C0140014B1868704700BF9C2F00201E
:1098D00090F83C30F0B5012B24D00368184E1A6A7A
:1098E000B34222F001021A621A6A5D689C6924F090
:1098F000730444F0600416D022F0020249685D60EF
:109900009C6159631A629A6942F008029A619A69E5
:1099100022F004029A619A6942F004029A610023DB
:1099200080F83C30F0BDCE6822F00A02324325F4C4
:109930004075D1E905673E4322F004023543DDE777
:10994000002C014070B569B947F6F8721C4B9B6852
:10995000C3F38F03934205D91A4A1378FF2B1CBF18
:1099600001331370184C2378F3B9184A184D136853
:109970008342C8BF1060174BB9B919602B685B1AD6
:1099800044F620618B420FD9134B12681B68934237
:109990000ADD01219B1A022B217005DC094A13788C
:1099A000FF2B1CBF5B18137070BD0B490E688642FD
:1099B000B8BF086019680029E0D12968DDE700BF59
:1099C000582E0020402E002058250020C8010020DD
:1099D0009C2F00205425002050250020F8B5044677
:1099E00040B94FF0500383F31188BFF36F8FBFF37B
:1099F0004F8FFEE7016C41B14FF0500383F31188A4
:109A0000BFF36F8FBFF34F8FFEE7FFF73FFCFEF70B
:109A100003FCA26BE36B9A4280F08180226CA66B00
:109A2000002A6DD12368ABB10023626A0136A663B8
:109A3000002A72D0206BFFF7F3F900286FD04FF0A7
:109A4000E0234FF08052C3F8042DBFF34F8FBFF3D4
:109A50006F8F64E0A5681DB900230022A260E4E7CF
:109A6000314B1B689D4208D04FF0500383F311889F
:109A7000BFF36F8FBFF34F8FFEE7AB6D43B94FF06E
:109A8000500383F31188BFF36F8FBFF34F8FFEE74F
:109A9000E96A6A6D013B9142AB65DDD0002BDBD1F9
:109AA0002F1D3846FFF7A5F9204930B90122E86A91
:109AB0000B68824023EA02030B606B6DD1F800C093
:109AC000C3F10702AA61012202FA03F040EA0C0086
:109AD00008601420EB624343154901EB030CDCF8EA
:109AE0000400A860D0F808E0C5F80CE0CEF80470D7
:109AF0008760C858C5F814C01044C8501346ACE776
:109B0000606807F0B2FE6368226C1344A268636069
:109B1000934289D32368636086E7002B8FD1BDE829
:109B2000F840FEF793BB00BF38300020DC30002047
:109B300050300020482373B50193019B0446482B05
:109B400008D04FF0500383F31188BFF36F8FBFF33A
:109B50004F8FFEE70021019B01232060C0E90F31F8
:109B6000FEF75AFBD0E90F356B4302688163D618C4
:109B70005B1B42601A44FF23C2604FF0FF3280F843
:109B8000443080F8453000F11803C0E906234361F2
:109B9000036200F12C03C0E90A32C0E90C3386608D
:109BA00001614162FEF752FB81600160C160FFF715
:109BB00015FF204602B070BD014B1868FFF70EBFBD
:109BC000A02000202DE9F7438046DDE90A548946AC
:109BD00017461E4645B94FF0500383F31188BFF373
:109BE0006F8FBFF34F8FFEE744B94FF0500383F3FD
:109BF0001188BFF36F8FBFF34F8FFEE7642301938C
:109C0000019A9A4208D04FF0500383F31188BFF3B2
:109C10006F8FBFF34F8FFEE700212046BF00019BEF
:109C200007F0CEFD284625633A46A52107F0C8FD7A
:109C3000256BB9F1000F0FD009F1FF3304F13302A6
:109C400009F11F0113F8010F02F8010F08B18B424F
:109C5000F8D1002384F85330062E08D94FF0500372
:109C600083F31188BFF36F8FBFF34F8FFEE700239D
:109C70004FF08071043FEA19E662666522F0070240
:109C8000C6F107066361A3622461A661646242F8BB
:109C9000041C28F0010142F8081C3E4942F8203C0F
:109CA00042F80C1C403A2260FEF7B6FA3A4B3B48A9
:109CB0001A6801321A600268002A60D104601B68C9
:109CC000012B2AD14FF0FF361546354B0132072ABA
:109CD00043E90136C3E9013343F8085C03F1140397
:109CE000F4D1304A02F10803C2E90136C2E9033374
:109CF0002D4B156003F10801C3E90116C3E90311F7
:109D00002A491D6001F108070D60C1E90176C1E92A
:109D1000037727490A60274A1360274A27491368AF
:109D20000D68013313600122E36A261D9A402A431D
:109D30000A6014214B43224AD5186968A1608F68D4
:109D4000E7607E608E60D15865610131D150FEF7C9
:109D50007DFA1C4B1B6873B10368DA6AE36A9A42A6
:109D600009D24FF0E0234FF08052C3F8042DBFF327
:109D70004F8FBFF36F8F204603B0BDE8F083114BC8
:109D80001B68002BC9D10368DA6AE36A9A4298BF5C
:109D90000460C2E7E3810008642F0020383000200F
:109DA00058300020482F0020342F00203C30002065
:109DB000302F00202C2F00205C2F0020DC300020D2
:109DC00050300020602F002037B5D0E9001485699D
:109DD000B0F90830026901954069842B009008BFF2
:109DE0000023204618BF0333FFF7ECFE03B030BD5D
:109DF000034B4FF400720021186807F0E1BC00BF6C
:109E0000142F00204FF0E0254FF0805608B5064C87
:109E10002368012B05D9C5F8046DBFF34F8FBFF33D
:109E20006F8F07F0CBF8F3E75030002038B50546C8
:109E30000C46FFF7DDFF284606F0FCFE41F28830B5
:109E4000054B064A1B6812689B1A834298BF002C78
:109E500014BF0120002038BD9C2F0020082F0020B7
:109E600010B4084B084C588C0023DFF820C080B297
:109E700098420CBF6046204610BCFF22012106F02C
:109E8000B3BE00BF6C2E0020B0180108B518010841
:109E900070B504460D46FFF7ABFF2246012311784B
:109EA00049BB013B03EB43039B009BB2802B2CD9A6
:109EB000194A928C92B2012A14BF14220A22B5FBCD
:109EC000F2F103F1800209B291FBF2F002FB1011F2
:109ED0007F291FDD8B42A8BF0B46104AC3F18003C8
:109EE000138000230E4A204613800121BDE87040F4
:109EF000FF2206F079BEF02902D801320133CEE705
:109F000051780029CDD00232F8E7C3F1800203EB8B
:109F10006203E2E78023E0E76C2E00206A2E002037
:109F2000682E00200B4BB3F850200B4B92B2012A45
:109F30001B7805D0022A08D0FF220021074802E042
:109F4000FF220021064806F04FBEFF2200210548EF
:109F5000F9E700BF6C2E00206A2E00208A2F01082E
:109F60007A2F0108982F01080B4BB3F87030DBB241
:109F7000022B0DD0032B0DD0084AA2F11000012BAB
:109F800008BF1046064BFF2200211B7806F02CBEAE
:109F90000448F7E70448F5E76C2E0020B62F0108C7
:109FA0006A2E0020C12F0108CC2F0108084BFF2288
:109FB000198A002389B2012906D002294FF0010134
:109FC00004D0044806F010BE0348FBE70348F9E755
:109FD0006C2E00207A2B01081A3201081C3201086D
:109FE00040F69A5240F6965010B4074B074C9B8CA3
:109FF00001219BB2002B18BF104600232044FF22F2
:10A0000010BC06F0F1BD00BF6C2E002088240108B2
:10A0100010B50C4A53899BB27BB101235089194674
:10A0200002301A4680B206F017FE0023FF220121FB
:10A030000548BDE8104006F0D7BDFF2201210348C6
:10A04000F7E700BF6C2E0020B2180108B418010811
:10A0500070B501230A240E4D1A46A889194680B20C
:10A06000B0FBF4F006F0F8FD0023FF2201210948BF
:10A0700006F0BAFDA88980B2B0FBF4F304FB13002C
:10A08000BDE87040012380B21A46194606F0E4BDCF
:10A090006C2E0020B7180108034B0221588F0123B2
:10A0A00080B21A4606F0D8BD6C2E0020034B022168
:10A0B000188F012380B21A4606F0CEBD6C2E002008
:10A0C000034B0321D888012380B21A4606F0C4BD91
:10A0D0006C2E0020034B588D012380B21A4619467E
:10A0E00006F0BABD6C2E0020034B988D012380B280
:10A0F0001A46194606F0B0BD6C2E00201FB5114B54
:10A1000006225B8C9BB2002B14BF34232123023B1D
:10A1100053430D4AD15C8DF80C10511CC95C8DF86D
:10A120000D10D11C0432C95CD35C8DF80E108DF873
:10A130000F3003AB009304220823022106F062FCD7
:10A1400005B000BD6C2E00200D1A010807B5054BA7
:10A150000021009320235E201A4606F053FC03B032
:10A1600000BD00BFBC3C0108054BB3F8440080B201
:10A1700020B1012302211A4606F06EBDFFF7E6BFAB
:10A180006C2E0020064A138E9BB233B10123108E31
:10A1900003211A4680B206F05FBDFFF7D7BF00BFAC
:10A1A0006C2E00200C4B198B89B202290AD003298E
:10A1B0000DD0012901D0FFF7C9BF0023FF220748B6
:10A1C00006F012BD0023FF2201210548F8E7002315
:10A1D000FF2201210348F3E76C2E00201C32010806
:10A1E0002432010826320108094BD98C89B2012991
:10A1F00003D0022906D0FFF7A9BF0023FF2205489C
:10A2000006F0F2BC0023FF2201210348F8E700BF5B
:10A210006C2E00202832010824320108064A538A95
:10A220009BB233B1508A01220023114680B206F05E
:10A2300013BDFFF78BBF00BF6C2E002010B5154B70
:10A240001A8992B21AB9BDE81040FFF77FBF1A8988
:10A25000188992B2052A10D8012300EB8000400033
:10A260001A46022180B206F0F7FC0023FF220121EA
:10A270000948BDE8104006F0B7BC012305381A466E
:10A28000022180B206F0E8FC0023FF2201210348EE
:10A29000EFE700BF6C2E0020B9180108BB180108B9
:10A2A00010B50B4A538B9BB21BB9BDE81040FFF7AA
:10A2B0004DBF0123508B02211A4680B206F0CCFC20
:10A2C000BDE810400023FF220121024806F08CBCAB
:10A2D0006C2E0020BB1801080C4BD98A89B20229C8
:10A2E00008D003290BD001290ED10023FF220848F2
:10A2F00006F07ABC0023FF2201210648F8E700237C
:10A30000FF2201210448F3E7FFF720BF6C2E002055
:10A310001E320108203201082232010810B50B4A12
:10A32000938E9BB21BB9BDE81040FFF70FBF01230E
:10A33000908E03211A4680B206F08EFCBDE81040D4
:10A340000023FF220121024806F04EBC6C2E0020A3
:10A35000BD18010870B5134D2B8D9BB2EBB10A24CB
:10A360000123288D1A4680B21946B0FBF4F006F09E
:10A3700073FC0023FF2201210B4806F035FC288DD9
:10A3800080B2B0FBF4F304FB1300BDE8704001237E
:10A3900080B21A46194606F05FBCBDE87040FFF770
:10A3A000D5BE00BF6C2E0020B718010807B5154AAE
:10A3B000B2F84A309BB2052B07D0062B0FD083B9D9
:10A3C00003B05DF804EBFFF7C1BE0F4B00932023F1
:10A3D00000211A465E2006F015FB03B000BD0B4BB2
:10A3E000F4E70123B2F84A0019461A4680B206F093
:10A3F00033FC0023FF220121054803B05DF804EB84
:10A4000006F0F2BB6C2E00203C3C0108BC3B01086E
:10A41000B9180108284B37B503EB40020446B2F8DF
:10A42000340103F59F73184406F004FC234AD38AD1
:10A430009BB2022B20D0032B0CBF4FF496704FF42D
:10A44000FA70D18A1E4B89B2C9B119681D4DA1425B
:10A450001D4902D01C602B680B602B680968928A2A
:10A460005B1A92B2B3FBF0F30AB30322B3FBF2F22E
:10A4700002EB42029B1A0AE04FF4C870E1E78D211B
:10A480001960D38A9BB2B3FA83F35B095B00FC22A9
:10A490005443542202FB03440C4B15221C4400215C
:10A4A00020236920009406F0ADFA03B030BD022BE2
:10A4B00028BF0223EBE700BF4A2301086C2E0020CF
:10A4C000000000209C2F0020F41F0020D03601083F
:10A4D0000020FFF79FBF0120FFF79CBF0220FFF77E
:10A4E00099BF0320FFF796BF0420FFF793BF00003A
:10A4F00070B5104B0021D88D0A2680B206F0C6FD3B
:10A50000B0FBF6F504460123A8B20022022106F0B2
:10A51000A3FB0023FF221946074806F065FB012331
:10A5200006FB1540BDE870400022194680B206F0D7
:10A5300093BB00BF6C2E0020BF18010810B50B4B59
:10A540000146D88D80B206F0A1FD044606F024FE37
:10A5500048B16443B4FBF0F0054BC0EB00201B880E
:10A56000B0FBF3F010BD6420FCE700BF6C2E0020B0
:10A570006C2F002010B5041E084606DC084BD88D51
:10A5800080B206F083FD002010BDFFF7D7FFC4EBBB
:10A590000424B4FBF0F0FF2828BFFF20C0B2F3E78B
:10A5A0006C2E002010B50121FFF7E4FF134B90281B
:10A5B00004461A781BD90AB100221A7014211A789D
:10A5C0000F4B002019800F4B1A700F4B1C70FFF7B8
:10A5D000B5FFFF23E82144430C4AB4FBF3F41368AE
:10A5E0004B43182101FB04331B0A136010BD6F2875
:10A5F000E4D8002AE2D10122DFE700BF04000020F6
:10A60000722F00206F2F0020702F00203C2E002082
:10A610006328F7B50B46154623DC0A28B4BF012191
:10A620000221114F114E01EB41043B80002203EB4C
:10A63000440480B20123358006F00EFB0C4BE4B2DB
:10A64000204600930322082369B206F0DBF90020BC
:10A650000434E4B23C80358003B0BDE8F04006F03D
:10A6600083BC0321DDE700BF6A2E0020682E002096
:10A67000524501082DE9F04788B004AF04460E4664
:10A68000154600211022384607F09AF84FF00308CB
:10A69000BC460022DFF860E0002001461EF8013BC6
:10A6A00016F803A04300013308FA03F32AFA00F96D
:10A6B0000B4319F0010F9BB200F1010018BF1946BE
:10A6C0000728EFD10132D2B20CF8011B082A4FEA59
:10A6D00011218CF80710DFD11823CDE902230123C3
:10A6E0002046CDE9007305F10801102306F0D2FBE6
:10A6F00008B0BDE8F08700BF9C3E01082DE9F84F87
:10A7000003460846FEF743FE054618469246FEF706
:10A7100047FE032D8846044620D0022D14BF012693
:10A720000A260A274FF0060B04EBC505DFF8309028
:10A730002DB298FBF6F191FBF7F307FB13112046BE
:10A74000C9B2083452460BFB019124B2FFF792FFC5
:10A75000AC42B6FBF7F6ECD1BDE8F88F6426E0E733
:10A760000D1A01081FB50122002120230192044A7D
:10A77000CDE902130092382206F08CFB05B000BD33
:10A78000BC3D01081FB50446002308462021CDE941
:10A7900002310223911C18220193054B02FB043362
:10A7A0000C220093102306F075FB04B010BD00BF0F
:10A7B000B11B01082DE9F3478046FEF7E8FD074687
:10A7C000914640466A46FEF7F9FD032FBDF9005059
:10A7D0001CD0022F14BF01260A2600244FF00A0ABB
:10A7E00098FBF6F090FBFAF30AFB130001342946BC
:10A7F0004A46C0B2E4B2FFF7C5FF1835A742B6FB20
:10A80000FAF62DB2ECD102B0BDE8F0876426E4E799
:10A810002DE9F04F89B00CB206AB11462022064656
:10A82000FEF7E2FD0021502220232046009106F091
:10A83000AFFA9DF81E20C2B921463046FFF7BAFF95
:10A840002146304604AAFEF7B9FD324BBDF912008D
:10A85000009303220823022106F0D4F8BDF9140066
:10A8600009B0BDE8F04FFFF749BC3046FEF78FFD59
:10A87000069B814618460393FEF789FD814508D063
:10A880009DF91C2021461846FFF794FF9DF91D20D5
:10A89000D2E72146304604AAFEF790FDB9F1030F36
:10A8A000BDF910A02AD0B9F1020F14BF01270A2761
:10A8B0004FF0000B4FF00A08039B96FBF7F593FB54
:10A8C000F7F090FBF8F308FB130095FBF8F308FB97
:10A8D0001355C0B2EDB2A84212D1002251460BF17D
:10A8E000010BFFF74FFF5FFA8BF30AF1180199454F
:10A8F000B7FBF8F70FFA81FADED8A1E76427D7E7AC
:10A9000051469DF91C20FFF73DFF514628469DF911
:10A910001D20E4E7524501082DE9F041134B1B7857
:10A920000BBB1348134D00244FF00808124F134E71
:10A930002346FF2201213C80A6F8008006F054F94E
:10A940000F4B02229888182180B2FFF761FF742311
:10A95000A6F800803B8028462346BDE8F041FF2250
:10A96000012106F041B90348014DDCE7382E0020F3
:10A97000C1180108C31801086A2E0020682E0020A3
:10A980006C2E0020062008B5FEF71AFE054B188A2B
:10A9900080B210B1012800D008BDBDE8084005F024
:10A9A000D5BF00BF6C2E0020192310B5094CB4F898
:10A9B000480080B2B0FBF3F00123013080B21A46A8
:10A9C000194606F049F9B4F84800BDE81040C0B295
:10A9D00005F0F4BF6C2E002008B506F009FE38B172
:10A9E000094B588980B2003818BF0120800008BD8B
:10A9F00005F014FD08B90120F9E705F01FFD002856
:10AA0000F9D00320F3E700BF6C2E00202DE9F04FB2
:10AA1000044685B0FFF7ECF9204602AA0021FEF7B4
:10AA2000CDFC0022FF27204600244FF0530811469A
:10AA3000FFF7C0FE3B4B03220221BDF90A00009341
:10AA4000082305F0DFFFBDF90C00FFF757FB364E7A
:10AA5000364D2023012200215020009706F098F95E
:10AA60002346214602223248A6F800802C8006F0B8
:10AA7000BBF8304B2246D888622180B2FFF7C8FD70
:10AA800008234FF01009A6F800802B80FFF730FD57
:10AA900023463A462146284806F0A6F8A6F8008044
:10AAA000A5F80090FFF798FFDFF890C023465CF808
:10AAB00020002146032206F097F818234FF00A0BD6
:10AAC0002B801F4BA6F80080D3F800A02246BAFBCB
:10AAD000FBF801231FFA88F0022106F0BDF8234697
:10AAE0003A462146174806F07FF801230BFB18A0D1
:10AAF0002246194680B206F0AFF83A462346214670
:10AB0000114806F071F87423214650463380A5F8A9
:10AB10000090FFF72FFD06F09DF905B0BDE8F04F5E
:10AB200005F03CBE524501086A2E0020682E002028
:10AB3000D63101086C2E0020C5180108B84901085B
:10AB40003C2E0020BF180108C71801082DE9F04766
:10AB500006F04EFD274DF8B16B899BB2E3B16C89CD
:10AB6000E88D002180B206F091FA0234E4B2B0FB25
:10AB7000F4F0AB899BB2984238BFA889AB8938BF43
:10AB800080B29BB2C01A092828BF0920BDE8F0474F
:10AB90000130C0B206F0C6B8E88D002180B206F0E0
:10ABA00075FA0A25441DB4FBF5F45E28124FA4B2D1
:10ABB00009D808233B80012320461A461946BDE8E0
:10ABC000F04706F049B80123B4FBF5F6DFF82C8016
:10ABD0001A4619463046B8F9009006F03DF81023A1
:10ABE0003B80012305FB16401A461946A8F8009041
:10ABF00080B2E4E76C2E0020682E00206A2E002030
:10AC00002DE9F04778223149314806F005FE002849
:10AC100059D006F0D3F935222E4BDA60FDF73EFD10
:10AC20002D4A116813685B1A012BFBD92B4C06F0D7
:10AC3000C5F9237E012B18D001232376FDF73EFDB5
:10AC400088B9244DE0612B6943F002032B61204B4E
:10AC50006B612B6943F040032B61FDF72FFD2B69DE
:10AC600023F002032B6100232376FDF717FD4FF03D
:10AC70000109164F164D174EDFF8648006F09EF955
:10AC8000237E012B15D0B7F800A084F81890FDF7AB
:10AC900015FD60B9E061336943F001033361A5F844
:10ACA00000A0FDF70BFD336923F00103336100239E
:10ACB00023760235454507F10207DFD1054A1369BE
:10ACC00043F080031361BDE8F08700BF6C2E0020C5
:10ACD00000FC010800200240982F0020782F00205F
:10ACE00078FC0108F8B545F2AA552A4C23889BB296
:10ACF000AB4248D07822FF21204606F061FD258036
:10AD00000125636F01331CBF4FF0FF336367638816
:10AD100018BF01259BB2372B08D84FF6FF72638806
:10AD20009BB2372B31DD38230125638000231A4A7B
:10AD300004EB4306B088178880B287424FEA43018C
:10AD400004D8B088568880B2864203D20125D088C4
:10AD5000214488800133382B02F10802E8D1002118
:10AD6000C8B2FEF7F3FB04EB4102938801319BB2BA
:10AD7000834284BF012590803829F1D10DB1FFF7BE
:10AD80003FFF2846F8BD0025BBE704EB43018A805E
:10AD90000133C6E76C2E002006000020C0F1110030
:10ADA00000220321C0B205F073BE0000034B988B54
:10ADB00080B2003818BF0120FFF7F0BF6C2E0020D2
:10ADC000034BD88E80B2003818BF0120FFF7E6BFD2
:10ADD0006C2E0020044BB3F8720080B2003818BF0C
:10ADE0000120FFF7DBBF00BF6C2E0020034B988AC9
:10ADF00080B2003818BF0120FFF7D0BF6C2E0020B2
:10AE000010B5094CB4F8460080B2003818BF0120D4
:10AE1000FFF7C4FFB4F84600BDE8104080B2003828
:10AE200018BF012005F0E0BD6C2E0020034BD88B2D
:10AE300080B2003818BF0120FFF7B0BF6C2E002091
:10AE4000034B188C80B2003818BF0120FFF7A6BF53
:10AE50006C2E0020044BB3F84C0080B2003818BFB1
:10AE60000120FFF79BBF00BF6C2E00202DE9F041B1
:10AE7000AB4C88B094F8346194F83431F6B20F2BAF
:10AE8000DDB200F0928263D8072D00F053811BD809
:10AE9000032D00F0118108D8012D00F04283022D0E
:10AEA00040F0168305F0BCFBAAE1052D00F00881F7
:10AEB000062D07D1226C236C23EA02032364930638
:10AEC00040F10E810523F8E00B2D00F0A8812ED86B
:10AED000092D00F079810A2D40F07081236C03F078
:10AEE0007F43236405F0F8FA002800F071818D4853
:10AEF00005F06CFBB4F84A3003F01F02032A40F05F
:10AF00006D81B4F8163103F4E043A3F500577B429A
:10AF10007B4184F8723194F872311BB123699847F0
:10AF2000C4F83C0141F2883203210B20D5E00D2DFD
:10AF300000F033820E2D40F09F81E18D636901F0B6
:10AF4000C0017F2994BF002101217648984729E25A
:10AF5000172D00F07B825DD8132D00F03D820ED8B6
:10AF6000112D00F03082122D40F01F83E38D0F2150
:10AF700043F00D0313206B4AA4F84A3021E1152D4C
:10AF800000F05282162D40F03182B4F84C50690521
:10AF900000F163824FF01A08C5F3C32508FB05F8DA
:10AFA000002D40F07C82604B03F1F60203F1180C97
:10AFB000174618685968083303C763453A46F7D1FE
:10AFC000186838609B88BB80B4F84A70C7F30233B6
:10AFD00008EB8308B4F84231A8F10208C3F3080370
:10AFE000984580F269821A220021504806F0E8FB59
:10AFF000E38D07F01F0701351F43ED0247F41047AB
:10B0000045F404450F211720464AA4F84A70A4F8D5
:10B010004C50D6E01B2D00F09F822CD8192D00F04B
:10B020004D821A2D40F0E580236998474049C4F8C5
:10B030003C01E36901F12C009847002800F08A8266
:10B04000D4F818311B0F04EB8303D3F8403103F01D
:10B050004042B2F1404F40F07B8213F0405F0CBFA2
:10B0600001230023E28D84F83531B4F816311343FF
:10B07000A4F816319EE01C2D00F083821D2D40F0B7
:10B08000948205F029FA002800F01F82254805F077
:10B090009DFAB4F84A3003F01F03102BF1D194F855
:10B0A0004E30042BEDD1002384F8313023699847CA
:10B0B0000C25C4F83C0108E2042384F83431A1E0F3
:10B0C000002384F8303084F83531236423699847AD
:10B0D00042F2107260642321062005F00DFA8FE021
:10B0E00005F0FAF900283FF4EDAE0E4805F06EFACF
:10B0F000B4F84A2002F01F03012BF1D112F4E04F03
:10B10000EED0E38D13F0C00F08D102F0C0027F2A09
:10B110008CBF43F0800343F04003E3850723CCE773
:10B12000242A00206C2A00206E2A0020722A002087
:10B13000382B0020FF2384F833300023B4F84A2052
:10B14000A849C2F3023293420CD051F8040F0133E4
:10B1500000F04045B5F1404FF5D110F0405FF2D11D
:10B1600084F83330E36CA049C3F3C062C3F3C05327
:10B1700084F82C20A1F1CC0084F87131A3699847A0
:10B18000002800F0E781E38DB4F816211A4303F09C
:10B19000C003802BA4F816210CD1D4F81831002B51
:10B1A0004FEA137208DB94F833309A4204D3012338
:10B1B00084F83531082380E70023F9E70F210920BF
:10B1C000894A05F0BBF91BE0236C03F07F4323643D
:10B1D00040F68C2240F603010A207EE70D2A00F09B
:10B1E000B08003F01703042B7FF47CAE94F830306A
:10B1F0002BB14FF0FF3243F6FF710C206DE70520B5
:10B2000084F8340194F834319E427FF433AE94F8DC
:10B210003431002B7FF42EAE08B0BDE8F081236CF2
:10B2200003F07F43236405F057F908B9122344E77C
:10B230006C4805F0CBF9B4F84A3003F01F03062B35
:10B2400017D1002384F8313094F8713163B194F848
:10B2500070314BB194F8723133B9012384F8313035
:10B26000236C43F480532364012384F830300C238F
:10B2700023E7012BD7D151E7236C226C5D0622EA2C
:10B28000030222647FD498067FD413F4C07F7ED15A
:10B29000D9047ED49A047ED49F07AAD505F01CF960
:10B2A0000028A6D04F4805F091F9B4F84A3003F0D1
:10B2B0001F020F2A13D113F4E04FEFD1E18D01F0FB
:10B2C000C0018029EAD11D0453D5B4F84C10C1F354
:10B2D000080119294DD9112A08BF162050E0052A66
:10B2E00003D113F4E04FD9D0E8E7092A03D113F4CE
:10B2F000E04FE3D106E0072AF9D00A2A04D113F47B
:10B30000E04F20D115207BE70B2AF0D0022AF9D09C
:10B31000042A03D113F4E04FD0D0F3E7012A04D17B
:10B3200013F4E04FCAD007206AE7082A04D113F4C7
:10B33000E04FC3D10E2063E70D2ABFD113F4E04FD5
:10B34000BCD111205CE794F84A30032B03D10123D0
:10B3500084F87231A2E7042B04D100230C2084F876
:10B3600072314DE7052B99D10023062084F8723104
:10B3700046E723F47E635B045B0C102B08BF1820A8
:10B3800018BF15203CE708203AE70F2038E70D20CA
:10B3900036E71B2034E71C2032E7E38D43F0070338
:10B3A000A4F84A300F210F4A49E094F832305BB2DA
:10B3B000022B06DC94F83230013384F8323010234B
:10B3C0007BE6192379E6E38D6A4643F00D030F21EE
:10B3D0000520ADF80230F4E640F68C2240F6030179
:10B3E00014207AE66C2A0020382B0020236C03F00E
:10B3F0007F43236405F070F808B90F235DE66C48BD
:10B4000005F0E4F8B4F84A3003F01F02032A03D130
:10B4100013F4E04FF1D155E523F47E635B045B0C3C
:10B420000D2BEAD1112348E6E38D03F0C002402A38
:10B4300007D143F00403A4F84A3012215C4A0C20DF
:10B44000BFE6802AF9D143F01003F4E7226C236CA5
:10B45000900723EA0203236405D44FF0FF3243F63A
:10B46000FF71172039E605F037F80028F5D050486D
:10B4700005F0ACF8E38D03F0C003802BF3D1B4F9F1
:10B480004A20B4F84A30002AEDDAB4F84C20C2F36E
:10B490000802192AE7D903F01F03112B1CE7B4F89F
:10B4A0004A2008F5A270C2F3023292004149023AE2
:10B4B000204406F0DAF987E51A20A1E600234FF4CC
:10B4C000FA6084F83030236A984784F8345199E65A
:10B4D00023699847E36B984282BF236C43F400636F
:10B4E0002364236C13F4006F236C0ED003F07F43AE
:10B4F000236494F83430102B7FF698AE94F83430EF
:10B50000142B94BF03231223D7E5DA073FF557AF77
:10B51000236CA26B13403FF4D0AD94F83430DBB20F
:10B52000CBE5236C226C22EA03029B05226408D53A
:10B5300004F0D2FF00287FF4B5AC0221782208463F
:10B54000CBE5236C43F00803236494F8360057E6F8
:10B55000002387E50623B0E523699847E38DC4F807
:10B560003C0143F4805343F00A03A4F84A3094F8B2
:10B5700070311B0443F08073E36413E7002005F08F
:10B5800025F804F0A9FF0028F8D1012384F8313010
:10B59000E38D0C2143F4104343F01003A4F84A3028
:10B5A000054B1D20024AE3640BE6032385E500BF3B
:10B5B0006C2A0020722A0020028003000000000094
:10B5C000074B19680868B0E8F00F80F30988BFF3EB
:10B5D0006F8F4FF0000080F311884EF00D0E704712
:10B5E00038300020000000000000000000000000D3
:10B5F000EFF30980BFF36F8F0D4B1A6820E9F00F4E
:10B60000106008B54FF0500080F3118800F08EFFF5
:10B610004FF0000080F31188BDE808401968086801
:10B62000B0E8F00F80F30988BFF36F8F704700BF59
:10B630003830002008B5FDF729FE012813D04FF05F
:10B64000500383F31188BFF36F8FBFF34F8FFDF764
:10B65000A1FC28B14FF0E0234FF08052C3F8042D35
:10B66000002383F3118808BD04224349F0B4CE6B54
:10B67000086C35680B6802FA00F72F421C6828D066
:10B68000670726D53D498B4216D03D4A934215D0D7
:10B690001432934214D01432934214D01432934291
:10B6A00014D01432934214BF4FF080634FF48003E0
:10B6B000344A5360F0BC70471346F9E74023F7E77C
:10B6C0004FF48063F4E74FF48043F1E74FF48023B5
:10B6D000EEE7022282402A4239D0A70737D51A68FE
:10B6E000900606D41A6822F00A021A60012281F834
:10B6F0002120224A93421DD0143293421CD014328E
:10B7000093421BD0143293421BD0143293421BD06D
:10B710001432934214BF4FF000734FF40013194AD0
:10B720005360002381F820308B6A002BC2D0F0BC1C
:10B73000114818470223F2E72023F0E74FF4007383
:10B74000EDE74FF40053EAE74FF40033E7E7082250
:10B7500082402A42AED02207ACD51A6822F00E02EF
:10B760001A60012303FA00F070608B634FF480735A
:10B770000B840B6BD9E700BF183100200800024092
:10B780001C00024000000240F8B5674803685A6890
:10B79000910623D51A68920720D5826AD7065EBF24
:10B7A000826A42F4007282629A6802F46022B2F500
:10B7B000602F10D1C26872B95A6822F020025A6014
:10B7C000826A22F480728262826AD6045EBF826AD2
:10B7D00042F0010282626FF012021A605A68150686
:10B7E00040F192801A68540740F18E80826AD10637
:10B7F0005EBF826A42F4005282629A6802F4E042BA
:10B80000B2F5E04F0AD05A68520516D49A6802F48D
:10B810006022B2F5602F10D1C26872B95A6822F066
:10B8200080025A60836A23F480538362836ADB0553
:10B830005EBF836A43F0010383623C4B19680029B1
:10B840005ED0FCF711FDEFF311844FF0500383F34A
:10B850001188BFF36F8FBFF34F8F022391F86020E1
:10B8600081F86030CB6D012A03F10103CB6502D072
:10B8700084F3118844E08B6A0BB1FCF7C3FC2C4BBA
:10B880001B68002B41D1D1E902524B69AA608D6837
:10B890000E1D55605A68274DB24208BFCA682F680E
:10B8A00008BF5A601A68013A1A600122CB6A9A40AE
:10B8B0003A432A6014256B431F4AD7187D688D6070
:10B8C000D5F808C0C1F80CC0CCF80460AE604F6178
:10B8D000D5580135D550194BCA6A1B68DB6A9A42A4
:10B8E000C6D90122164B1A6084F311884FF0E02369
:10B8F0004FF08052C3F8042DBFF34F8FBFF36F8F0B
:10B900006FF00C0203681A60F8BD0E4B01F11805C8
:10B910005A68CA6196680E62756095601A688B6293
:10B9200001321A60D7E700BFE8300020E430002081
:10B93000E0300020DC300020503000203830002083
:10B94000343000203C300020F8B53D4B5A691206D7
:10B950001DD580225A613B4B1968C1B1FCF784FCAC
:10B96000EFF311804FF0500383F31188BFF36F8F13
:10B97000BFF34F8F022391F8602081F86030CB6DC8
:10B98000012A43F00103CB6502D080F31188F8BD92
:10B990008B6A43B14FF0500383F31188BFF36F8F6D
:10B9A000BFF34F8FFEE7284B1B68002B3AD1D1E93C
:10B9B00002424B69A2608C680D1D54605A68234C8A
:10B9C000AA4208BFCA68266808BF5A601A68013AC6
:10B9D0001A600122CB6A9A403243226014246343E6
:10B9E0001B4AD61874688C60A768CF607D60A5601C
:10B9F0004E61D4580134D450164BCA6A1B68DB6AB6
:10BA00009A42C2D90122144B1A6080F311884FF078
:10BA1000E0234FF08052C3F8042DBFF34F8FBFF3E4
:10BA20006F8FB4E70D4B01F118045A68CA6195682D
:10BA30000D626C6094601A688B6201321A60DBE7F9
:10BA400000040140A02F0020E0300020DC30002066
:10BA50005030002038300020343000203C300020AE
:10BA60000E4B1A6842F001021A6059680C4A0A40EB
:10BA70005A601A6822F0847222F480321A601A68BE
:10BA800022F480221A605A6822F4FE025A604FF4AF
:10BA90001F029A60034B044A9A60704700100240EC
:10BAA0000000FFF800ED00E00080000815490B6879
:10BAB0001A6A22F001021A621A6A1A62124A934240
:10BAC0000DD141F21112186A104208D140F24442DD
:10BAD000186A104202BF5A6C22F400425A6441F2C2
:10BAE0001112186A104208D140F24442186A1042FA
:10BAF00002BF1A6822F001021A60012381F83E3069
:10BB0000704700BFEC2F0020002C014010B50368E7
:10BB100004461A6991070ED5DA6892070BD56FF0C3
:10BB200002021A61012202779B699B0701D105F08D
:10BB3000F1FA0023237723681A69500710D5DA68D1
:10BB400051070DD56FF004021A61022222779B691A
:10BB500013F4407F02D1204605F0DCFA002323775E
:10BB600023681A6912070FD5DA6810070CD56FF031
:10BB700008021A6104222277DB69990702D1204664
:10BB800005F0C8FA0023237723681A69D20610D576
:10BB9000DA68D0060DD56FF010021A6108222277FC
:10BBA000DB6913F4407F02D1204605F0B3FA00238D
:10BBB000237723681A69D10739D5DA68D20736D5D1
:10BBC0006FF001021A6123681D4A934230D1FF21B0
:10BBD0001C4B1D4C1A88013A1A80226811641B4ABA
:10BBE0001178A1B11B889BB28BB1194813780268F8
:10BBF000DBB25363FCF76AFF164B174A1B781178C8
:10BC0000994214D033B1BDE8104005F06BBAFFF78C
:10BC10004DFFF1E7137040F20D12104B1A802368AC
:10BC2000DA624FF483725A6341F204529A6210BD91
:10BC30000B4A934201BF0B4A136801331360F6E7C6
:10BC400000080040722F0020A42F0020702F002039
:10BC5000EC2F00206F2F00206E2F00206C2F002073
:10BC6000002C0140982F00200148FFF74FBF00BF74
:10BC70005C310020044B05481A6805498A4208BF18
:10BC80001846FFF743BF00BFEC2F0020A42F002071
:10BC900000040040044B05481A68B2F1804F08BF09
:10BCA0001846FFF733BF00BFEC2F0020A42F002061
:10BCB000044B05481A6805498A4208BF1846FFF731
:10BCC00025BF00BFEC2F0020A42F0020000800405B
:10BCD0002DE9F74F054640B94FF0500383F3118823
:10BCE000BFF36F8FBFF34F8FFEE7046C44B14FF08B
:10BCF000500383F31188BFF36F8FBFF34F8FFEE7BD
:10BD0000FDF7C4FA08B9FCF77DFA64212046DFF894
:10BD10006892DFF868A29A4F56E019B9FCF796FAD4
:10BD2000002074E020B9D9F80030DAF800800093E0
:10BD3000FCF78CFAFDF76CF8FCF76EFA95F84430D6
:10BD4000FF2B04BF002385F8443095F84530FF2BC6
:10BD500004BF002385F84530FCF778FAFCF75CFA5D
:10BD6000DAF800300098D9F80020904211D043450D
:10BD70000FD32846FCF76AFAFDF7B6F8FDF7CEF9BF
:10BD8000FCF74AFAAB6B002B00F0C180FCF75EFABF
:10BD900018E0A3EB08028A42EBD2A8EB03035E187B
:10BDA000D9F80030DAF800800093FCF74FFAFCF77E
:10BDB00033FAAB6B73B32846FCF748FAFDF794F8F7
:10BDC000FDF7ACF931460120FCF726FAAE6B002EE8
:10BDD000A3D02B68013EAE6333B9694B1B6813B126
:10BDE0009A6D01329A65AB602B696BB1E869FDF71A
:10BDF00017F848B14FF0E0234FF08052C3F8042DFC
:10BE0000BFF34F8FBFF36F8FFCF720FA012003B011
:10BE1000BDE8F08FAB46FCF719FA5BF8243B002B2A
:10BE20004ED1FCF7F9F9AC68002C47D03A68E36AC8
:10BE3000D26A934263D21421A269002AA1BF3A6850
:10BE4000D26AC2F10702A2614E4A01FB0323616973
:10BE5000994250D1211D08460191FCF7CAFFDFF835
:10BE600028C10199474A50B94FF0010EE36ADCF846
:10BE700000000EFA03FE20EA0E00CCF800003B683A
:10BE8000DCF800E0D86A0123834043EA0E03CCF8D3
:10BE900000301423434302EB030CE062DCF804009F
:10BEA000A060D0F808E0C4F80CE0CEF8041081607F
:10BEB000D158C4F814C00131D1500124FCF7C6F99F
:10BEC000396858461831FCF77DFF3046FDF7EEF92A
:10BED0002846FDF709F8FDF721F900287FF472AF35
:10BEE0004FF0E0234FF08052C3F8042DBFF34F8F83
:10BEF000BFF36F8F66E73B68DB6AE362DDE73B68B1
:10BF0000646DDB6A9C422CBF00240124D6E7FCF759
:10BF10009DF9002C3FF404AFFCF77EF96B6A1BB16E
:10BF20002B6B1B68C3F10703AC68002C3FF4F6AE23
:10BF3000A16D41B94FF0500383F31188BFF36F8FA8
:10BF4000BFF34F8FFEE7626D934238BF1346E26A3C
:10BF500093423FF4E3AE01297FF4E0AE084909685B
:10BF60008C4213D14FF0500383F31188BFF36F8FCE
:10BF7000BFF34F8FFEE700BF682F00209C2F0020EB
:10BF80003830002050300020DC300020A169E3620E
:10BF90000029A4BFC3F10703A3611423124D03FBBF
:10BFA0000252636993427FF4B9AE261D3046FCF716
:10BFB00020FF0121E36A0D4A994018B9106820EA70
:10BFC0000100106010680143116014225343E91806
:10BFD0004A68A2609068E06046609660EA586161D5
:10BFE0000132EA509AE600BF50300020DC300020D9
:10BFF00008B5034B1868FFF76BFE00F0010008BDA1
:10C00000A020002038B50546FFF7F2FF044648B1EE
:10C010002846FDF7D7FBFDF73BFC0446FDF7F0FB98
:10C02000FDF7CAFD204638BD2DE9F04105460E4614
:10C0300017461C46FFF7DCFF50B1EDB22846FDF76E
:10C04000C1FBFDF725FC38B9FDF7DAFBFDF7B4FDC0
:10C0500000252846BDE8F081F0B2FDF719FC002864
:10C06000F2D04FF48032184B1A610F2300BF013B0E
:10C07000FCD145F00100FDF7A5FBFDF709FC0546E5
:10C080000028E1D0104E08214FF00008FDF7D0FB4A
:10C09000013911F0FF0140EA4808F7D10223012CD1
:10C0A00008BF204604F1FF3418BF08463361A4B22C
:10C0B000FDF7D6FB07F8018B002CE4D1FDF7A0FBC0
:10C0C000FDF77AFDC5E700BF000C0140002307B56E
:10C0D0008DF807300DF107020123FFF7A5FF9DF84A
:10C0E000070003B000BD000010B5FCF791FE174B30
:10C0F000174A1B681268012A08D04FF0500383F3D7
:10C100001188BFF36F8FBFF34F8FFEE70268891866
:10C110002CBF0124002493420FD27CB90160FCF7AC
:10C12000FDFF48B94FF0E0234FF08052C3F8042DD3
:10C13000BFF34F8FBFF36F8F10BD0CB98B42EDD2A1
:10C140000160C81AFDF7B2F8E9E700BF9C2F002094
:10C15000E030002008B550B94FF0E0234FF0805296
:10C16000C3F8042DBFF34F8FBFF36F8F08BDFCF7EB
:10C170004FFE064B1B68012B01D0FCF743F8FDF77F
:10C1800095F8FCF7CBFF0028E6D0EFE7E030002081
:10C190008FB504F0E7FF002800F0958004F03EF929
:10C1A000002800F09C8001210C2004F085F9002873
:10C1B00000F095809F4D0A20EB689847062404F014
:10C1C00013F9002800F083800F210B2004F074F98C
:10C1D000002800F0848000210A2004F06DF9002876
:10C1E0007DD000210E2004F067F9002877D00021CF
:10C1F0000F2004F061F9002871D00C21062004F012
:10C200005BF900286BD00721092004F055F90028BC
:10C2100065D00021082004F04FF900285FD00421E8
:10C22000072004F049F9002859D00721022004F022
:10C2300043F9002853D00A20EB68984740217D48F5
:10C2400004F02EF90B210446022004F035F90028F1
:10C2500045D00A20EB6898474021764804F020F941
:10C2600004F0030400F00300844240F29A80252188
:10C27000032004F021F990B30721022004F01CF9F7
:10C2800068B34421062004F017F940B304210720C5
:10C2900004F012F918B302210C2004F00DF9F0B1EA
:10C2A00001238020032464498DE81B00694663480C
:10C2B000FCF74EFA0A211720FCF7C8F94FF40002E8
:10C2C0005F4B1A600BE00320FFF744FF61E70A2091
:10C2D000EB68013C984714F0FF047FF470AFFEF761
:10C2E000C5FDDFF85881574FD8F80830564C13F089
:10C2F000800F5ED1D8F808301B0620D46B46072289
:10C300003C2165682078A847C8B19DF80330DE0756
:10C3100000F1C9809DF802305D0700F1F180D90677
:10C3200042BF226C42F4806222641A0607D59DF84F
:10C3300005309B0742BF236C43F02003236494F82D
:10C3400035317BB123699847D4F83831C01AB0F53C
:10C350007A7F07D9236C43F040032364236998470D
:10C36000C4F8380194F8723153B123699847D4F86E
:10C370003C31C01AC82882BF236C43F400532364A5
:10C38000FEF774FD04F05AF80028ADD094F834316B
:10C39000192BA9D094F83130002BA5D194F8303066
:10C3A000A2E72621032004F087F8002897D00B216C
:10C3B00063E7FCF72DFDFBF72FFF3B6893F8603038
:10C3C000022B29D1FBF742FF0025FCF7A7FE55B150
:10C3D00048B94FF0E0234FF08052C3F8042DBFF36B
:10C3E0004F8FBFF36F8FFBF717FF3B6893F86030F9
:10C3F000022B03BF3A680121D36D002104BF03F073
:10C400007F43D36500223B6883F86020FBF71EFF63
:10C4100000293FF46FAF71E701253B683220DA6DE8
:10C42000DA653B6883F86050FBF710FFFCF73EFFCE
:10C43000CBE700BFAC25002000002110000C01401C
:10C4400000E100E038300020242A002043212F485A
:10C4500004F026F802222E4B4321656800F0E00626
:10C460002078A847B4F8F63013F4E04FC3F3023253
:10C4700005D043216568274B20789200A847042205
:10C4800043216568244B2078A847E02E0BD1B4F8EF
:10C49000F63023F47E635B045B0C0D2B0AD1236C16
:10C4A00043F0010323644121184803F0F9FF80069B
:10C4B000CCD52FE7D4F8EC60184D05EB46168C353B
:10C4C0000FCD0FC695E80F0086E80F00D4E93A2398
:10C4D0009A4207D194F8F01021B1013202F0030220
:10C4E000C4F8E820013303F003039A42C4F8EC30A7
:10C4F00004BF012384F8F030236C43F00203D1E73A
:10C50000226C42F40072226409E700BF242A002052
:10C510001A2B00201C2B0020BC2500208C2A002078
:10C52000012838BF0120FFF715BE000010B51D4BD4
:10C530001A681D4B12B101221A6010BD1A601B4A05
:10C5400013681B6B1968B1F1A53F0BD15968B1F1A4
:10C55000A53F07D19968B1F1A53F03D1DB68B3F1DD
:10C56000A53F03D01368136804F016FD104B1B6839
:10C57000B3FA83F31421DBB2C3F11F034B430D4C19
:10C58000E158E01809B9FBF73DFE416808334968F6
:10C5900023449942416004BFC1684160CB68136085
:10C5A0001368CAE7E0300020343000203830002023
:10C5B000DC3000205030002010B504F0B1FD0446FE
:10C5C00004F0B8FD44EA400010F0FF001FBF1B4B11
:10C5D0001A681B4B1A601B4A1378834212D180B130
:10C5E000164B194A1B6812689B1AB3F5C87F21D3F2
:10C5F0000122164B90421A701ED0022814BF202030
:10C60000082010BD38B10343002013700B4B1A688B
:10C610000D4B1A60F5E70D490C784CB9012B02D08F
:10C62000022B18BF10230020107008701846EDE789
:10C630000346F8E70020E4E70420E2E79C2F00200F
:10C64000082F0020F01F0020EC1F0020E81F002012
:10C6500070B50646094C256821683046491BFDF730
:10C6600017FCFFF7A9FF28B904F098F82820FFF776
:10C6700071FDF1E7431E5842584170BD9C2F0020C8
:10C6800008B5094BB3F84C309BB24BB90748FFF7DC
:10C69000DFFF38B10121BDE808402420FCF778BF56
:10C6A0000021F8E708BD00BF6C2E0020FF30010814
:10C6B00008B50F48FFF7CCFFC8B17822FF210D481D
:10C6C00005F07EF8FEF70EFBFEF79AFAFDF790FBF9
:10C6D000FFF772FF01460848FDF7A8FB08B104F018
:10C6E0005BFC04F05BF86420FFF734FDEEE708BD67
:10C6F000673101086C2E00205430010810B5FFF797
:10C700005BFF044644B9FFF757FF04463220FFF7AA
:10C7100021FD002CF7D010BDFFF74EFF044632205C
:10C72000FFF718FDEEE700002DE9F04104F060FF8F
:10C73000054618B900252846BDE8F081DFF890804D
:10C740000021B8F82E0080B204F0A0FC214B1B6839
:10C75000B3F5FA6FEED9B8F80A20B8F80C3092B2F7
:10C7600082B302325343DBB28342E3D900241A4B33
:10C770001A4F1C60FDF73CFBB8F82030184E9BB2F6
:10C780003C80348003B32346FF222146154804F041
:10C790002BFA0823FF2221461348338023463C808E
:10C7A00004F022FAFDF7A4FE2346FF2221460F489B
:10C7B00004F01AFA03F0F2FF3220FFF7CBFCFFF788
:10C7C0009DFFB8E75A23CFE7FF2201210848EFE792
:10C7D0006C2E00209C2F0020442E00206A2E00206A
:10C7E000682E0020BE310108CC310108C5180108AF
:10C7F000B331010808B504F0A7FC20B10022064BB4
:10C8000001201A6008BDFFF78FFF0028FAD0034B04
:10C810001A68034BF4E700BF442E00209C2F002031
:10C82000082F002070B50E4E35680544FFF7C4FE92
:10C8300004465CB9FFF7C0FE04463220FFF78AFCCD
:10C8400033689D420BD3002CF4D008E0FFF7B4FE10
:10C8500004463220FFF77EFC33689D42E9D270BD6A
:10C860009C2F00202DE9F84FFDF7C2FA4FF019096F
:10C87000384E0024384D394FE88D214680B24FF0B4
:10C880000A0BA6F800903C8004F000FC0123B0FBEA
:10C89000FBFA80461A4602211FFA8AF004F0DCF9FE
:10C8A0002346FF2201212E4804F09EF901220BFBB2
:10C8B0001A801146234680B204F0CEF92346FF22A7
:10C8C0000121284804F090F90823E88D224603212D
:10C8D0003B8080B20123348004F0BEF9FFF76CFE88
:10C8E000022833D007D801281BD003F057FF282097
:10C8F000FFF730FCBDE71028F7D8FEF781F9FDF708
:10C9000077FA34803C80FFF757FE01461648FDF762
:10C910008DFA03F043FFBDE8F84F4FF4FA70FFF7CC
:10C9200081BF124AE98DB2F8A83089B28B4203D197
:10C93000B2F8AA30EB85D8E7B2F8AC10EA8D5818F7
:10C9400092B28242C4BFEB8D5B1AF3E71520FCF76D
:10C9500037FECAE76A2E00206C2E0020682E0020C9
:10C96000B7180108C91801083F3001080600002067
:10C97000074AB2F84A309BB2042B01D9FFF7BEBE7A
:10C980004FF47A70B2F84A309BB25843FFF74ABF6F
:10C990006C2E0020F8B507460D4616461C46FFF7DC
:10C9A00027FB48B1F8B2FCF70DFFFCF771FF30B977
:10C9B000FCF726FFFDF700F900252846F8BDE8B290
:10C9C000FCF766FF05460028F2D0013E24B9FCF7CB
:10C9D00017FFFDF7F1F8F0E704F0F0FA16F8010F91
:10C9E000FCF756FF0028E3D0013CA4B2EEE70000BC
:10C9F0002DE9F341804617460C4600250D4E63781D
:10CA000040468DF80730217801230DF10702FFF72A
:10CA1000C1FF60B1A3782BB1316801333268521A7B
:10CA20009342FBD80135BD4204F10304E7DB02B0B9
:10CA3000BDE8F081982F00202DE98048142093B0A4
:10CA4000FFF788FB3A20FFF7DDFA38B10D223A20D4
:10CA5000BB49FFF7CDFF002840F049813220FFF7A6
:10CA6000D1FA002800F0E58000230F218DF838303E
:10CA7000322001230EAAFFF7D7FA002800F0D98050
:10CA80009DF83830332B02D0112B40F0D2800C228D
:10CA90003220AC49FFF7ACFF002800F0CA80002329
:10CAA0000F218DF83830322001230EAAFFF7BCFA8F
:10CAB00020B19DF83830112B00F01C814FF0030895
:10CAC000A14B3220C3F80080FFF744FB00229F4BAC
:10CAD0001A609F4B1B8B9BB21BB14FF4FA60FFF7A0
:10CAE00039FB0025102200210EA804F069FE102257
:10CAF00000210AA804F064FE1022002106A804F018
:10CB00005FFE2F462E460324A946AA46C82240F6B9
:10CB1000E4418F4BB8F1020F5B8A9BB202FB131307
:10CB2000039340F0F38004AA062301213A20FFF783
:10CB30007BFA10213A20BDF81050BDF81270BDF8F4
:10CB40001460FFF7C3FA0206EDBAFFBAF6BA40F175
:10CB50008D81C0F341047E4B1B8A9BB2022B06D110
:10CB6000032C04D0B4FA84F0400903F0EFFE7948B6
:10CB700012AB03EB490323F8105C23F8207C23F865
:10CB8000306C03780EA90AAA0DF1180C4BB909F103
:10CB900001035FFA83FEBEF1080F40F06B810123B1
:10CBA0000370002093460291024601460346CDF8E9
:10CBB00004C0DDF808C001303CF902EBC0B2CDF88A
:10CBC00008C07344DDF804C03BF902EB0828714447
:10CBD0003CF902EBCDF804C07244EAD1002BB8BF97
:10CBE0000733C5EBE303002BB8BF5B420029B8BF96
:10CBF0000731C7EBE1010029B8BF4942002AB8BF9D
:10CC00000732C6EBE202002AB8BF52420B4413447B
:10CC1000039A64209A42B8BF4F4B09F10109BCBF87
:10CC20001A684A4B09F00709B8BF1A60FFF792FA71
:10CC30006CE73020FFF7E6F998B10021012330209E
:10CC40000EAA8DF83810FFF7EFF950B19DF8383083
:10CC5000F82B06D1082230204049FFF7C9FE0028F2
:10CC60004BD13020FFF7CEF930B3002401230F2140
:10CC700030200EAA8DF83840FFF7D6F9E0B19DF8C4
:10CC80003830112B18D10C223020354B35491C700F
:10CC9000FFF7AEFEA0BB4C20FFF7B4F928B1052288
:10CCA0004C203149FFF7A4FE68BB01460720FCF782
:10CCB0006FFC4FF0010803E73220FFF7A3F90028CB
:10CCC000E9D000230F218DF83830322001230EAA3D
:10CCD000FFF7AAF90028DED09DF83830112BDAD101
:10CCE00001221F4B32201A7020490C22D0E74FF04E
:10CCF0000208E5E64FF00808E2E64FF00408DFE638
:10CD00004FF00608DCE64FF00508D9E6B8F1030F4E
:10CD100002D0B8F1080F2BD10623A82104AA322093
:10CD2000FFF782F9B5213220BDF91050BDF912701C
:10CD3000BDF91460FFF7CAF98408013CE4B20AE7C0
:10CD4000A43E0108CB3E0108542E00200C2F0020E9
:10CD50006C2E0020C12500209C2F0020EF3E0108F2
:10CD6000C02500202B3F01084F3F0108073F010865
:10CD7000B8F1040F24D106230221302004AACDF8F3
:10CD800010A0ADF814A0FFF74FF9A8B19DF811500D
:10CD90009DF813709DF81560AD01BF01B6010C211F
:10CDA0003020FFF793F983064FEA10145ED404F0A5
:10CDB000030484F00104CEE6054607460646EEE786
:10CDC000B8F1050F24D10623022104AA4C20FFF755
:10CDD0002BF901230C214C2004AABDF91050BDF9F8
:10CDE0001270BDF914608DF810A0FFF71DF99DF8C1
:10CDF0001030AD10602B4FEAA7074FEAA60605D00A
:10CE0000702B08BF002418BF0324A4E60124A2E667
:10CE1000B8F1060F7FF49FAE1A4BCDF810A01C7826
:10CE2000ADF814A0DCB930202821062304AAFFF7AE
:10CE3000FBF8B8B1BDF91050BDF91270BDF914601E
:10CE4000002C0CBF302032203521FFF73FF9C0F312
:10CE50008704022C0CD004F0FB04012CD3E7322011
:10CE6000A821E2E7054607460646E9E7032472E6FD
:10CE7000002470E621F8135022F813702CF8136088
:10CE8000013386E6C025002040220D4B1A61202286
:10CE90001A610F2200BF013AFCD14FF400121A614F
:10CEA0000F2300BF013BFCD14FF48003044A136100
:10CEB0000F2300BF013BFCD120231361704700BF4B
:10CEC000000C01404FF40013094A13610F2300BF07
:10CED000013BFCD1402313610F2300BF013BFCD178
:10CEE0002022034B1A610F2300BF013BFCD1704786
:10CEF000000C014020230A4A13610F2300BF013BAD
:10CF0000FCD1402313610F2300BF013BFCD14FF440
:10CF10008002034B98681A61C0F34010704700BF4D
:10CF2000000C0140014B1868FCF758BD542000204C
:10CF30002DE98048384A394913689BB043F0100303
:10CF40001360CA68364B22F4E0621204120C1343D9
:10CF5000344CCB60FBF7BEFEA369002143F0010314
:10CF6000A361A3696FF00B0003F001030793079B14
:10CF7000FBF76CFB00216FF00A00FBF767FB002159
:10CF80006FF00900FBF762FB00216FF00400FBF774
:10CF90005DFB00216FF00300FBF758FB0F216FF0E2
:10CFA0000100FBF753FB0F214FF0FF30FBF74EFB67
:10CFB000636813F00C0F07D0636803F00C03082BB1
:10CFC00036D16368DF0333D42368236823F0F80382
:10CFD00043F080032360636803F00C03082B33D015
:10CFE0000022114B1A66114A116823689D0100F155
:10CFF000B2820121636823F4741343F46013636005
:10D00000094B19661168236898011DD413685B1ACF
:10D01000022BF8D918E000BF0020024000ED00E02C
:10D020000003FA050010024000004242982F002041
:10D030000122C44B1A60C44A116823689E07C4D4F5
:10D0400013685B1A022BF8D9C04A136813F0060F55
:10D0500000F08782636843F4E0636360636843F4CD
:10D0600060536360636823F0F00363602368990191
:10D0700000F184824FF47A726368B54F23F4404321
:10D0800043F4004363603B68B3FBF2F3013BB3F14D
:10D09000807F0AD24FF0E022F0215361AD4B83F83C
:10D0A000231000239361072313614FF0E0221369DB
:10D0B0004FF002090326A84D43F0040313610F212A
:10D0C0004FF0FF30FBF7C2FA6B6812A923F0E06360
:10D0D00043F080636B60A369A04843F02003A36121
:10D0E000A3694FF0010803F020030B930B9BA36986
:10D0F0004FF0100A43F00403A361A36903F0040393
:10D100000A930A9BA36943F00803A361A369CDE9CD
:10D11000126603F008030993099BCDF85490FBF7BE
:10D1200017FB6B68A0F5406043F0E06343F40043F5
:10D130006B6048F27F73CDE91236FBF709FB4FF6BF
:10D14000F77300F5806000261293FBF701FB4FF4A4
:10D15000A063A0F58060CDE91236CDF85080FBF7D2
:10D16000F7FA00F58060CDE912A81496FBF7F0FA03
:10D170004FF4801303614FF40043A0F58060CDE9C4
:10D1800012381496FBF7E4FA4FF000430361CDE93F
:10D1900012984FF400391496FBF7DAFA8023C0F89E
:10D1A000109000F58060CDE91236CDF85080FBF785
:10D1B000CFFA6369052143EA0803636163690B20C1
:10D1C00003EA08030893089BFBF740FA4FF4006357
:10D1D000634D05212B605046FBF738FA4FF480333E
:10D1E00005212B601120FBF731FAC5F800905D4B4B
:10D1F0005D4D2B604FF48073C5E902384FF4602316
:10D200002846EB616E616E60C5F81080FBF77CFB11
:10D2100095F82430434510D02A6885F82480536B54
:10D2200023F01F0343F004035363136923F4E04323
:10D2300043F4C043136185F82460032601234FF4AF
:10D24000A04CCDE912634FF004080023464812A910
:10D25000CDE9183C149617931593CDF85880FBF739
:10D2600069F9022312A91393FBF764F91396064692
:10D2700012A9FBF75FF912A9CDF84C80FBF75AF918
:10D280002A68536843F0800353603046FBF78CF8FC
:10D2900080460028F9D1354E354B4FF001093360F7
:10D2A0004FF480734FF0020BC6E902394FF460234C
:10D2B00070617060306130464FF0030AF361FBF734
:10D2C00023FB4FF4A043CDE912B94FF004093046D7
:10D2D00012A9CDE91883CDF85890CDF850A0CDF81B
:10D2E0005C80CDF85480FBF725F912A9CDF84CB03D
:10D2F000FBF720F9062312A9CDE9123AFBF71AF938
:10D3000012A9CDF84C90FBF715F93046FBF74CF815
:10D3100080460028F9D14FF080426423154EFF214A
:10D32000C6E900234FF40073C6E903138023B060FD
:10D330003046B361FBF72CFC96F83C30012B2AD029
:10D340001AE000BF00004242982F00200020024057
:10D350001C02002000ED00E000000140001401402C
:10D3600000E100E000240140E8300020042000201B
:10D3700000280140EC2F00200223326886F83D305F
:10D38000936823F47F4323F077039360012386F8A7
:10D390003C8086F83D304FF00008B548FBF752FC62
:10D3A000B348FBF74FFCB2480CA9CDE90C88FBF75A
:10D3B000DFFC6023CDE91238042312A94FF00109E4
:10D3C00016934FF0020ACDF85080FCF781FA032340
:10D3D000A8480EA91193CDE90E9AFBF7B9F9A44814
:10D3E000FBF774FB4FF4FA63A34EDFF890E240F2D0
:10D3F0001B1BC6E900E34FF400733046C6E903B3D4
:10D40000C6E90588C6F80880FBF7C2FB96F83C30F1
:10D410004B450CD0326886F83DA0936823F47F43D7
:10D4200023F07703936086F83D9086F83C8092481D
:10D43000FBF708FC9048FBF705FC4FF00008302391
:10D440008D480EA9CDE90E38FBF792FC4FF0600C29
:10D4500040F20D13CDE912C3042312A91693CDF89F
:10D460005080FCF735FA96F83C30CDF84C80012B13
:10D4700023D033681A6A22F480521A621A6AD3F8E7
:10D4800004C0D969129821F4E64141EA00211498B8
:10D4900022F4005242EA00327948834202BF1798D0
:10D4A0002CF4804C4CEA801CC3F804C0D961139959
:10D4B00019641A62002386F83C3096F83D30012B3F
:10D4C00002D16D48FBF7E4FB6B48FBF7FFFA96F8D7
:10D4D0004130012B1DD1022386F841303368DA68D0
:10D4E00042F01002DA601A6A22F480521A621A6A52
:10D4F00042F480521A62624A934240F0A6805A6C0B
:10D5000042F400425A649A6802F00702062A40F088
:10D51000A9800F211E20FBF799F84FF080420620CA
:10D5200064214CF6CC46574B1A60574B574AC2E918
:10D53000003091601E6045F255561E60586099603B
:10D54000534912680868D368002B40F0B1804AF64E
:10D55000AA231360B1E013685B1A022B7FF645AD76
:10D5600072E5136823F0070343F0020313601368A6
:10D5700003F00703022B3FF46DAD7BE541F28830E9
:10D580006368434A23F0030343F0020363601168B6
:10D59000636803F00C03082B2ED13E4A136803F096
:10D5A0000703022B2DD8636812AD43F4E063636078
:10D5B000636823F460536360374B03F110062A4617
:10D5C00018685968083303C2B3421546F7D140F2D0
:10D5D0000123ADF83830626802F00C03082B1DD02F
:10D5E0002E4B62682E49C2F303128A5CD3402D4A47
:10D5F0001360FBF76FFB3DE513685B1A8342C7D9E5
:10D6000038E5136823F0070343F00203136013683F
:10D6100003F00703022B7FF42DADC4E7C2F383436D
:10D6200068336B44D20313F8203C0BD562681B4966
:10D63000C2F340424B4368326A4412F8302CB3FBC9
:10D64000F2F3CEE7184A5343CBE7B3F1804F3FF4F0
:10D650005AAF164A93423FF456AF02F580629342A6
:10D660003FF451AF1A6842F001021A6051E700BF5F
:10D67000EC2F002000080140A42F002000080040EB
:10D68000002C014000E100E000300040F81F0020C5
:10D69000982F002000200240D018010800127A00C4
:10D6A0003C3D01081C02002000093D000004004030
:10D6B0000B681B1A302B7FF646AF2A68AB4B9A4299
:10D6C00002D0AB498A4204D15B6813F4702F40F05A
:10D6D000878095F82430012B00F082800123A54833
:10D6E00085F82430FAF7E8FD002840F0AA81AB6AFB
:10D6F0002A6823F4706323F0010343F48073AB6260
:10D700009B4B9A4205D199494B6813F4702F40F016
:10D710008781AB6A23F48013AB625368580548BF16
:10D72000AB6A954942BF23F4405343F48053AB6244
:10D73000AB6A002013F4805318BFEB6A85F824000D
:10D7400018BF23F00603EB622B6A99626FF00201A7
:10D750001160916841F48071916093F82010012963
:10D7600031D0012183F8201093F82110012940F0D5
:10D77000658102F14C0E022283F821201A68986319
:10D7800010687E4E20F001001060D86B0390186C7A
:10D79000814003984160102019684860586810283B
:10D7A0000BBF8E60C1F808E0C1F80CE0CE60DB6A08
:10D7B000002B00F03B81136843F00E0313601368E5
:10D7C00043F0010313602B689A6802F46022B2F5FB
:10D7D000602F9A680CBF42F4A00242F480129A6053
:10D7E00001254FF020084FF0110940266148FAF753
:10D7F0004DFE6348FAF74AFE03F074FCA3696148E2
:10D8000043F00403A361A36912A903F004030E9378
:10D810000E9BCDE9128915951495FAF799FFCDE97C
:10D82000126915951495FAF793FF80234FF480023F
:10D83000C0F81080066153490A6100BF00BF00BFF5
:10D8400000BF0E6100BF00BF00BF00BF013BF2D1AF
:10D850004D48FCF76FF94D4B02251860FFF762FB4E
:10D86000A369112643F00403A361A369454803F0AB
:10D8700004030C930C9BA36912A943F00803A36152
:10D88000A369012403F008030693069BCDE9125611
:10D8900015941494FAF75CFFCDE91246159414948C
:10D8A000FAF756FF05614FF4803380250461036168
:10D8B00000BF00BF00BF00BF046100BF00BF00BFCA
:10D8C00000BF013DF3D13248FCF734F9314B186009
:10D8D000FCF772F903F072FB78222F492F4803F00E
:10D8E000C4FFFDF7FFF92E4B18702846FCF75AFECF
:10D8F00003F064FB2B48FCF767FA2B4B18602B48AE
:10D90000FCF762FA2A4B18602A48FCF75DFA2A4BAA
:10D9100018602A48FCF758FA294B186003F04EFBB0
:10D92000284A12AB12F8014B03F8014B002CF9D135
:10D93000254B4FF480720193244B12A90093244885
:10D940002346FCF73FF94FF0500383F31188BFF3F0
:10D950006F8FBFF34F8F4FF0FF3101221D4B1960C6
:10D960001D4B1A601D4B1C603AE000BF00240140B3
:10D9700000280140E83000206583000834200020A2
:10D9800004200020000C01405820002054200020DA
:10D99000A4200020A020002000FC01086C2E002004
:10D9A000F6290020A03D0108482E0020843D0108F2
:10D9B000A02F0020683D01084C2E00204C3D01089E
:10D9C000502E0020CB180108EC240020EC20002071
:10D9D000059E0008242F0020602F00209C2F00208F
:10D9E000314B1A78D2B2129219701B782F4A8DF8E7
:10D9F00017309DF8173003F05003137007232C4A9B
:10DA000013609DF8171009061FD4032B25D04FF083
:10DA1000500383F31188BFF36F8FBFF34F8FFEE77F
:10DA2000AB6A43F48013AB624B6877E6136823F06C
:10DA300004031360136843F00A03BFE683F8200071
:10DA4000C1E6002385F82430CAE69DF81710013B93
:10DA5000490013608DF81710D3E74FF4407313603B
:10DA6000129B114A002113704FF0E0234FF47A709B
:10DA7000D3F8202D42F47002C3F8202DD3F8202DC6
:10DA800042F07042C3F8202D196199613A68B2FBE7
:10DA9000F0F2013A5A6107221A61064B1960FAF74F
:10DAA000A1FBFEF743FDFEE700E400E0A831002003
:10DAB000A4310020200200200A4B80B120221A61EC
:10DAC0000F2300BF013BFCD14023064A13610F2303
:10DAD00000BF013BFCD14FF48003136170474FF44A
:10DAE0000012ECE7000C014010B50821044604F0D8
:10DAF00080000139FFF7E0FF11F0FF014FEA440415
:10DB0000F5D12022044B1A61FFF7F4F980F00100EF
:10DB100000F0010010BD00BF000C014048F2E80316
:10DB200058436423C00B584340F23D13B0FBF3F05D
:10DB3000074B5A8E92B242B139B95A8E92B2824292
:10DB40002FBF08465B8E9BB2C01A024B186070470D
:10DB50006C2E0020E41F0020002170B5FFF7DEFFCF
:10DB60000123174A52F83310884215DA4FF47A75B8
:10DB7000144A52F83360141D801B6843891B90FBC4
:10DB8000F1F00C3254F8334052F833301B1B584339
:10DB900090FBF5F0204470BD0133322BE2D14FF4FD
:10DBA0007A73EE22A0F540503138584390FBF2F0E2
:10DBB0000A22504390FBF3F000F5F570EBE700BF4D
:10DBC000383501083035010838B5044678B103F01E
:10DBD00017FDFFF7C1FF0546204603F029FA0A2387
:10DBE000B0FBF3F080B2284420EAE07038BD024B6D
:10DBF0009868C0F38F00ECE7582E002070B5FEF750
:10DC000093FD002857D12D4D2D4C6A692D4EB2B190
:10DC10002060708C80B200282ED00020FFF7D4FF47
:10DC2000052300EBC000B0FBF3F0203080B2338C52
:10DC3000FCF7ECFEFBF75EFC08BB686870BD738CFC
:10DC40009BB283B1F188B38889B29BB28B4228BF63
:10DC50000B461F2BC1BF0922203B03EB8303B3FB01
:10DC6000F2F22260D5E7F288B38892B29BB2934277
:10DC700028BF13462360CCE7FFF7A6FFD6E7738BD8
:10DC80009BB263B1104B196849B1104B1A68738B82
:10DC9000521A4EF660219BB24B439A4209D8FEF7C6
:10DCA0008BFC082805D06B69002B0CBF03200E20CD
:10DCB000C4E7002323600020C0E700BFE82E002057
:10DCC000442E00206C2E00200C2F00209C2F0020C2
:10DCD00008B5094B588C80B218B9BDE80840FFF769
:10DCE00073BF0020FFF770FF052300EBC000B0FBFF
:10DCF000F3F0203008BD00BF6C2E00202DE9F04F5E
:10DD000085B00390FFF7E4FF00224FF0FF091146B2
:10DD1000FCF77EFD2023012200215020CDF8009049
:10DD200003F036F8FCF758FE5C4D8346E88D002181
:10DD300080B203F0ABF95A4B4FF0000A1E68532330
:10DD40000446DFF860815848584FA8F80030032295
:10DD50005346514650F82B00A7F800A002F044FFAC
:10DD6000039B73B1BBF1040F14BF742367234A46AE
:10DD7000A8F80030514653464D48A7F800A002F0DD
:10DD800033FF4FF053034FF00A09A8F8003008237F
:10DD9000B4FBF9FA3B800123642C34BF19460221FD
:10DDA0001FFA8AF0002202F057FF0023FF221946D3
:10DDB000404802F019FF012309FB1A4019460022CE
:10DDC00080B202F049FF00233B481946FF2202F0CF
:10DDD0000BFF4FF05303B6FBF9FAA8F800301023FD
:10DDE000B6F57A7F3B801FFA8AF038D301230022F0
:10DDF000032102F031FF0023FF2219462F4802F0D1
:10DE0000F3FE039B1822002B0CBF0023162305EB07
:10DE100043039888532180B2FCF7FAFB7423A8F8D7
:10DE200000301023BBF1040F3B802DD16B890233EE
:10DE3000DBB2B4FBF3F0AB899BB2984238BFA88940
:10DE4000AB8938BF80B29BB2C01A092828BF09200D
:10DE50000130C0B205B0BDE8F04F02F063BF01234E
:10DE6000642E34BF19460221002202F0F5FE002381
:10DE7000FF2219460F4802F0B7FE012309FB1A6082
:10DE80000022194680B2B4E700213046FCF772FB4D
:10DE900005B0BDE8F04F02F0DDBF00BF6C2E0020E2
:10DEA0003C2E00206A2E0020B8490108682E002070
:10DEB000C1180108BF180108C5180108C7180108D2
:10DEC00010B547F6FF70FFF747FE0446002003F049
:10DED000AFF80A23B0FBF3F080B22044013810BD44
:10DEE0002DE9F04FB1B0FBF783FFFEF765FB8346EA
:10DEF00003F016F9002840F0F48003F01BF900F05D
:10DF00000100AD4B1D68AD4B1A78002A41F0F78532
:10DF1000002801F01E86AA4A127822B1032D02D0F1
:10DF20000E2D41F0108601221A704FF0000B0120D7
:10DF300002F03EFC082D00F09C8100F3F380052DDB
:10DF400001F05B8200F3D280032D01F0C281042D29
:10DF50009C4E9D4C01F02C84012D00F076864FF0F4
:10DF600000099A4B974DC3F80090E88D494680B25E
:10DF700003F08CF84846FFF727FE954BEC8B93F89F
:10DF800000A0DFF85082CA450CBF32234FF0FF33A8
:10DF9000914EA4B20790A8F80030A6F80090002C8B
:10DFA00000F0DE83E88D494680B203F06FF8074643
:10DFB000FCF712FD8246484603F03AF80A23B0FB0C
:10DFC000F3F46B8CA4B29BB22BB1052304EBC40415
:10DFD000B4FBF3F4203403F0B7F80A22B7FBF2F3F2
:10DFE00002FB137799B2BBB205910493002800F0AD
:10DFF0004C830021FF2700264FF03D09774B084650
:10E0000038220093202302F0FDFC2023012200216E
:10E010003920009702F0BCFE6F4B71480322314655
:10E0200050F82A001E803346A8F8009002F0DCFD6C
:10E030000823694A02211380059801233246A8F873
:10E04000009002F009FE33463A463146654802F038
:10E05000CBFD012332461946049802F0FDFD3346FC
:10E060003A463146604802F0BFFD1022494620463C
:10E07000FCF7CEFA18224946A88880B2FCF7C8FA05
:10E08000514CE389002B00F0A785FBF7B1FE574BFD
:10E090001822082100200093102302F0B3FC1C2753
:10E0A00008234D4D4B4E0A22002151482B803B4600
:10E0B000378002F099FD1023FF222B8000213B4680
:10E0C0004C48378002F090FDE2894B4B012A1B68D7
:10E0D00040F07285BBF1000F40F0CE820223E38155
:10E0E000CAE201200DE7002001F027BD062D364CC5
:10E0F00041F0F480A389334E13B9B6F8543023832A
:10E100004FF47A72B6F85630BBF1080F9BB2B2FBEF
:10E11000F3F3049303D0BBF1100F40F07986012391
:10E1200000F058BD0C2D2AD016DC0A2D00F0E2813B
:10E130000B2D40F0A18203F079FA0146002841F04E
:10E140005E82244BFF221880234B188003462B4805
:10E1500002F04AFD0B2528E00D2D01F0BD840E2DA7
:10E160007FF4FDAE0122184B5A61FFF747FD244BA7
:10E17000244A1B681268134340F0788283E2124DF0
:10E18000AC89022C44D00DD89CB91F4E33782BB1EA
:10E1900059461E48FBF74AFE10B134700123AB818B
:10E1A0000C2502E0032C4ED00A25284631B0BDE8EC
:10E1B000F08F0223F3E700BF18020020102F002089
:10E1C000112F00206C2E0020E82E0020442E00206D
:10E1D000382E00206A2E0020682E0020D548010825
:10E1E000B8490108BF180108C5180108FE41010817
:10E1F000EE300108F93001089C2F00205B31010846
:10E20000082F00200C2F0020F62900205E30010886
:10E21000A54B1B68002BC3D0012B12D1A34BDB8F66
:10E220009BB2012B0DD85946A148FBF7FFFD0028F2
:10E23000B6D003231D20AB81FBF7C2F9FCF7E0FC4D
:10E24000AEE70323ABE702F0E9F880B9974BB3F8E8
:10E2500040309BB2012B0AD859469648FBF7E6FDA1
:10E2600000289DD01E20FBF7ABF9FCF7C9FC042366
:10E2700095E7914BB3F80CA0BAF1000F4ED102F024
:10E28000CDF8002843D002F0D9F8002841D18B4BBB
:10E290001F6842F210739F4294BF002701277F003E
:10E2A000874B93F83421002A35D193F83480002627
:10E2B000844D854C3346FF22314684482E8026808B
:10E2C00002F092FC0823FF22314681482380334626
:10E2D0005FFA88F82E8002F087FC3346FF22314631
:10E2E0007C4802F081FC012332460221404602F0C4
:10E2F000B3FC3346FF223146764802F075FC47B343
:10E300003346FF223146744802F06EFC21E0074696
:10E31000C6E70227C4E793F83481C8E7BAF10B0FC8
:10E3200000F2B5806D4A0AF18043013B52F8234068
:10E33000B4F1804F13D200253222A846C4F38923BA
:10E340005343C4F3090493BB5B4B0AF1010AA3F8DE
:10E350000CA0BBF1020F40F09E800D2525E704F0D4
:10E360004043B3F1404FEFD1156815F4000511D0CB
:10E3700004F04055B5F1805F0AD16422C4F34843EC
:10E38000C4F30728E5B25343002402FB08F8DAE798
:10E39000002DD9D16422C4F34743C4F3072804F005
:10E3A0007F04534302FB08F804EB8404CBE74FF4EB
:10E3B0007A724FF00009B3FBF2F3424F424EB8FBC2
:10E3C000F2F84946FF22414804934B46A7F80090D3
:10E3D000A6F8009002F008FC08234A4602215046A5
:10E3E00033800123A7F8009002F036FC4B46FF2251
:10E3F0004946384802F0F8FBB8F1000F0CD0012371
:10E400004A4602211FFA88F002F026FC4B46FF2202
:10E410004946334802F0E8FB012300220221049818
:10E4200002F01AFC0023FF2219462E4802F0DCFB02
:10E430000023FF221946274802F0D6FB55B10123DD
:10E4400000220321284602F007FC0023FF22194680
:10E45000254859E76427A6B2B4FBF7F401232A46FE
:10E460000221A0B202F0F8FB2B46FF2229461F48EA
:10E4700002F0BAFB07FB14602B462A46022180B249
:10E4800002F0EAFB2B46FF22294619483CE700230D
:10E49000094A93815DE7BBF1010F01BF064A9389E9
:10E4A00001339381082580E6542E00206C2E002035
:10E4B0007730010893300108E82E00209C2F0020BF
:10E4C000242A00206A2E0020682E0020E31801086C
:10E4D000EC180108D3190108F2180108F8290020E6
:10E4E000C3180108C5180108C7180108BF1801089A
:10E4F000B5180108FBF77CFC8D4BD3F8002C8D4B35
:10E500009A4234D110238C4A03F1006101F5C031E5
:10E51000506891F8F54BC45491F8F40B51681944C4
:10E520000233702B4870EFD1102303F1006101F525
:10E53000C031906891F8554CC45491F8540C9168CE
:10E5400019440233702B4870EFD102F027F9FEF71F
:10E550000FFAFBF74DFC794B1A8B92B2022A7BD152
:10E560000023774A1360774A136003251DE6764A35
:10E570001378AA2BEDD1DFF8C481B8F84A309BB2EA
:10E58000002BE6D0537801260493FBF731FCDFF82B
:10E59000BC91FEF711F80028DBD116F8094006EB14
:10E5A0000907FE2C56D0FF2C27D09CB34FEA540A03
:10E5B000054654464FF0600B7B1C0593554525DA04
:10E5C000059B13F815300135B3FBFBF0602B0BFBFB
:10E5D00010301EAB17F8152000934FF0080300F120
:10E5E00010008DF8782038BF19464FF0010228BF7F
:10E5F0001021C0B202F006FAE0E7102301376022D2
:10E6000008211846009702F0FDF9602402F0C6F8D0
:10E610006400013402F0C2F8049B264413B1980050
:10E62000FDF798FDB8F84A309BB2002BB1D040F20C
:10E63000FD339E4201DC002CABD1B8F84A309BB2CE
:10E64000062B84D14FF4C870FDF784FD0126FBF73B
:10E65000CFFB9EE70124DDE71A8B92B2012A07D196
:10E660003B4B374A1B681360364A136001259CE513
:10E670001B8B9BB2032B01D0002596E50023304A6B
:10E680001360304A13600E258FE5AB8B9BB26BB1E4
:10E69000079B372B0ADD4FF47A722D4B1B68B3FBB7
:10E6A000F2F102FB1133B3F5967F05D3FFF710FBB0
:10E6B00001220021FCF7ACF8FF27202301220021D2
:10E6C0005020009702F064FBA8880022532180B2FA
:10E6D000FBF79EFF08235325002202210598338073
:10E6E0000123A8F8005002F0B7FA00233A46194671
:10E6F000184802F079FA012300221946049802F022
:10E70000ABFA00233A461946134802F06DFA10237B
:10E710003380002311480322194650F82A00A8F834
:10E72000005002F061FA182229462046A6E400BFF4
:10E730000080010855AA0DF0142F00206C2E002037
:10E74000082F00200C2F0020008C0108018C0108EC
:10E750009C2F0020BF180108C5180108B8490108FE
:10E76000B84B1F68BAF1000F40F01081B64B382249
:10E77000514644200093202302F044F9B34B0C206F
:10E78000382251460093202302F03CF90124A8F8D6
:10E7900000A00C26FCF7DAF94420EB8A9BB2002B90
:10E7A00000F08D80EB8A9BB2022B00F00781032BD7
:10E7B0000CBF64224FF49672A54BA64D1B68DB1B61
:10E7C000B3FBF2F303F007091C2303FB0955002CEC
:10E7D00040F0F680C31D184606939F4B04930A230E
:10E7E0004FF0010EDFF87482A3F10A0202F0070174
:10E7F0000EFA01F1C2F3C40208915242049902F0E8
:10E800000E028A180592002203F007010EFA01F1A8
:10E8100043F3CC0A0991059F17F8011B0597089F40
:10E8200039420DD0069958F82A70114489B27F5C9C
:10E83000DDF824C027EA0C0758F82AC00CF801704C
:10E8400001320E2AE7D101339BB2132BCCD10A211E
:10E85000039301230095CDE90131092302F01AFB4E
:10E8600045237F4D03FB0955002C40F0D48006F171
:10E87000100426460427B946E4B204F117085FFAEB
:10E8800088F829F0070308331BB21C2BA8BF1C23F0
:10E8900009F0FC0142469946204603F0FC0302F0D1
:10E8A000A1FA013FEDD11C230421CDE9021301237C
:10E8B0001722CDE900533046182302F0EBFA02F09C
:10E8C00043FC684B80461D78002840F0DF80079BA2
:10E8D000372B57DD644B9B8B9BB273B14FF47A722D
:10E8E0005B4B1B68B3FBF2F102FB1133B3F5967F70
:10E8F0002CBF4FF000084FF00108002D14BF00247A
:10E900004424FFF7E5F9102201211EAB0646FAF771
:10E910006BFD2023002104F13402201D02F062FA75
:10E92000B8F1000F2ED13046FAF731FD9DF87E3058
:10E930000746002B40F0EB80424631462046FBF76D
:10E94000DDFE31462046FAF72BFD474B474A5B8CEC
:10E95000474E9BB2002B18BF1646464B0624009329
:10E96000082300EBC7071946032238B202F04AF821
:10E9700033784149023B381D002204FB031100B2E9
:10E98000FBF778FE002D40F0BF808FE03B4B382234
:10E99000214620460093202302F034F8384B3A20D9
:10E9A000382221460093202302F02CF874233A26C3
:10E9B000A8F80030FCF7CAF82046EEE6C822FBE6CD
:10E9C00000F1230305F10E0118460A46DFF8B4C032
:10E9D00006931EAF0DF1300E134612F8018D0EF89E
:10E9E000018B1CF8018D954207F8018BF4D1264D5F
:10E9F0001B330DF13D070DF1850213F801CD07F82A
:10EA000001CF15F801CD994202F801CFF5D11EAB27
:10EA100004930CADE3E606F111042646002205F14D
:10EA200017071EAD0023B818A918013310F801CD3F
:10EA3000DBB2172B01F801CBF7D11732452AF1D100
:10EA400018E700BFE82E0020582D0020782C002069
:10EA50009C2F00207244010856440108142F002006
:10EA60002E420108382E00206C2E0020E1180108EB
:10EA700045190108524501080D1A0108F54701081A
:10EA800015470108644401087244010865BB20234E
:10EA9000382229464420009502F07AF9A64B382204
:10EAA000009329462023442001F0ACFF44250C2488
:10EAB0002846FBF757FE2046FBF754FE02F030FBDA
:10EAC00028B1284602F046F92846FBF74BFE02F033
:10EAD00031FB00283FF4D4AA204602F03BF920463F
:10EAE000FBF740FEFFF7CCBA002420233822214652
:10EAF0002046009402F04CF9904B382200932146B6
:10EB00002023204601F07EFF00253A24D0E71E99FD
:10EB10000846FAF73CFC874207D09DF97C20204646
:10EB2000FBF7ECFD9DF97D2007E731462046FAF71B
:10EB300037FC032F82463CD0022F14BF4FF001094F
:10EB40004FF00A094FF00A080AEBC7031BB20593FE
:10EB50001E99062091FBF9F191FBF8F308FB1311C4
:10EB6000B6FBF9F3B3FBF8F208FB1233744AC9B2EF
:10EB700000FB0322DBB2994204920ED100225046E0
:10EB80000499FBF777FD059B0AF108000FFA80FA5C
:10EB90009A45B9FBF8F9DBD1D3E60620684B9DF91D
:10EBA0007C2000FB01315046FBF764FD9DF97D2080
:10EBB000E5E74FF06409C5E7624A12689B1A41F223
:10EBC0008832934203D8BBF1000F3FF455AD0023C8
:10EBD000E3810423A3604FE5BBF1000F1AD0A389A2
:10EBE000002B3FF449AD0123BBF1040FA3811DD0DD
:10EBF00013D89B4525D102F0A7FAF0B9524AD38B1E
:10EC00009BB2C3B1138C9BB2B3FA83F35B095B0075
:10EC1000A3602BE50123A3812EE5BBF1080F7FF450
:10EC20002BAD0323A3600525FFF7BFBA0223A36022
:10EC30000725FFF7BABA0223EAE70323A4F80EB0C8
:10EC4000C8E70425A360FFF7B0BA00236361E38936
:10EC50003E4F002B3ED0738C9BB2002B37D0338EAF
:10EC60009BB21F2BC1BF0922203B03EB8303B3FBE5
:10EC7000F2F3D8BF00233B6000203D68FEF7A4FFFD
:10EC80002D1A0A35142D2CD8238B33B9304B1B6821
:10EC900003F24D1323610123238323690BB12C4B12
:10ECA0001B68E089338C003818BF0120FFF726F875
:10ECB000F58BADB225B1358CADB2003D18BF012545
:10ECC000FDF798FD78B185F00105A560D4E4338E99
:10ECD0009BB2D0E7738C9BB20BB1B388C0E7B3880B
:10ECE000F6E70023D8E7FAF705FC054600287FF48D
:10ECF0003CAC184B1A78082A06D9187001233860E2
:10ED0000A3600925FFF751BAA389012B4BD9BBF1A9
:10ED1000200F25D1032B594609D10F48FBF786F860
:10ED200000283FF4A3AC0123E561A3819EE40B48D6
:10ED3000FBF77CF89AE400BF982B002035460108C9
:10ED40000D1A0108082F00206C2E0020442E0020F0
:10ED50009C2F0020402E0020AF300108A830010871
:10ED6000E36923B1464A126893420BD8E061BBF1D4
:10ED7000000F0AD0BBF1040F0AD0414B1B6803F50A
:10ED80007A73E36159463F48D2E70323E3606DE4B9
:10ED9000338E9BB2002BF0D0F38C9BB2012BECD1C5
:10EDA0000123E38162E4F28B92B222B1358CADB2E1
:10EDB000003D18BF0125BBF1040F22D004D8BBF1E0
:10EDC000000F17D0032332E7BBF1100F15D0BBF1B2
:10EDD000200F12D1F28C92B2002A3FF447AC594670
:10EDE000A3B92948FBF722F800283FF43FAC0223DF
:10EDF000A3813BE4C4F80CB038E485F00105EDB222
:10EE000063E7338E9BB2002BCAD12FE41F488FE7F4
:10EE1000708C80B2D8B10020FEF7D6FE052300EB3F
:10EE2000C000B0FBF3F0203023691FFA80FA13B959
:10EE3000134B1B682361608B218B60B98A45A4F852
:10EE40001AA007D359461248FAF7F0FF14E4FEF768
:10EE5000BBFEE9E750460A4F23693A688842A2EBB5
:10EE600003084FF47A73B8FBF3F81FFA88F811D24D
:10EE70008A4580F08C81AAEB01035A425A410EE088
:10EE80009C2F0020B8300108A8300108AF300108DD
:10EE900068250108EFD98A458CBF00220122E38949
:10EEA00098451BD3D2B13868A2892061B6F85200C8
:10EEB000013292B280B28242A281618340F26981C2
:10EEC0004FF47A7BB6F86C304FF000089BB2BBFB76
:10EED000F3F3A4F80E80A4F818800493B6F8523027
:10EEE000A2899BB29A420AD90020FEF76DFE36280D
:10EEF00005DC63691BB93B6803F24D136361618BE9
:10EF0000B4F81890494580F0AB813A682368D31A69
:10EF1000049AB3FBF2F30B449BB2994528BF994680
:10EF2000308C80B2002800F0C681A389B6F852B0B8
:10EF3000F08D0693E389002180B20024049302F04F
:10EF4000A5F8B74BB74F1B68B74E22460321089070
:10EF50000593504601233C80348001F07DFE23461A
:10EF6000FF222146B14801F03FFE01232246032142
:10EF7000484601F071FEAE4B032221462A20009341
:10EF8000082301F03FFD2E2320463B80348001F012
:10EF9000EBFF36233B800123224619460698348036
:10EFA00001F05AFE2346FF222146A04801F01CFE34
:10EFB0005FFA8BF30793012322461946079801F065
:10EFC0004BFE532334803B80FBF706FDDFF864C221
:10EFD00023465CF820000322214601F005FE4FF095
:10EFE0003C0B4FF00803B8FBFBFA338001231FFAF8
:10EFF0008AF0194622463C8001F02EFE2346FF226D
:10F0000021468D4801F0F0FD0BFB1A802346224675
:10F01000022180B201F020FE2346FF2221468348D0
:10F0200001F0E2FD049A0123B2FBFBFA19465046B7
:10F03000224601F011FE2346FF2221467E4801F0C0
:10F04000D3FD049A23460BFB1A200221224680B2EC
:10F0500001F002FE4FF00A0B3E23089A3B80B2FB00
:10F06000FBFA4FF008031FFA8AF022460221338090
:10F07000012301F0F1FD2346FF2221466F4801F0F4
:10F08000B3FD0123089A19460BFB1A20224680B2D1
:10F0900001F0E2FD2346FF226948214601F0A4FD6C
:10F0A00062233B804FF008033380059B2246B3FB6D
:10F0B000FBFAB3F57A7F1FFA8AF04FF00103C0F034
:10F0C000E080032101F0C8FD0023FF2219465D48BE
:10F0D00001F08AFD81237022009310210823002073
:10F0E00001F056FE049B83B1984528BF98466E23D5
:10F0F00003FB08F2049B1021B2FBF3F27E230120F4
:10F100000093D2B2082301F043FE74233B80102306
:10F11000002105983380FBF72DFA01F09BFE0021BA
:10F120001822069B39803280002B40F0BB800023E0
:10F130000C221946444801F057FD444E444C738C50
:10F140009BB2002B00F0BA80B9F11F0FC1BF092399
:10F15000A9F1200909EB8909B9FBF3F3D8BF002312
:10F160002360FDF747FB00287FF486AA394B5A69D4
:10F1700022B1394909688A427FF67EAA374A117856
:10F18000082940F29E80002323601370B9E5012214
:10F1900085E6032A35D00BD8012A14D0022A29D0BB
:10F1A0004FF47A7208465343091A93FBF1F31CE0BB
:10F1B000042A2DD0052AF3D1B6F86A30B6F86820B3
:10F1C0009BB2E38105E0B6F85A30B6F858209BB2FE
:10F1D000E3814FF47A7092B28A4200FB03F32283F8
:10F1E0001046E1D9521A93FBF2F39BB24FF000089C
:10F1F000049373E6B6F85E30B6F85C209BB2E38108
:10F20000E7E7B6F86230B6F860209BB2E381E0E74A
:10F21000B6F86630B6F864209BB2E381D9E700BF48
:10F220003C2E00206A2E0020682E0020FA180108CB
:10F2300052450108B8490108B0180108BF18010873
:10F24000C5180108C7180108682501086C2E0020A0
:10F25000442E0020E82E00209C2F0020402E00206D
:10F260007FF65EAE22683B689B1A049AB3FBF2F30A
:10F27000CB1A9BB299453FF653AE994228BF9946A7
:10F280004EE6022101F0E8FC2346FF222146AD486C
:10F2900001F0AAFC059B22460BFB1A30012380B229
:10F2A00019460FE7DDE9063083423FF640AF484696
:10F2B000FBF7AEF941E7FEF721FD3EE7C4F8009009
:10F2C0004FE79B89002B3EF470AFB6F85230FEF743
:10F2D0006CBF31B0BDE8F04FFEF790BC00229A4BF6
:10F2E0001A60A3893BB9BBF1000F01D10123A381AF
:10F2F0000023E38114E0BBF1040F68D00AD8BBF10E
:10F30000010F924B6FD0BBF1020FF1D15B8F5B42CB
:10F310001BB206E0BBF1080F47D0BBF1100F38D08D
:10F320000023E2898948C82A88BFC822C18E88BFC5
:10F33000E2815A4289B212B2002918BF1346DBB1EA
:10F34000828883EAE371A1EBE37113441BB20AB232
:10F3500093FBF2F35943438C09B29BB2002B44D088
:10F360002029B8BF2021B1F5337FA8BF4FF43371F6
:10F37000002089B2FAF70CF9FBF7CEFA744B754A04
:10F380001B6812689B1A40F6B83293427FF650AC65
:10F3900001E0FBF7C1FAFBF733FC6568012D14BFF0
:10F3A00001230423A360FEF700BF6949E2892369B2
:10F3B0000868D31A0344B3F5967FB1D9634B1B8F0A
:10F3C0005B42096821321BB22161E281A9E76049F1
:10F3D000E28923690868D31A0344B3F5967F9FD95D
:10F3E0005A4B1B8FEDE75B8F92E721EAE171B1F594
:10F3F000BE7FA8BF4FF4BE71BAE70024564E574DEA
:10F40000DFF85C812346FF222146564898F80C70AD
:10F4100034802C8001F0E8FB3480082652482346D3
:10F42000FF22214650F827002E8001F0DDFBB74275
:10F430007FD018D8042F54D00ED8022F3DD0032FE0
:10F4400046D0012F2ED0BBF1020F40F0CB80042319
:10F45000C8F80830FFF710B9062F4CD0072F43D15A
:10F46000FEF72EFD43E00C2F00F0B2800DD80A2FDE
:10F4700000F091800B2F40F085803C4B0121986873
:10F48000C0F38F00FEF74AFB81E00E2F00F0A3804F
:10F490000F2F00F0A5800D2FD5D1354B1868F9F747
:10F4A00059FD4BE0334BD3F8E847D3F8EC0701F0B4
:10F4B00029FC204601F026FCC5E72F4BFF221D68E2
:10F4C000214623462D4850F8250001F08DFBBAE770
:10F4D000FBF782FA23462146294CFF2254F82000EC
:10F4E000F3E7FBF705F8AEE72046FEF76DFB0123D7
:10F4F000224606211BE0204601F09AFD0A25B0FBBA
:10F50000F5F001232246394680B201F0A5FB2346DF
:10F51000FF2221460B4801F067FB204601F088FDE1
:10F52000B0FBF5F303FB150001232246194680B218
:10F530004BE0074B18686423B0FBF3F00123002273
:10F540000821F4E7BF180108442E00206C2E00208B
:10F550009C2F0020082F00206A2E0020682E0020FB
:10F56000E82E0020FC180108F0490108582E002060
:10F57000502E002000F0FF1F542E0020CC4901081F
:10F58000B84901087B4B18686423B0FBF3F00123F2
:10F5900022463146CBE701F0FFFDB0FBF7F0012337
:10F5A00022460621C0B201F057FB2346FF22214626
:10F5B000714801F019FB01F0EFFDB0FBF7F303FB1D
:10F5C0001700012322461946C0B201F045FB3AE775
:10F5D0006A4B588EDBE76A4B1868F9F7BBFCD6E735
:10F5E000684BF9E7BBF1010F7FF41DABB8F80C30A5
:10F5F000013303F00F03A8F80C30FFF714BB01F040
:10F60000A3FD054600287EF4CBADFEF7DDFA0446E7
:10F61000284601F00DFD0A23B0FBF3F080B2241A56
:10F62000002CB8BF6442092C3EF7BAAD564CA789EE
:10F630000F2F00F28680554D62692B689B1A642B50
:10F6400009D901F0DDFF2369A789034423612B68F1
:10F650000137A78163614FF000084D4E4D4D434681
:10F66000414614224C48A6F80080A5F8008001F01D
:10F67000BBFA81230093082340461946802201F0FB
:10F6800087FB7E22BC08E3B2042B9CBF5343C3F329
:10F6900087027E23009308234FF0000810241946A8
:10F6A000012001F075FB4346414603223B482C8074
:10F6B000A6F8008001F098FA4046FEF785FA224647
:10F6C0001821FAF7A5FF4E234246338007F47F70D6
:10F6D000012302212C8001F0BFFA43464146FF225C
:10F6E0002F4801F081FA20461824424601230221C6
:10F6F00001F0B2FA4346414603222A48A6F80080A8
:10F700002C8001F071FA404601F092FC0A23B0FB14
:10F71000F3F02246214680B2FAF77AFF42234146AF
:10F7200033800522434620482C8001F05DFA134BBC
:10F730004246588E0521012380B201F08DFAFEF772
:10F7400009BD20690121C0F30F10FEF7E7F981B26E
:10F750001720F9F71DFF59461448FAF767FB0028F0
:10F760003EF4F8AC00212420F9F712FFFBF748FA29
:10F77000FEF7F3BD0C2F0020BF1801086C2E0020EF
:10F780004C2E0020482E0020E82E00209C2F002028
:10F790006A2E0020682E00205B3101080C19010838
:10F7A000FA180108141901081C1901083F30010852
:10F7B000E289A389002A40F0B880B1480C90142255
:10F7C000B049B14FD1F800C040F6B731ADF82E3096
:10F7D00053433A6800EB0308A2EB0C028A4240F262
:10F7E000AB80C25C002A00F0A78001226283C35C68
:10F7F000A64A396802EB4303B3F85400A1F6B831C6
:10F8000002F59F72A1EB0C011044FAF741FB238B28
:10F8100023B980210C98F9F73DFE2083638B002BE0
:10F820006DD14FF02008BDF82E100C98013189B22F
:10F83000F9F730FE1421B4F818A0BDF82E20B8FB5B
:10F84000FAF80C9B814601FB0233187CB8F1010FDA
:10F85000B8BF4FF00108372800F28B80F9F7E2FEBD
:10F8600080F00100C0B2FA223B68B3FBF2F102FB68
:10F8700011337C2B01D9002841D0B9F1000F0CBF06
:10F880004846A9F1010080B2B8F1200F4FEA4010BC
:10F8900018BF0123B0FBFAF018BF03FA08F3C0B297
:10F8A0000CBF4FF0FF3303F1FF331F288CBF4FF025
:10F8B000000803FA00F85FFA88F3012200217F2094
:10F8C0000093082301F064FAC8F307230093082388
:10F8D000012219467F2001F05BFAC8F30743012299
:10F8E00010217F200093082301F052FA4FEA186399
:10F8F00000930122082318217F2001F049FA0CAB64
:10F900001E930DF12E031F93B6F87230BBF1040F56
:10F910009BB23FD02FD8BBF1010F5AD0BBF1020FE1
:10F920006DD00023C4E904332BE05949013A51F862
:10F93000230093B20C9042E798F81290B9F1000FAF
:10F9400013D098F81110514A603132F8110002F5C5
:10F950009F72104401F06EF909EB49034D4A9B0078
:10F96000023B138000224C4B1A80D8F8083098478D
:10F970004DE7012077E7BBF1080F31D0BBF1100F45
:10F980005DD02369C93B632B3EF60FACC8232361CE
:10F99000FEF70BBC33BB23693A681A44636903F56D
:10F9A00096739A42EDD91EA8F9F72AFE1421BDF8E4
:10F9B0002E200C9B01FB0233187C37284CD90023E6
:10F9C0003A6813446361236921332361002323834D
:10F9D000D7E7B3B9638B002B45D000236383D0E70F
:10F9E000002BD8D1396823696269194402F59672EF
:10F9F0009142C6D93A6821336261236101E0002B4C
:10FA0000E8D10326224FDFF87880638B002BE4D106
:10FA1000E2892383A660A389002A47D114220133F7
:10FA20009BB2A38102FB0383D3F80890B9F1000FC6
:10FA30004AD1FBF7E5F802234D46A360A1E7E78929
:10FA4000022627B9FBF7DCF8A660FEF715BE0023F7
:10FA5000A660E381FEF7A9BBF9F7E4FD0028AED06C
:10FA60004FF4FA63ACE72383E389DBB91421BDF8D3
:10FA70002E200C9B01FB02335B687BB1984780E72B
:10FA8000484A0108082F00209C2F00204A23010823
:10FA9000344A01086A2E0020682E00200123E381E9
:10FAA000A3606EE71EA8F9F7ABFD6AE714210132E7
:10FAB00092B257F82330E281013A01FB02339A688F
:10FAC00012B90223E281EBE7DB68002B3FF459AF68
:10FAD0009847002899D054E7204B1A78082A01D07B
:10FAE000022A03D100221A70FEF7DCBC1C4BB3F8CB
:10FAF0004C309BB2002B3EF453ABFEF72BBB0028DF
:10FB00007EF413AA18700020FEF75EF8312813DC8B
:10FB1000134B5B8A9BB27BB11249134A0B68126884
:10FB20009B1A4EF66022934206D90B680F4909686A
:10FB30005B1A93423EF6D7AA012000F039FE4FF03F
:10FB4000000BFEF7F7B9BBF1000F3EF4EEA9FEF78C
:10FB5000EEB9BBF1000F7EF4EAA9D4E7E42E002051
:10FB60006C2E00209C2F00200C2F0020082F00203E
:10FB700000231C462DE98048984A91B01380984A8A
:10FB800098491380984A994D1370994A02F1800060
:10FB90000A60486002F5807002F5C0728860CA6031
:10FBA0006878013400F0D1FD192C05F10305F7D177
:10FBB000904C012000F0FCFDB4F84800DFF838A2BA
:10FBC000C0B200F0FBFEB4F84600DFF8309280B21D
:10FBD000003818BF012000F007FF0023DFF8208263
:10FBE000884F3722884EDFF824E203EB060C03EB44
:10FBF0000A0503EB090003EB0801DE199E441CF81B
:10FC000002B005F801BB16F802B000F801BB1EF8FF
:10FC100002B0013A01F801BBF1D23833E02BE0D158
:10FC200001F0EEFC20220021794801F0C9FD208A74
:10FC300000F0010000F08AFE01F072FA10B1042217
:10FC4000744B1A7001F076FA10B10822714B1A70D9
:10FC5000714B6F4F1B680593FEF742F96F4B0446DB
:10FC60001B68984213D06C4A0A2B1268C7E900231C
:10FC700006D1604B1B8B9BB2002B39D001237B60DC
:10FC800014220021664801F09BFD644B1C60BB6898
:10FC90002BB3644B534C03F180022360626003F585
:10FCA000807203F5C073A260E360FEF719F9504B50
:10FCB000B86803F1800223606260032803F5807254
:10FCC00003F5C073A260E36000F0B08012DC01288D
:10FCD00000F07881022800F074810023BB6000F0FE
:10FCE0005DFD01F06BF9282105A8FCF7FDF9B3E7EC
:10FCF0001C46C5E70428F0D1484B0CAC1B680193A7
:10FD0000454B1B680793FCF757FCB0FA80F6464B4F
:10FD100076090FCB84E80F00019B042B40F055813E
:10FD2000304800F0B5FC0390204600F0B1FC4FF0E5
:10FD30007F0B814601244FF00008202C00F04C81FD
:10FD40006FF00102624304FB04F360325A43520134
:10FD500002F58042D20B924640465FFA8AFA82450B
:10FD600000F23D81019B042B17D164235A4349467D
:10FD7000C2F34712039800F09EFC1A4B010A1A685E
:10FD800082F87F005A6882F87F109A68DB68010C5D
:10FD9000000E82F87F1083F87F00FCF70DFC00282E
:10FDA00008BF46F00106FCF707FC10B1002E40F03A
:10FDB000FF80AAEB0803D04588BF002343445FFAC5
:10FDC00083F8E30701D500F0E9FC0E2107A8013410
:10FDD000FCF78AF9212CB0D17FE700BF682E002004
:10FDE0006A2E0020142F0020382E0020CC01002085
:10FDF000ED2700206C2E0020582D0020782C0020AC
:10FE0000982B00203E4001081E4101085E3F01087A
:10FE1000E82E0020E42E00209C2F00201802002055
:10FE2000F42E0020D3250020A0180108914B08AC27
:10FE30001B680193904B1B680693FCF7BDFBB0FA5F
:10FE400080F68E4B76090FCB84E80F00019B042BC4
:10FE500059D18B4800F01CFC0390204600F018FCA0
:10FE60007F23814601244FF000080293202C50D0BC
:10FE70006FF00102624304FB04F360325A43520103
:10FE800002F58042D20B924641465FFA8AFA8A45D1
:10FE900042D8019B042B17D164235A434946C2F32D
:10FEA0004712039800F007FC754B010A1A6882F8A4
:10FEB0007F005A6882F87F109A68DB68010C000E98
:10FEC00082F87F1083F87F00FCF776FB002808BFDC
:10FED00046F00106FCF770FB08B1002E68D1AAEBD2
:10FEE0000803C24538BF0023E20743445FFA83F8A2
:10FEF00001D500F053FC0E2106A80134FCF7F4F8FC
:10FF0000212CB3D1E9E64FF000098023CDF80C9005
:10FF1000A8E72246A246B7E700205A4B5A4D93F86D
:10FF200081E093F801B04FEACE1C4CEA5B0C93F8E9
:10FF300001B183F801C04FEACB1C4CEA5E0C93F888
:10FF400081E183F881C04FEACE1C4CEA5B0C15F8C6
:10FF500001BF83F801C14FEACB1C4CEA5E0C95F857
:10FF600080E083F881C14FEACE1C4CEA5B0C95F827
:10FF700000B185F800C04FEACB1C4CEA5E0C85F856
:10FF800080C095F880C101304FEACC1E4FEA5C0C6E
:10FF900085F880C1DDF808C0C0B24EEA5B0E60454E
:10FFA00003F1010385F800E1B9D10131C9B26EE76F
:10FFB00040F209223549364801F057FC00F0EEFBCB
:10FFC0008BE6002000F006FC87E64FF000094FF0BA
:10FFD000800BCDF80C90ADE62246A246BCE64FF071
:10FFE000000C284D284B95F8011195F881E10291FC
:10FFF0007146DDF808E00CF1010C4FEADE1E4EEA16
:020000040801F1
:10000000410E029985F881E195F881E0490041EAC5
:10001000DE1185F8011115F8011F4FEA4E0E4EEA68
:10002000D11E85F880E093F881E1490041EADE11B4
:10003000297093F801114FEA4E0E4EEAD11E83F853
:1000400081E193F881E0490041EADE1183F8011172
:1000500013F8011F4FEA4E0E5FFA8CFC4EEAD11ED8
:10006000DC454FEA410183F880E01970BBD10130D3
:10007000C0B274E6180200209C2F0020A0180108CE
:10008000142F0020EC270020D2250020D3250020AB
:10009000ED2700202DE99F480020FAF783FA00237E
:1000A0002024DFF80092804DC9F800307F4B1A6899
:1000B0007F4B1A600520F9F735F90120FDF784FD23
:1000C000E88D012180B200F0E1FF013CF2D101F0A6
:1000D000ADFA88B140F6B737764E774C00F0AEF9FE
:1000E00088B923787BB93368BB420CD800F066FF2F
:1000F0006420F9F717F9F1E700F060FF4FF4FA60B8
:10010000F9F710F9E3E7D6F80080DFF8B0A16C4FFB
:100110004FF4FA60F9F706F9002800F0BB800120DF
:10012000FDF752FDD9F800408346002C40F3AD8026
:10013000B4F5BE7FA8BF4FF4BE74FDF7C1FEA04268
:1001400002DAFDF7BDFE04465E4A336811680020FE
:100150005B1A4FF47A71B1FBF3F1336803911360CA
:10016000594BA4EB0B021B784F2B8CBF41232D2343
:1001700003FB02F28CBF41230A2302920193FAF798
:10018000DDF9DDE902210446A88E80B258B14FF0B6
:100190000A0CA88E80B20CFB00F08442C2BFAC8E69
:1001A000A4B20CFB04F44948520003680A205843E7
:1001B000A042A8BF2046002B18BF0446019BDAF8D6
:1001C0000000B3FBF1F3C3F164034343642092FBEB
:1001D000F1F293FBF0F31344A34254DC6442A342D4
:1001E00051DB1C4621465846CAF80030F9F7AAFBF5
:1001F0002B8D9BB2F3B140F6C4116B8D32689BB26C
:100200004B4333490868121A934208D2AA8D3368C7
:1002100092B20B60FA2101FB02332E4A13602B8D40
:100220009BB29C4206DA2B4A336812689A4284BF1A
:100230002C8DA4B247F6DF72274B00209B68C3F3D6
:100240008F03934288BF00243B78092B28BF0024EA
:10025000FDF7BAFCB0F5BE7FB4BF20460020FAF728
:10026000A1F900F0ABFE3368A3EB0803B3F57A7F86
:100270007FF64EAF3B78D6F80080002B3FF448AFB6
:10028000013B3B7044E72346ACE70021F9F75AFBFA
:100290000024ADE71423114A1380114B1870114B41
:1002A0001870E0E7442E00206C2E0020383000202B
:1002B000E43000209C2F00205925002060250020DC
:1002C000402E0020642500205A2500205C250020B7
:1002D0006C25002068250020582E0020722F002059
:1002E0006F2F0020702F0020002340F21A201A46A2
:1002F00010B5074911F8014B03FB04220133834277
:10030000F8D1044B18681A60801A18BF012010BD7C
:10031000DC270020F031002010B5037B826830F824
:1003200013400A44121B826020F81310013303F0BB
:100330000303037310BD7047704700002DE9F843B5
:100340001F46264B054618680E461446FBF7C0FCB0
:10035000012809D1FCF798FD2846FDF7C5FB40B9F7
:10036000FCF7B0FDFCF7DEFD4FF000084046BDE8AD
:10037000F8833046FDF7B8FB0028F1D04FF4800237
:10038000174B1A610F2200BF013AFCD1FCF77CFD2C
:1003900045F00100FDF7A8FB80460028E0D0104E94
:1003A00024B9FCF78FFDFCF7BDFDDFE708254FF012
:1003B0000009FCF79FFD013D15F0FF0540EA4909E2
:1003C000F7D12023012C0CBF204628463361013C85
:1003D000FDF772FBA4B207F8019BE1E7542000206F
:1003E000000C0140002070470023012213B50A4889
:1003F0008DF807304468114600780DF10703A047D7
:1004000038B19DF807000138C0B2FD288CBF00202C
:10041000012002B010BD00BFAC25002010B5064C75
:10042000236823B9FFF7E0FF08B1012323602068A8
:10043000431E5842584110BDF431002038B5FFF733
:10044000EDFF024608B3144B144DB3F8443095F851
:100450003110E1B995F8301001F0FF00A1B995F81D
:100460003411192915D095F834110C2911D013F035
:10047000FF0409D02B6998476B6CC01A642363434F
:10048000984294BF0020012038BD0120FCE70020E5
:10049000FAE71046F8E700BF6C2E0020242A00205F
:1004A00013B50122446801AB0078A04708B19DF85C
:1004B000040002B010BD000037B5064C8DF80710DF
:1004C00001220146A56820780DF10703A84703B073
:1004D00030BD00BFAC250020064AD2E93A03834272
:1004E00003D192F8F0008000704798BF0433181AC7
:1004F000704700BF242A002070B50F4C1546A16339
:10050000226CA36B06461A4209D1A36B9A0708D541
:10051000FFF7E2FF28B1236C43F002032364304667
:1005200070BD6B1C84F8346002D10026E563F6E7E9
:10053000236998470544F8E7242A0020F8B5937802
:10054000044603F01F030D2B1D4D03D1D37813F088
:10055000700332D0164685F8361085F83540548839
:10056000432124F46064548095F82D3028785B0290
:1005700003F460631C4326F8024FC4F30234A40062
:10058000104B023464F07F02AF681A710522B8473D
:10059000334622464321AF682878B84704224321D6
:1005A000AC68094B2878A047BDE8F8404FF0FF320F
:1005B00040F203610120FFF79FBF85F82D30F8BDA1
:1005C000242A00202C020020004F010870B50146AB
:1005D000FFF782FF00B3114A89B1D2F8E83002F187
:1005E000680404EB43140B4604F12006254603CDB2
:1005F000B542186059602C4603F10803F6D1D2F8D1
:10060000E83092F8F010013303F00303C2F8E83049
:1006100011B10BB982F8F03070BD00BF242A002060
:1006200010B51A4C88B0236C03F07F432364FFF7A6
:1006300053FF30B9236C43F00803236494F8360069
:1006400021E06846FFF7C2FF9DF8023003F01F0368
:10065000012BECD19DF8033003F07003002BE6D1A1
:10066000BDF8023094F82D20C3F342239342DED12B
:10067000013303F0070384F82D30236C43F00403A7
:10068000236494F83500C0B208B010BD242A0020BD
:10069000436893F87F20836893F87F301B0443EA14
:1006A0000223026892F87F201343C26892F87F0009
:1006B00043EA006070478842F0B504D000B121B928
:1006C000312A98BF01460846F0BD0023DFB220FA68
:1006D00007F5EE071C4603F10103F7D50023E4B24A
:1006E000DEB221FA06F5ED079C4603F10103F7D5CA
:1006F0001F255FFA8CFC20FA05F3DB071CD51F23AE
:1007000021FA03F0C0071AD56420291BA3EB0C03C0
:100710005B1A534393FBF0F301310B441BB21F2BC5
:1007200010DCF61B5643012196FBF0F69940344449
:10073000013924B2A140C6E7013DEDB2DBE7013B40
:10074000DBB2DDE74FF0FF31BDE707B501238DF8E0
:10075000070000210DF107027820FCF71BF903B018
:1007600000BD000038B5B0240B4D2046FFF7EDFF6B
:100770001020FFF7EAFF01340020FFF7E6FFE4B2A4
:100780002A46802340217820FCF704F9B42C05F197
:100790008005EAD138BD00BFED27002008B5FFF77E
:1007A000A3FD18B1BDE80840FFF7DCBF08BD00009D
:1007B00008B5074B1A78824209D018705238C0B277
:1007C000FFF7C3FFBDE808400A20FBF7C3BC08BD24
:1007D000112F00202DE9F04F87B00290FBF7ECFEBF
:1007E0000025B0FA80F8524B4FEA58181A681B6877
:1007F0000392059300956424009B039A01330093B0
:100800004B4B1B689B1A04FB03F201934FF4FA73E2
:10081000B2FBF3F293B2632B0ED81A4652435B003D
:10082000C3F5967353436343424A03F5F42303F538
:100830009073B3FBF2F39CB26423E401B4FBF3F4D2
:10084000A4B2802C28BF80246FF07F065FFA84FA60
:10085000029BA6EB0A06F6B2002B5FD0B14600263B
:10086000B346AAEB0505EDB2334FC4F180023868F8
:100870004119584400F0E0FF7868C4F18002411942
:10088000584400F0D9FFB868C4F1800241195844B7
:1008900000F0D2FFF868C4F180024119584400F01A
:1008A000CBFF264B386899192246484400F0C4FF14
:1008B000234B786899192246484400F0BDFF214D2A
:1008C000B8682246A919484400F0B6FFF86805F157
:1008D000800122463144484400F0AEFF009BDB0714
:1008E00001D4FFF75BFF0E2105A8FBF7FDFBFBF72B
:1008F00063FE002808BF48F00108FBF75DFE88B1E1
:10090000B8F1000F0ED040F209220C490E4800F059
:10091000ACFFFFF743FF07B0BDE8F08FD346DDF82B
:100920000890A1E7019BB3F5FA7FF2D8554662E73C
:100930009C2F002040420F00142F0020D3250020C0
:1009400053260020D3260020ED270020F8B5184FAD
:1009500080F001053B78AB4229D025BBA020C02602
:100960003023144CA37520772674FFF7EEFE207C0D
:10097000FFF7EBFEE07CFFF7E8FEA07DFFF7E5FE6A
:100980000A20FBF7E7FB00220B4B3D705A717F22D8
:100990005E72DA71FFF7E6FE0A20FBF7DBFBBDE8CB
:1009A000F840FFF7A1BCA120C8261023D9E7F8BD65
:1009B000382E0020CC010020DC27002010B5094B88
:1009C000044693F82E2082420AD083F82E0093F832
:1009D0002B00FFF7BAFE2046BDE81040FFF7B5BE7A
:1009E00010BD00BFCC010020054B5A3893F84020C1
:1009F000C0B2824203D083F84000FFF7A6BE704722
:100A0000CC0100202DE9F74F5442A0420C9F0193E6
:100A100038DD802836DC0028B8BF454200EB0204F0
:100A2000ACBF0025EDB2802CC8BF6FF07F064FF041
:100A30000004CABF361A1646F6B20029B8BF0731FD
:100A4000C91005EB070CA0EB070B019BE000C0B23F
:100A5000834217D0284604FB02C704FB12B901EBFE
:100A6000040E0AE0094B09EB070853F82E3017F87B
:100A700001AB013003F808A0C0B28642F2D80134BD
:100A8000E4B2E2E703B0BDE8F08F00BF142F00200E
:100A90002DE9F04F022985B05ED003294A4E4B4C18
:100AA00066D1102333700C232370494C474B022925
:100AB0001A78454B1B784FEAD30502FB05F500FB7E
:100AC0000544444DB5F9000074D1002643F2333B90
:100AD00045F2555880B200F118039BB23E4903938A
:100AE000034604EB060C1CF8019B7F2B49EA09190D
:100AF00029F0F0094FEA09594FEA195949EA8909D9
:100B000009EA0B0949EA490998BF0F6809EA080987
:100B100009EB49099CBF07F803904F684FEA192E6B
:100B200003F1010A98BF07F803E01FFA8AF77F2F45
:100B300007D80F680FFA8AFA07F80A904F6807F883
:100B40000AE0039F02339BB29F42CCD10C2E01F1ED
:100B500008012AD00C26C3E7012817D910221A4B06
:100B600002381A700C22194B1C4C80B21A709DE787
:100B700079B110230C250128337025700CD1184948
:100B8000B1F9000010B913480B80028005B0BDE830
:100B9000F08F08230625EEE7F8D9104C114B0238E8
:100BA000002908BF1C4680B280E72B8803EB420374
:100BB0002B80EBE70A49009491F90010FFF722FF20
:100BC0002B881A442A80E1E7ED310020EC31002027
:100BD000504D01086A2E0020142F0020B11B01087F
:100BE000682E00200D1A01082DE9F041984603787F
:100BF0000546012B0F46164601D11F4601352878C0
:100C0000A8B1A6B1F0280AD96B7883B1A0F1F0049D
:100C1000C4EB04200F3B184480B2023500E00135DC
:100C200042463946013EF6B2FFF732FFE7E7BDE83C
:100C3000F08100000023064A1380064A13800178E1
:100C4000FF22012914BF19460130FFF7CDBF00BFB5
:100C50006A2E0020682E002073B515460022042954
:100C60000092CDF8032014D803292BD10A22B0FB1F
:100C7000F2F402FB140202328DF80220A0B20A2222
:100C8000B0FBF2F402FB140202328DF80120A0B294
:100C90001AE00A26B0FBF6F206FB120092B2B2FB93
:100CA000F6F402308DF80500B4FBF6F006FB1422D2
:100CB00006FB1044023202348DF804208DF8034004
:100CC00080B2D3E70229DAD00A22B0FBF2F402FBA9
:100CD000140002308DF800002BB16A460023122068
:100CE00001398B4207DB0023FF2229466846FFF7C4
:100CF0007BFF02B070BD1478022CF4D102F8010B16
:100D00000133EEE738B505461C24002225FA04F02D
:100D100000F00F0011460230043CFFF7B9FE231D1E
:100D2000F3D138BD3022094B13B502FB0033084C18
:100D300000930C2220230021B4F90000FFF762FE8B
:100D400023881344238002B010BD00BF404B01082C
:100D50006A2E00200022F0B50B49DFF830C00023D6
:100D600002EB0C050F68C61815F8014B17F806E0E2
:100D7000013384EA0E04382BBC55F3D13832E02A13
:100D800001F10401EBD1F0BD142F002055450108FD
:100D9000F0B55442A0429DF814C01FDD8418802C89
:100DA000C8BF6FF07F024FF00005C8BF121ADFF80E
:100DB00030E0C8BFD2B2EEB2002406EBE10605E097
:100DC0005EF82670274407F800C00134E7B2BA4243
:100DD000F6D80135EC00E4B2A342ECD1F0BD00BF7F
:100DE000142F00202DE9F047FF275C1ADFF860E0A0
:100DF00003F00703E4B2CE0807FA03FCF5B2032DB3
:100E000000D80CB9BDE8F08701F0070107FA01F13D
:100E1000082CC9B203D87BB16FEA0C0529400546FE
:100E2000C9430EEB86095FFA85F8424506D8083CAF
:100E30000021E4B20136E1E7FF25EFE7D9F800A091
:100E40001AF8058001EA08080AF805800135EAE782
:100E5000142F002070B50D4B04461D780C4B00225A
:100E600003210E201E78FFF713FE1F22B4FBF2F4BD
:100E700006F10A031B1B05F10C0231462846BDE8AA
:100E80007040DBB2D2B2FFF7ADBF00BF6A2E0020C8
:100E9000682E00202DE9F04F89B0CDE906039DF8BA
:100EA0005030002503939DF854304FF0010A202B59
:100EB00028BF20230093129B9DF84C701344DFF849
:100EC000A4B0049305F0070312980AFA03F3049CF4
:100ED0000293C5F3C40302FB030C02FB0343BDF8FA
:100EE000180001931CF8013B029C23422CD04FF0C8
:100EF000000E07EB00081FFA88F8039B01EB0E04B5
:100F000026B29E421ADB009B9E4217DA034604F08B
:100F100007040AFA04F4F61005947F2B0AD85BF84C
:100F20002690059C19F8039044EA09095BF82640CD
:100F300004F8039001339BB29845EED10EF1010302
:100F40009F424FF0010ED8D8019B3844634580B2D0
:100F5000C8D107980135EBB298423944B2D809B0EC
:100F6000BDE8F08F142F002010B4084B084C588CAB
:100F70000023DFF820C080B298420CBF60462046B4
:100F800010BCFF221946FFF72FBE00BF6C2E0020B9
:100F9000E118010845190108BFF34F8F0549064BB9
:100FA000CA6802F4E0621343CB60BFF34F8F00BF07
:100FB000FDE700BF00ED00E00400FA054AF6AA22B2
:100FC000014B1B681A607047F81F0020F8B51E46D9
:100FD000164B074618680D461446FAF779FE0128A5
:100FE00009D1FBF751FF3846FCF77EFD30B9FBF71E
:100FF00069FFFBF797FF00252846F8BD2846FCF758
:1010000073FD05460028F2D0013E24B9FBF75AFFD4
:10101000FBF788FFF0E7FFF7D1FF16F8010FFCF7A9
:1010200063FD0028E3D0013CA4B2EEE75420002089
:1010300008B568B100210B46114A013332F8020BA2
:10104000DBB2102B0144F8D10E4889B2FFF764F9E6
:101050000C4B0D499A680023C2F3CE0231F81300FD
:10106000904207D2013331F8130000EB80004000BA
:1010700080B208BD0233302BF0D14FF4E170F8E7B5
:1010800034200020DC310020E04A010838B5044655
:1010900089B1114B11481D68E96B2B6C1944C900CB
:1010A00089B2FFF739F9696CAB6C0D481944C90076
:1010B00089B2FFF731F9094B9868094BC0F38F00EB
:1010C0009B68C3F38F03984238BF18468000B0FB7B
:1010D000F4F080B238BD00BF04200020CC310020E5
:1010E000BC3100200122084B1A7040F21B12074B42
:1010F0001A80074B1B68DA6240F20D125A6340F601
:1011000082229A62704700BF6E2F00206C2F002051
:10111000A42F0020037F082B01D1FAF7C7BC70472A
:10112000034B986880F48070C0F30020704700BFC4
:1011300000080140034B986880F48060C0F3802071
:10114000704700BF0008014010B5FCF7B9FE441F0E
:101150000020FCF739FDA4B284422CBF00200120FE
:1011600010BD0000084B187860B1084B1B78022BAB
:1011700007D9074B1B7823B9064B187880F001007C
:1011800070470020704700BF5A250020B83100206A
:1011900024020020A9310020064BB3F87030DBB2E6
:1011A000013B9BB2022B02D8034AD05C08B9034B27
:1011B000187870476C2E0020DC4A01085A25002060
:1011C0002DE9F74F9A46FF230B7041F288331380C5
:1011D00017460190FFF7E0FF4FF00009614BB3F8AD
:1011E0005080431DDBB25FFA88F8B8F1010F08BFE9
:1011F00018465D4B0093019B4B4506D10878FF389C
:1012000018BF012003B0BDE8F08F009BCB4653F818
:10121000044BB4F1804F009327D2322246F65F553B
:10122000C4F3892353435A1EAA4209D844F62062C4
:10123000934208D8C4F30904B3FBF4F2824206DDFA
:1012400009F10109D7E7B8F1000FF3D1F8E73A88BF
:101250009342F5DD81F800B03B8000230C9AAAF898
:10126000004013700D9A1370EAE704F04043B3F1A5
:10127000404FE5D1B8F1000FE2D03B4B1B681B0299
:1012800002D514F0405322D104F07F02C4F3474446
:1012900004EB840404EB8404A30044F620649BB2B2
:1012A000A342A8BF234602EB820202FB00F4A34242
:1012B000A8BF23463C88A342C2DD81F800B03B8032
:1012C0000123AAF800200C9A13700023CAE7B3F197
:1012D000805FB5D1FFF760FF0A23C4F34845E4B24D
:1012E0004443B4FBF3F405EB850505EB8505AD0040
:1012F000ADB2ACB3012C33D04FF400464FF0100C1C
:101300004FF0804E3346002274452CBF32469A433C
:10131000BCF1010C01D1164606E05B0843EA020667
:1013200006FB06FE7445EFD146F660524FF47A7321
:10133000954228BF154673439D4228BF1D463B88F2
:101340009D427FF67DAF81F800B001233D80B5FB63
:10135000F0F50D9AAAF80050137000230C9A82E75A
:101360002646E1E76C2E0020F8290020F0B52C225B
:1013700005460C463D48002185B000F021FA3B4A65
:101380002B1D17462C35164618685968083303C6B6
:10139000AB423246F7D11868FF2330608DF80B302E
:1013A0000023ADF80E30ADF80C308DF80A308DF812
:1013B00009300DF1090301930DF10A0300930DF1BA
:1013C0000E0203AB0B200DF10B01FFF7F9FE092212
:1013D0002023A270E37000283BD09DF80B00BDF8DD
:1013E0000E2057F82030BDF80C10A3609DF809308E
:1013F000DBB1052519260B1DB3FBF5F3B2FBF6F6A1
:101400001B4D03F07F0305EA46252B4301304A4379
:1014100043EA007343F0A0736360164BB2FBF3F230
:10142000154B1A60012005B0F0BD9DF80A3053B18C
:1014300005250B1DB3FBF5F31426104DB2FBF6F694
:1014400003F07F03DFE70E4BC1F3090503EA8123B5
:10145000DBE73B68A360642323716FF06F03637164
:101460000123A3711123E371DCE700BFF8290020F9
:1014700000F80F00A08601005C25002000FE0F0090
:1014800000FC0F00F0B506462C220C463648002121
:1014900085B000F095F9344A331D06F11C07154656
:1014A00018685968083303C5BB422A46F7D1186843
:1014B0002E4B286001251D70FF2370888DF80B309E
:1014C0000023ADF80E30ADF80C308DF80A300DF178
:1014D000090301930DF10A0300930DF10E0203AB12
:1014E0000DF10B01C0F30230FFF76AFE0222102358
:1014F000A270E37078B39DF80B009DF80A30BDF838
:101500000E20BDF80C102844E3B1052514260B1D50
:10151000B3FBF5F3B2FBF6F6154D03F07F0305EAD6
:1015200046252B4343EA00734A4343F0807343F458
:10153000800363600F4BB2FBF3F20F4B1A60012084
:1015400005B0F0BD0D4B03EA812343EA0073C1F3FC
:1015500009000343E8E7642323716FF06F036371AD
:101560001123A571E371EAE7F8290020592500202D
:1015700000FE0F00A08601005C25002000FC0F008B
:1015800070B500230A266FF06F050124C371067140
:10159000457184710146FFF7FFFD42F22833B3FB2A
:1015A000F0F3C3F3090343F434338B60FFF7F4FD26
:1015B00043F69823B3FBF0F3C3F3090343F49623F4
:1015C000CB60FFF7E9FD44F62063B3FBF0F3C3F310
:1015D000090343F4C8230B610423CB716FF07B0331
:1015E0008B7040230E714D718C71CB7070BD0000FB
:1015F000024B9868C0F30010704700BF000C014018
:1016000008B5084B08481B68D96B1A6C11445A6C12
:101610009B6C11441944490089B2FEF77DFE0846CF
:1016200008BD00BFE8300020582E002070B5354BB3
:10163000354A19681068884215D8344D1B682C78D3
:1016400003F5FA73022C324E13602DD8FFF7D8FF42
:101650000021FCF763FA2F4B46F824000CBB022252
:1016600001341A612C70FFF77DFD012818D12A4B37
:101670009A682A4BC2F38F029B68C3F38F039A4286
:1016800034BF10214FF40041224A254B2BBF11617A
:1016900019614FF480124FF000432CBF1A6113619F
:1016A00070BD4FF40032DBE73368B06871681A1A16
:1016B00002EBD27201EB62020344C3EB42035B080C
:1016C000B3F5966F1749184A07D900230B701370AA
:1016D0002B700022154B1A70C5E7C72B03D80123C6
:1016E0000B700023F3E7B3F5027F08D3B3F5487F0F
:1016F0002CBF50233E23002013700870E9E72823F5
:10170000F9E700BF9C2F002028020020B8310020FC
:10171000AC31002000080140BC310020CC31002059
:10172000000C0140A93100205A250020240200208D
:10173000442230B5184B85B01A70184A184D5A60BB
:10174000184A194CDD609A600FCB8DE80F0084E8D1
:101750000F00164B03222361154B6361154BA361E8
:10176000154BC4E907350023A363E3632364636473
:1017700084F83421FF22C4E93A3384F8F030E38559
:1017800084F833208C2284F870210C4A84F872315A
:10179000A2F87A3005B030BDAC2500203D03010829
:1017A00021C50008CD0F0108242A0020C598000893
:1017B00081150108851401086D1301080600002039
:1017C00003460244934200D1704703F8011BF9E736
:1017D00070B500260C4C0D4B1D1BB6EBA50F09D1A7
:1017E000002600F051F80A4C0A4B1D1BB6EBA50F62
:1017F00005D170BD54F8043B98470136EDE754F825
:10180000043B98470136F1E7044F0108044F0108F3
:10181000044F01080C4F010810B5013902449042F1
:1018200001D1002005E0037811F8014FA34201D057
:10183000181B10BD0130F2E7884210B501EB02041D
:1018400002D98442234607D8431EA14207D011F88B
:10185000012B03F8012FF8E70244824200D110BDAA
:1018600013F8011D02F8011DF7E70A44914200F147
:10187000FF3300D1704710B511F8014B914203F8C6
:10188000014FF9D110BD0000F8B500BFF8BC08BC8D
:101890009E467047F8B500BFF8BC08BC9E4670472E
:1018A000D325002053260020D326002053270020D4
:1018B00037002F00222A00230016001D00440025B7
:1018C00000140013002D003200270049444C45004D
:1018D00002030405060708090A0B0C0D0E0F101071
:1018E00000340023201220100D1C260022180C1892
:1018F0001000361A122D2C1C19004700270425044D
:10190000052C2503060606033404050024161F12C1
:1019100021121200300C15122112120024161F126F
:10192000331212004755495461736B004D4F5654A2
:1019300061736B00504F575461736B0050494454AE
:1019400061736B002021004621002320002C2A24F3
:1019500000220E0C151516152600361A1510002833
:10196000282A0A0807043421002E292204203003E3
:1019700004002C282A0404050028222A050203005A
:101980002221092A04020040232933002E2922049F
:1019900012212E3336410004020408020B04021205
:1019A000020A060B020800292012002A2121121225
:1019B000120023322B121212002D161512121212BF
:1019C0001212121200280C3D12211212003A1F248A
:1019D000161E101200281A27101212120024161FA9
:1019E000122B10190024161F122B12120030321263
:1019F000401212120030321228121212003032122B
:101A00002312121200300C1B1B121212003E5149FD
:101A1000453E0000427F400000426151494600219E
:101A200041454B31001814127F10002745454539B8
:101A3000003C4A4949300001710905030036494913
:101A4000493600064949291E002054545478007F25
:101A50004844443800384444442000384444487FD3
:101A60000038545454180000047E050100000000A2
:101A700000000008080808080008083E0808007C64
:101A8000080404780000447D4000007C0804040839
:101A900000043E4440200048545454240038444438
:101AA00044380000417F4000003C4040207C00382A
:101AB00054565508007C04780478007C14141408EB
:101AC000007F4141221C003E4141412200264949FC
:101AD0004932007F090909060001017F0101000068
:101AE0006060000000085454543C000C3040300C3E
:101AF000007F020C027F0000417F4100007E090947
:101B0000097E007F09192946007F49494936001F8F
:101B10002040201F007F40404040007C54564544F8
:101B2000007F0808087F000005030000003F4038E0
:101B3000403F003E4141413E007F09090901007FCD
:101B400008040478007F0408107F00003636000087
:101B50000000004F0000003855565408003F404038
:101B6000403F00384645463800444830100C004499
:101B70002438484400081414147C002040413F01DC
:101B8000003E4141497A007F494949410038565554
:101B90005608001C22622210004464544C44002069
:101BA00040443D00003E4151215E002010080402E7
:101BB0000000F8FE060383C363331EFEF800071F10
:101BC0001E3331303030181F070000000C0C0EFFA0
:101BD000FF000000000000003030303F3F30303068
:101BE00000001C1E07030383C3E3773E1C0030384C
:101BF0003C3E37333130303030000C0E07C3C3C3A6
:101C0000C3C3E77E3C000C1C383030303030391F05
:101C10000E00C0E070381C0E07FFFF000000030339
:101C200003030303033F3F0303003F7F63636363D7
:101C30006363E3C383000C1C383030303030381F0E
:101C40000F00C0F0F8DCCEC7C3C3C38000000F1F75
:101C5000393030303030391F0F00030303030303E2
:101C6000C3F33F0F0300000000303C0F03000000EF
:101C7000000000BCFEE7C3C3C3E7FEBC00000F1FAB
:101C8000393030303030391F0F003C7EE7C3C3C3DA
:101C9000C3C3E7FEFC000000303030381C0E0703E1
:101CA00000000040606060606060E0C000001C3EBA
:101CB0003333333333333F3F0000FFFFC060606096
:101CC00060E0C08000003F3F3030303030381F0FC0
:101CD000000080C0E06060606060C08000000F1F96
:101CE0003830303030301808000080C0E06060606C
:101CF000E0C0FFFF00000F1F3830303030303F3F72
:101D0000000080C0E06060606060C08000000F1F65
:101D10003B333333333313010000C0C0FCFEC7C371
:101D2000C3030000000000003F3F0000000000006F
:101D300000000000000000000000000000000000A3
:101D40000000000000000000000000808080808013
:101D500080808000000000010101010101010100FB
:101D6000000000808080F0F0808080000000000192
:101D700001010F0F01010100000000E0E0C0606000
:101D80006060E0C00000003F3F0000000000000075
:101D90000000C0E06060606060400000000011333F
:101DA000333333333F1E0000000000000060ECECD2
:101DB000000000000000000030303F3F30300000E5
:101DC000000000E0E060606060E0C0800000003F74
:101DD0003F00000000003F3F00006060FEFE6060CA
:101DE00060000000000000001F3F30303030000075
:101DF000000000000003FFFF0000000000000000E2
:101E000030303F3F303000000000E0E000000000D4
:101E10000000E0E000000F1F3830303030183F3F46
:101E2000000080C0E060606060E0C08000000F1FC4
:101E30003830303030381F0F0000E0C0E0E0C0C064
:101E4000E0E0C08000003F3F00003F3F00003F3F18
:101E5000000080C0E060686C6662C08000000F1FF8
:101E60003B333333333313030000E0E060606060E2
:101E700060E0C0800000FFFF0C181818181C0F0746
:101E8000000060E0800000000080E06000000001D1
:101E9000071E38381E0701000000006060606060A7
:101EA000606060600000000606060606060606067C
:101EB0000000FFFF03030303070EFCF000003F3F99
:101EC00030303030381C0F030000000000000000EC
:101ED000000000000000000000383838000000005A
:101EE00000000000010107FEFCF0000000000000FF
:101EF0002020381F0F03000000000000F0FCFE0748
:101F00000101000000000000030F1F382020000026
:101F1000000080C0E06060606060E0E0000003C737
:101F2000CECCCCCCCCE67F3F0000073FF8C0000011
:101F3000C0F83F0700000000010F3E3E0F01000007
:101F40000000FFFFC0606060E0C0800000003F3F15
:101F500000000000003F3F00000000000000FFFF05
:101F6000000000000000000000003F3F00000000F3
:101F70000000F0FC0E07030303070E0C0000030F24
:101F80001C38303030381C0C00000000E0FC1F1FF3
:101F9000FCE000000000383F0706060606073F3851
:101FA0000000000000273F1F0000000000000000AC
:101FB00000000000000000000000FFFF8383838317
:101FC00083C7FE7C00003F3F010103070F1D38302F
:101FD0000000FFFF8383838383C7FE7C00003F3FB5
:101FE000010101010101000000003C7EE7C3C3C301
:101FF000C3C78E0C00000C1C3830303030391F0F36
:10200000000060E0C0800080C0E060000000303868
:102010001D0F070F1D3830000000FFFF00000000FB
:102020000000000000003F3F3030303030303030B2
:10203000000080C0E06060606060E0E00000070FCA
:102040001C181818180CFFFF000000000303FFFF06
:10205000030300000000000030303F3F303000003C
:1020600000000000007CFFFF7C000000000000007A
:102070000000333300000000000080C0E86C66669A
:102080006C68C08000000F1F3333333333331303C6
:102090000000F0FC0E070303070EFCF00000030F26
:1020A0001C383030381C0F030000FFFFC3C3C3C30C
:1020B000C3C3030300003F3F000000000000000016
:1020C0000000FFFFC3C3C3C3C3C3030300003F3FFC
:1020D0003030303030303030000000000000000080
:1020E000000000000000000000B8F87800000000C8
:1020F000000000406062666C6860E0C000001C3E4A
:102100003333333333333F3F00006060606060E05F
:10211000E0602000000030383C3633313030300091
:1021200000000060E080000080E06000000000002F
:1021300081E77E1E07010000000000030303FFFF8C
:10214000030303000000000000003F3F0000000008
:10215000000000003C3C00003C3C0000000000008F
:102160000000000000000000000080C0E062666C1B
:102170006860C08000000F1F3333333333331303E1
:102180000000000000000060ECEC00000000000017
:1021900060E0C0C0FF7F00000000FFFFC3C3C3C3F7
:1021A000E7FEBC0000003F3F3030303030391F0FB9
:1021B000000080C0E86C66666CE8C08000000F1FFD
:1021C0003830303030381F0F0000E0E00000E0E031
:1021D0000000E0E00000071F381C0F0F1C381F072D
:1021E0000000FFFF000080800000FFFF00003F3F75
:1021F0001C060303061C3F3F0000FFFF1E78E0E0C3
:10220000781EFFFF00003F3F0000010100003F3F3C
:102210000000F0FC0E0703C3C3C3C7C60000030FD2
:102220001C38303030303F3F0000000000707070CC
:102230000000000000000000001C1C1C000000004A
:10224000000080C0E060606060E0C08000000F1FA0
:10225000B8B0F0F0303818080000F8F898989C9E54
:102260009B99181800003F3F313131313131303006
:10227000000000001E3F33333F1E0000000000003E
:102280000000000000000000000003030303C3E39C
:10229000331F0F030000303C3E33313030303030DC
:1022A0000000F0FC0E070303070EFCF00000030F14
:1022B0001C3830363E1C3F330000FFFF0E38F0C0A4
:1022C0000000FFFF00003F3F00000003071C3F3FEE
:1022D0000000FFFFC0E0F0381C0E070300003F3F86
:1022E000000103070E1C3830000000000000000051
:1022F0000000FFFF00000E1E3830303030381F075E
:1023000000001C1E070383C3E3773E1C000000008F
:102310000000373700000000000000C0E0F0381C6B
:102320000E070300000000000103070E1C383000F8
:1023300000000000B8FCC6E23E1C00000000001FC8
:102340003F3121371E1C36220000B70BCC0BD60BB9
:10235000EF0B0B0C200C270C300C3B0C4F0C660CBD
:10236000770CD30CDF0C2B0D360D440DE000E00094
:102370004E0D5C0D640DE000F206920D940D960D6D
:10238000980D9A0D940D9C0D9E0DA00D9C0DF20ABA
:10239000020B100B1E0B2E0B390B440B4C0B520B6C
:1023A000000084007400E2005001C001F101470206
:1023B0009402DF02740074007400740074007400EE
:1023C000740074007400740074007400740074006D
:1023D0006103AD03E30324047400740060048E04FD
:1023E000CC0438058105CB0511067606CE060A0712
:1023F00046079A07EB0774003E087A080609560953
:10240000B809190A6D0A7400BE0A7500CF00E00011
:102410004001B801E50131027E02CA024903E00031
:10242000E000E000E000E000E000E000E000E000AC
:10243000E000E000E000E000E0009403D6031704B1
:102440005404E000E0007904B50420056B05B205F2
:10245000F8056106B906F40630078507D507270891
:10246000E0006608EE083B09A309FE09580A8D0A38
:10247000A60AE40A740074007400740074005B0B14
:102480006E0B840B900BA60B2F1C1B150E10120F3E
:102490002C0C1A171D1018190C19171C18231222AE
:1024A0001E1117181719121A0C1219101816171CCA
:1024B00018120F10120E1C1B1F1B15101225222A9A
:1024C000120302272412252F1205230527121F0CA1
:1024D00015120E101A1A1B1A1039120F1E160C0E96
:1024E00019172010121A0C121A171D171910120F93
:1024F00010121F1B1716160C180E102400221A1C7F
:10250000170E10010F310C1B161E25003D1018165A
:10251000171C18121D1718171D0C1A10120C1B1956
:102520001C1517161E10121F0C15120E101A1A1B4E
:102530001A101225052F124712051213120523092E
:10254000271229120613082F12471204230612130A
:102550001205230927240024101519161A15011E27
:102560001615161E0C1B10000100221E1A0C171245
:102570000F1012181E261C0E170C19171C18122EDD
:1025800022121F0C15121F0C1A17101516120F10FD
:10259000120302021D16121F1C1B15121A0C120E1A
:1025A0001C1D1F0C19170D171A17191E120C2010BD
:1025B0000E120E1015190C171816120E280C1526CF
:1025C000101B1516124C2A00201D1B0C1601103D65
:1025D0001F161725122320003110121D1C0F101278
:1025E0004D1C1812223C180C1D17321B10120F1E06
:1025F000160C0E1917201012382E2D1252122E2ED4
:102600002F39121A10121D1C0F10122F1E0E1B151F
:1026100017161E12182C1B19171A171610121F0C3A
:1026200016120F1012151E161716190C180E10126E
:102630003A121A0C121F151C19100E19171C18002B
:10264000281A0F10012320003D101D1F1E150C1904
:102650001B1510121B19171A17161E10121018121C
:102660003E1D1C0F10120D1C1C16193E0024101EBE
:102670001F25010D1A1A1918002B210C0E191720ED
:102680001E12291227211D1C0F10122010171A1AB2
:102690001012291236211D1C0F10122010171A1AA1
:1026A00010123A1219101D1F1E150C191B151012AD
:1026B0000C1D0D170C1819100021350C1C111110D0
:1026C00017010C1C120F1D1E0C17170C26100033BF
:1026D000180E151E1D101819120F10120E280C18A6
:1026E00026101D101819120F101219101D1F1E157B
:1026F0000C191B151012161B15120C1F1F1B17127D
:102700000E1C1B15190029150E171D1E101518017A
:102710000C1F1F1C16120E1A1C17180033180E154A
:102720001E1D101819120F10120E280C1826101D3D
:10273000101819120F101219101D1F1E150C191B3D
:10274000151012161B15120C1F1F1B17121A1C181E
:10275000260029150E171D1E101518010C1F1F1C11
:1027600016121B1A1526002E10180F0C1819121A03
:102770000C12161C1B0F1B151039120C1F1F1B3CB3
:10278000101512161B15121A1016120F101B3012EC
:102790000D1C1B191C1816121F1C1B15121A1016C3
:1027A00012201015151C1B171A1A1015122541217D
:1027B0000D1C1C16191216101B1A101D10181912B8
:1027C00029122721201015152312191C190C1A245F
:1027D000002D1017171A1C161B1B1017011B1019A0
:1027E000120D1A1C181A151900032119153F16127B
:1027F0001F101B1216101816170D1A10122912236B
:1028000023231229120B2110301915351D101D100C
:1028100018191216101816170D1A10002210151973
:10282000160D161B16181D010C1C121E1A1C271043
:102830001E101518003D101D1F1E150C191B15101C
:10284000120F10121A0C121F0C1818101210181256
:102850003E1D1C0F10122010171A1A103E002410D3
:102860001E1F25012710161B1B1000221E1A0C17F5
:10287000120C200C1819121D171610121018122005
:1028800010171A1A101225162116100E1C180F10E8
:10289000161229121D211D17181B191016240020AD
:1028A0001D1B0C16012710161B1B1000221E1A0CD4
:1028B00017120C200C1819121A2C0C151535191298
:1028C0000F1B12111015123A12161C1B0F101512A5
:1028D000251D211D17181B1910162400201D1B0C67
:1028E00016010C17174218002A212A101A16171B56
:1028F000161229123721370C28151018281017190D
:10290000003A1516181D120F100118101E1F1D1762
:102910000C181C17100022210F151C171917101561
:102920001229124621260C1B0E2810151229122BD3
:10293000210C1B191C1D0C1917321B100033171604
:102940001015180C18161A15010F10121B311D0E38
:10295000170C1500370C171510120E1A1726181C15
:10296000191015121A0C1219101D1F1E150C191B07
:102970001510121A1C1516120F1B12151011151C0A
:10298000170F171616101D10181912190C181912F6
:10299000321B10121A0C121F0C18181012101619D4
:1029A000120E280C1B0F10002B1011171A160F16E1
:1029B00017121015010E1B1626151A180C151800E3
:1029C00027171910161610120F10120F1E11171AB2
:1029D000101D101819120F1B121910301910122582
:1029E0002D21150C1F170F1012291231211A101842
:1029F0001924002D161810191910010F10120F1D8F
:102A000011161B101E101518003318201015161063
:102A100015121A1016120D1C1B191C1816120F2C49
:102A20000C401B1619101D101819120F1012191036
:102A30001D1F1E150C191B1510002915271017191D
:102A40001017121B101901181A1C0E351019121428
:102A50001213003318201015161015121A10161222
:102A60000D1C1B191C1816121F1C1B15121A1012F4
:102A70001D10181B122E0C150C1D3F1915101600D9
:102A80002915271017191017121B101901181A1CD5
:102A90000E351019122A122C0027171910161610AD
:102AA000120F1016120C18171D0C19171C181612DD
:102AB0000F101612170E42181016120F0C181612BD
:102AC0001A10121D10181B122531211A1018191076
:102AD00012291245211D1C3C101818101229122D04
:102AE00021150C1F170F1024002D1618101919107E
:102AF000010C15161E2512160E3B151019002D106F
:102B0000401C1B1015121018120D1C1B0E1A10124F
:102B10001A1016120C18171D0C19171C1816120F64
:102B2000101612170E42181016120F0C1816121A41
:102B300010121D10181B121F1517180E171F0C1A34
:102B4000002B10451A1C1017010C15161E25121605
:102B50000E3B151019002B401B16191015121A0CDC
:102B6000121A1B1D17181C1617191E120F10121AF5
:102B70002C1E0E150C181236313822002E1C1E1673
:102B8000151A1916181D010F10121B311D0E170CE6
:102B900015003318201015161015121A1016120EE3
:102BA0001C1B1A101B1516120F10121A2C1E0E15B4
:102BB0000C18123631382200291527101719101752
:102BC000011B1019120E1A1C1B101C171900221EB3
:102BD0001117181719121A0C120F1B151E10120FAD
:102BE0002C0C1111170E280C2610120F1B121A1C78
:102BF000261C120C1B120F1E1D0C15150C26101274
:102C000025162116100E1C180F10162400201C1754
:102C10001D10121B1A261A010F1D1E0C17170C2649
:102C200010002B1111170E281015121A101612175A
:102C300018111C151D0C19171C1816120F1E190C33
:102C4000171A1A1E101612161B15121A2C1E0E1504
:102C50000C18120F10122010171A1A10002F0E172E
:102C60000C15122710161B1B10010F1D180C161B1C
:102C70001B1D002B1111170E281015121A101612F9
:102C80001718111C151D0C19171C1816120F1E19D8
:102C90000C171A1A1E101612161B15121A2C1E0EBD
:102CA000150C18120F1012161C1B0F1B1510002FDD
:102CB0000E170C1512191A1C0F1C1710010F1D18D6
:102CC0000C161B1B1D002E1B1716160C180E1012AF
:102CD0001D0C30171D0C1A10121B19171A17160C81
:102CE0000D1A1012254421430C19191624002E1612
:102CF0001E161810120F10011F1C1619190C150E94
:102D000010002B1B121F151C0E280C1718120F1E5B
:102D10001D0C15150C261039121A0C120E1C1D1F35
:102D20001018160C19171C18120F1012161C1B0F56
:102D30001B15101211151C170F1012252A4F2A24CB
:102D4000121610150C120E0C1A170D151E10122546
:102D5000181C1812181E0E1016160C171510121625
:102D6000171222101A190C123D12101619125112B4
:102D7000074A2A2423002F180C1B1A1515101712A6
:102D8000213F21010C1C1217100D1A1A18004919A5
:102D90000C1A1C181810151219101816171C1812D6
:102DA0000F2C101819151E1012250C1F1F1B17129F
:102DB0001A1C1826121F1C1B1512321B171919106A
:102DC0001524002F180C1B1A1515101701181015B3
:102DD00019161A15120F31101518171D10002E1B79
:102DE0001716160C180E10120F101612171D1F1B97
:102DF0001A16171C1816121F1C1B15121E20171945
:102E00001015121A0C121D1716101210181220107D
:102E1000171A1A10120F1016120D0C191910151777
:102E200010161225430C1919162400231C16191903
:102E30000C150E1001161E1F1C1B19161A15190051
:102E4000221E1A0C17121018191510120E280C3207
:102E50001B1012171D1F1B1A16171C18121F1C1BE4
:102E60001512101D1F350E281015121A0C121D17E1
:102E70001610121018122010171A1A1012253012DC
:102E8000042307162400201D1B0C161210151817FA
:102E900010011B101912161E1F1C1B19161A1519CA
:102EA00000221B151E10120F101612171D1F1B1AC1
:102EB00016171C1816121F1C1B1512101D1F350E7D
:102EC000281015121A0C121D1716101210181220A5
:102ED00010171A1A10122530120407021D162400AA
:102EE000201C171D10120F101901161E1F1C1B1974
:102EF000161A1519002D1E17181719170C1A171660
:102F0000101512191C1B16121A101612151E261A4D
:102F10000C261016002B1D16151618160C1B16194C
:102F20000C18161A15010F311C19161510002E0C4D
:102F300015261C10370112342B1212121234170CE2
:102F400015430C1619002F1E1A1E0E19171C1818DF
:102F50001015121A1012193C1F10120F10121F0C0C
:102F6000181810121B19171A17161E00243C1F10D0
:102F7000010F10121F0C15151000281A0F10011F39
:102F80000C1712201D110C1C1800361A1501203CBC
:102F9000150C1E163E1C1000281A0F1001221D0EC3
:102FA0001C1716191D00201D181D0E18161A1501C4
:102FB0002A1C181A25002422030202012E1A1526A3
:102FC000002316151001211A1C17180023242201B2
:102FD0000402020024220A0201003F2C21012104E4
:102FE000030200230C170C1E3918171019010F319A
:102FF0000C1B161E2500230C170C1E391817101950
:10300000010F1012191A1C0F1C171000281A0F108C
:10301000012710161B1B10002915181017110C0E74
:1030200010011C18161B16190C18101C1700331F42
:1030300018161A1519010C270C150E1D1019002F42
:10304000180C1B1A15150C2610011810171E161532
:103050001D123800012D1E17182312364E002B1D8D
:10306000261B0C26101901171D16151618160C1BF9
:1030700016191D191238002A0E0E1D1B1D171A1EB7
:103080003918171001151A15120F1D18100E181DDA
:103090001238003A222C13232001151A15120F1D85
:1030A00018100E181D1238000127101515230001E5
:1030B000221E20101515230001341227382D2D2330
:1030C000123400221C170E350C1C111110010E17A2
:1030D0001618163E1C100001342A1C1B1519130E5D
:1030E00017150E1B1719122E0C181810340029155D
:1030F000191D171044121B0C011F0C15151000018F
:103100002B200C1819120F101215100F1E1D0C1564
:1031100015101539120C16161B15103B13201C1B0D
:103120001612321B10121A0C121F0C181810121043
:1031300019121A0C121F1C1726181E1012161C1812
:1031400019123A1219101D1F1E150C191B151012F9
:103150000C1D0D170C1819101234002F180C1B1A07
:1031600015150C2610010001271C1B1A103B1320FB
:103170001C1B161220150C171D10181912151E17DE
:10318000181719170C1A17161015121A1016121FE5
:103190000C150C1D3F19151016120C1B3012200CAB
:1031A0001A101B1516121F0C15120F1E110C1B19CD
:1031B00012500001222A12372B3341313800221AD3
:1031C0001C191318101519161A15010024101519B9
:1031D000161A153701004115122710161B1B102552
:1031E00025250100230C15151037010001271C1996
:1031F0001510120C1F1F0C1510171A1216101D0D8A
:103200001A101235191510121B1810120E1C18194D
:103210001510110C481C1812340046002B00310008
:1032200045002D0027003600410000002D00000061
:10323000000000001DA3000800000000182C04007E
:103240002E00000081C6000855AE000800000000F6
:10325000242D07002F00000065C800088D9300088A
:1032600000000000382E05003000000000000000C3
:1032700055A3000800000000122F050031000000D7
:1032800000000000D5A00008B19700081330070027
:103290003200000000000000E9A00008B19700081B
:1032A0001431070033000000B1C600088D930008F8
:1032B000000000003832070000000000000000009D
:1032C0000000000000000000383500001F00000072
:1032D0007D970008619E0008000000000F1E070097
:1032E0002000000085A90008AD9F00080000000034
:1032F000061F07002100000000000000ADAD00081F
:10330000000000000C200700220000000000000068
:10331000E19F0008000000001021070023000000CA
:1033200000000000C1AD00080000000019220700E5
:103330002400000000000000D5AD000800000000DF
:10334000372307002500000000000000D9A2000874
:103350000000000009240700260000000000000013
:10336000EDAD00089D970008082507002700000024
:1033700000000000A9A900080000000022260700A4
:10338000280000000000000001AE0008000000005E
:10339000212707002900000000000000ADA300085D
:1033A00000000000232806002A00000000000000A2
:1033B0002DAE0008000000000D2907002B000000C2
:1033C0000000000041AE0008000000000E2A0700C7
:1033D00000000000000000000000000000000000ED
:1033E0003835000019000000000000001DA2000890
:1033F00000000000071807001A00000009970008E5
:10340000C1A00008F5960008011905001B00000086
:10341000000000003DA20008F5960008021A050011
:103420001C00000000000000A1A20008F5960008A2
:103430000B1B050000000000000000000000000061
:10344000000000003835000006000000B5960008B6
:1034500085A1000800000000160505000700000017
:1034600000000000A5A10008000000000A060700F7
:10347000080000000000000099A000080000000003
:103480001B0706000900000000000000ADA00008B6
:10349000000000001A0806000A00000000000000FA
:1034A000E9A1000800000000110907003500000034
:1034B00000000000699F00082196000836340500CE
:1034C00000000000000000000000000000000000FC
:1034D00038350000010000000000000011A00008C5
:1034E00000000000030006000200000000000000D1
:1034F00051A00008A1960008040105000400000086
:103500000000000069A10008000000002003060080
:103510000500000000000000259F000800000000DA
:10352000260404000000000000000000000000006D
:10353000000000003835000000000000000000001E
:103540000A0100000A0000000A0200001400000046
:10355000020300001E000000F2030000280000002B
:10356000DC04000032000000C10500003C00000047
:10357000A1060000460000007D070000500000008A
:10358000570800005A0000002F09000064000000E6
:10359000060A00006E000000DC0A0000780000004F
:1035A000B20B000082000000890C00008C000000BB
:1035B000620D0000960000003C0E0000A00000001C
:1035C000190F0000AA000000F80F0000B40000006E
:1035D000DA100000BE000000C0110000C8000000AA
:1035E000A9120000D200000096130000DC000000C9
:1035F00087140000E60000007C150000F0000000C9
:1036000076160000FA0000007317000004010000A5
:10361000751800000E0100007B1900001801000061
:10362000851A000022010000931B00002C010000FD
:10363000A41C000036010000B91D0000400100007C
:10364000D11E00004A010000EB1F000054010000E1
:10365000082100005E010000262200006801000031
:103660004623000072010000672400007C01000076
:103670008725000086010000A826000090010000B8
:10368000C72700009A010000E4280000A401000000
:10369000FE290000AE010000152B0000B80100005B
:1036A000282C0000C2010000352D0000CC010000D4
:1036B0003B2E0000D60100003B2F0000E00100007F
:1036C00031300000EA0100001F310000F401000069
:1036D000000000FC000000000000000010DC3713B8
:1036E0000100000000000000FF00000000000000DA
:1036F000000100000000000000000080C0DFC0806A
:1037000000000000000000000000000000000000B9
:103710000307350403000000000000000000000063
:1037200000000000000000FC00000000000080E03D
:10373000FC7F1F0F07010000000000007F00000059
:103740000000020383733F0F070100000000000E1A
:103750001FD7130E0000000002010000000000004F
:103760000000000000003F0000000000000000001A
:10377000000000000000000000C0E0EC60C000009D
:103780000080F0FCFFFF7F3F1F07030100000103E3
:10379000FA020100080E0F8FEFFF7F3F1F070301A2
:1037A0000000000000FF00000000080E0FCFFD3CED
:1037B0001C0400000000000000003F00000000109A
:1037C0000C030100000000000000000000000000E9
:1037D00000000000000000008060F8FCFC7C180085
:1037E0000000000000000000008060E8E2F87E1F9A
:1037F00007010000000000000000000080661507BF
:103800000F07010000000000000000000000201869
:1038100006010000000000000000000000000000A1
:103820000000000000000000000000008060F8FCC4
:10383000FC7C18000000000000000000008060E830
:10384000E2F87E1F070100000000000000000000F9
:10385000806615070F07010000000000000000004F
:10386000030C20180601000000000000000000000A
:103870000000000000000000000000000000000048
:103880008060F8FCFC7C18000000000000000000D4
:10389000008060E8E2F87E1F070100000000008061
:1038A000C8F00000806615070F0701000000000047
:1038B00000000000030D20180601000000000000B9
:1038C00000000000000000000000000000000000F8
:1038D00000000000000000000000000000000000E8
:1038E00000000000000000000000000000000000D8
:1038F00000000000000000606060E0E0C000000028
:103900000000000000000000000000000C1E1F1B53
:103910001918000000000000000000000000000076
:103920000000000000000000000000000000000097
:1039300000000000000000000000000000081C1C47
:103940009CDCFCFC38000000000000606060E0E0EF
:10395000C000183E3F3F3B39381000000000000017
:103960000C1E1F1B191800000000000000000000C2
:1039700000183C3C3C3CBCFCFCFC78000000000017
:10398000000000000000E0F8FCFEDFCFC7C3C180EC
:1039900000081C1C9CDCFCFC3800000103030363D2
:1039A0006363E3E3C100183E3F3F3B39381000003A
:1039B000000000000C1E1F1B191800000000000072
:1039C0000000000000187408447C107C1078440843
:1039D000483C680874107C08000060C06080E040CB
:1039E000E020E00000F8048404040404F80000006F
:1039F00000000000000000000000C3242424242450
:103A000024C3000004030407050007020400001F8C
:103A10002020202020201F0000187408447C107CE7
:103A200010784408483C680874107C08000060C0A6
:103A30006080E040E020E00000F804840404040416
:103A4000F800000000000000000000000000C32497
:103A50002425242424C300000403040705000702CE
:103A60000400001F2020202020201F0000187408C0
:103A7000447C107C10784408483C680874107C082A
:103A8000000060C06080E040E020E00000F80484B6
:103A900004C43404F800000000000000000000002E
:103AA0000000C3242425242424C3000004030407A5
:103AB000050007020400001F2020202020201F00F6
:103AC0000000FC000000E0F07430E000001000F0A6
:103AD000000000F0000000FF0000000001FD0100F8
:103AE000000000000000030003000080BF80000011
:103AF0000000FF000000F00804044444444850075C
:103B00000F2B09070000003F00000001020404041D
:103B100004040201E0F07430E0000000FC0000004A
:103B200000F0001000C00030000001FD01000000A6
:103B3000007F0000000000000300030002000000FE
:103B4000FF0000000E1FD7130E00F0080404C40489
:103B50000408F000003F00000000003F00000001EA
:103B600002040007000402010000FC000000000045
:103B7000FC00000000C0001000F000C0000000FFCA
:103B80000000000000FF0000000000000000030033
:103B9000000070F8BB9870000080BF800000F00843
:103BA000040444241008E000003E000000070F2B2E
:103BB00009070001020404040404020100000000DB
:103BC0000080C0E0F0707838381C1C1C1C1C1C38AD
:103BD0003878F0F0E0F0FC00000000000000E0FCAD
:103BE000FF1F0701000000000000000000000002AD
:103BF00002030303030303E0E0E000000000071FEB
:103C00009F9880000000000080808000000000007D
:103C10000000000080E0F8FF3F07000000000E11E8
:103C2000202020110A040A11202020110E00001C5F
:103C30001C1E0E0F07030100000000000000000022
:103C40000080C0E0F0707838381C1C1C1C1C1C382C
:103C50003878F0F0E0F0FC00000000000000E0FC2C
:103C6000FF1F07010000000000000000000000022C
:103C700002030303030303E0E0E000000000070782
:103C800007203038FCFC00000000000000000000AD
:103C90000000000080E0F8FF3F0700000000000087
:103CA000000000003F3F0000003838383838381C2A
:103CB0001C1E0E0F070301000000000000000000A2
:103CC0000080C0E0F0707838381C1C1C1C1C1C38AC
:103CD000387870F0E0C08000000000000000E0FCD8
:103CE000FF1F070100000000000080C0E0F0F87C2A
:103CF0003E1E0C0001071FFFFCE000000000073F14
:103D0000FFF8E0800030787C3E1F0F0703010000C1
:103D10000000000080E0F8FF3F0700000000000006
:103D2000000103070F0E1E1C1C3838383838381CA9
:103D30001C1E0E0F07030100000000000000000021
:103D40000000000001020304060708092419010805
:103D500071FB0008FFFF00000000000000020000EF
:103D6000B8020020540200202C19010839CA0008AA
:103D70000000000000000000000200001C0B0020FA
:103D8000B80A00203419010891C1000801000000A0
:103D90000000000000010000801300201C13002020
:103DA0003C19010895000108030000000000000014
:103DB00000020000E417002080170020000000002F
:103DC00000008040201008040402020201010101E9
:103DD00001010101010101010101010101010101D3
:103DE00001010101020202040408102040800000C9
:103DF0000000000000000000F00E010000000000C4
:103E000000000000000000000000000000000000B2
:103E100000000000000000000000000000000000A2
:103E20000000000000010EF0000000000000000093
:103E30000F70800000000000000000000000000083
:103E40000000000000000000000000000000000072
:103E50000000000000000000000000000080700F63
:103E60000000000000000000000001020408102013
:103E70002040404080808080808080808080808062
:103E80008080808080808080808080804040402052
:103E900020100804020100000000000000010102DF
:103EA000030404052B00002B40021578001140008C
:103EB00012C800134700149C002D11002E01002B86
:103EC00012000E10000F03002A1900A01700A1080D
:103ED00000A26000A30800A40200A56200B47E0056
:103EE000B62800B74000B07E00B22800B340000FF3
:103EF0000300100D00110000130000200A002180B3
:103F0000001640002C2700A03700A10000A260008E
:103F1000A30800A40200A56200B47E00B62800B782
:103F20004000B07E00B22800B340002067002100AE
:103F300000220000234800240400250000347E00F5
:103F4000362800374000307E003228003340001011
:103F500008011109010F01002C400016400000006B
:103F600000000000804020100804040202020161E9
:103F7000E1C1810101010101010101010101010111
:103F80000181C1E1610102020204040810204080A5
:103F900000000000000000000000F00E0100808022
:103FA0008040C040E000E060E061E367CE1C387014
:103FB000E0C0802070389CCE0743C140C040C04064
:103FC000C040A070F00000010EF0000000000000F2
:103FD00000000F70800000000001000102000302D9
:103FE0000082C0E270381C0E040103070E1C3871F9
:103FF000E0C180010001000100010204070000800F
:10400000700F000000000000000000000102040822
:10401000102020404040808687838180808080807F
:1040200080808080808080808081838786804040FF
:1040300040202010080402010000000000000000E1
:104040000000000080402010080404020202010168
:10405000710101010101010101F1010101010101F0
:104060000101F10101010202020404081020408054
:1040700000000000000000000000F00E0100000041
:104080000000000000000E1FD7130E00000000000B
:1040900000FF00000000000080C0DFC080000000C2
:1040A00000000000000000010EF000000000000011
:1040B00000000F7080000000000000000000000001
:1040C000FF000000000000387C5D4C38000000005C
:1040D0000307F5040300000000000000000000805A
:1040E000700F000000000000000000000102040842
:1040F00010202040404080808F80808080808080A1
:10410000808F80808080808080808F808080404011
:104110004020201008040201000000000000000000
:104120000000000080402010080404020202010187
:10413000010101010101010101010101010101016F
:104140000101010101010202020404081020408063
:1041500000000000000000000000F00E0100000060
:104160000010E0000088700000887000000000006F
:10417000000000000000000000000000000000003F
:1041800000000000000000010EF000000000000030
:1041900000000F70800000405E41A060A77020F01A
:1041A0003770307030703070305030503050305088
:1041B000E000A060A060A060A060A050B8380080BF
:1041C000700F000000000000000000000102040861
:1041D00010202040404180818180818081808180C9
:1041E000818081808180818080808080808040404B
:1041F0004020281108040201000000000000000017
:104200000000000000C0300C02F1F1F1020C30C0DF
:10421000000000000000000000C0B08C838080809F
:1042200080B3B3B380808080838CB0C00000E0F0A6
:10423000BFF0E0000000000000FF000000000000F0
:104240000000FF00000001FF01000000000080C02E
:10425000FFC08000000000387CEF7C380000FF00C9
:1042600000000000000307FE07030000000000003C
:10427000FF000070F8DFF870000000000000FF0091
:1042800000000000000000FF00000000FF00000030
:10429000000000C0E07FE0C0000000001C3EF73ED0
:1042A0001C0000FF0000000000000103FF030100EC
:1042B0000000000000FF0000387CEF7C38000000A8
:1042C000000000FF0000000000000000FF000000F0
:1042D00000FF000000000000E0F0BFF0E000000080
:1042E000000E1FFB1F0E0000FF000000000000007A
:1042F00001FF0100000000000000FF000070F8DF77
:10430000F870000000000000FF0000000000000046
:1043100000FF00000000FF000000000000C0E07F80
:10432000E0C0000000001C3EF73E1C0000FF000043
:10433000000000000103FF0301000000000000FF77
:104340000000E0F0BFF0E0000000000000FF00000F
:10435000000000000000FF00000001FF010000005D
:10436000000080C0FFC08000000000387CEF7C3877
:104370000000FF0000000000000307FE070300002C
:1043800000000000FF0000C0E07FE0C0000000006F
:104390000000FF0000000000000000FF000001031B
:1043A000FF0301000000000080FF8000000000000B
:1043B00070F8DFF8700000FF000000000000070F39
:1043C000FD0F07000000000000FF000080C0FFC0DC
:1043D00080000000000000FF00000000000000005E
:1043E000FF00000307FE0703000000000000FF00BD
:1043F0000000000000E0F0BFF0E00000FF0000005F
:104400000000000E1FFB1F0E000000000001FF0156
:1044100000C0E07FE0C0000000000000FF000000DE
:104420000000000000FF00000103FF030100000086
:10443000000080FF80000000000070F8DFF87000CE
:1044400000FF000000000000070FFD0F0700000044
:10445000000000FF0000FFFFFF8044FFFFFF221C61
:10446000FFFFFF1C0101010100010101000001012A
:10447000010083443800008344380000834438003E
:104480000100000000010000000001000000C12246
:104490001C0000C1221C0000C1221C000100000001
:1044A00000010000000001000000E0110E0000E02B
:1044B000110E0000E0110E000001000000000100DC
:1044C00000000001000070880700007088070000ED
:1044D00070880700000001000000000100000000DB
:1044E00001003844830000384483000038448300CE
:1044F00000000100000000010000000001001C227B
:10450000C100001C22C100001C22C10000000100EB
:10451000000000010000000001000E11E000000E8C
:1045200011E000000E11E000000100000000010099
:10453000000000010000078870000007887000007C
:104540000788700001000000000100000000010069
:1045500000000E0A0E00000000000080C0E0F0F82D
:10456000FCFCFEFEFEFFFFFFFFFFFFFFFFFFFFFF64
:10457000FFFFFFFFFFFFFFFFFFFFFFFFFFFEFEFE4E
:10458000FCFCF8F0E0C0800000000000000000002B
:1045900000F0FEFFFFFFFFFFFFFFFFFFFFFFFFFF3A
:1045A000FFFFFFFFFFFFFFFFFFFFFFFFFFFFFFFF1B
:1045B000FFFFFFFFFFFFFFFFFFFFFFFFFFFFFFFE0C
:1045C000F000000000000000000F7FFFFFFFFFFF72
:1045D000FFFFFFFFFFFFFFFFFFFFFFFFFFFFFFFFEB
:1045E000FFFFFFFFFFFFFFFFFFFFFFFFFFFFFFFFDB
:1045F000FFFFFFFFFFFFFF7F0F0000000000000034
:104600000000000103070F1F3F3F7F7F7FFFFFFF79
:10461000FFFFFFFFFFFFFFFFFFFFFFFFFFFFFFFFAA
:10462000FFFFFFFFFF7F7F7F3F3F1F0F070301005B
:104630000000000000000000000000804020100882
:1046400004040202020161E1C181010101010101D1
:10465000010101010101010181C1E16101020202C7
:10466000040408102040800000000000000000004A
:1046700000F00E010080808040C040E000E060E07B
:1046800061E367CE1C3870E0C0802070389CCE0794
:1046900043C140C040C040C040A070F00000010EC7
:1046A000F000000000000000000F7080000000001B
:1046B000010001020003020082C0E270381C0E04F7
:1046C0000103070E1C3871E0C180010001000100E8
:1046D00001020407000080700F00000000000000CD
:1046E000000000010204081020204040408086871E
:1046F00083818080808080808080808080808080B6
:1047000081838786804040402020100804020100F9
:1047100000000000000000000000008040201008A1
:104720000404020202010171010101010101010100
:10473000F10101010101010101F101010102020286
:104740000404081020408000000000000000000069
:1047500000F00E010000000000000000000E1FD756
:10476000130E000000000000FF00000000000080A9
:10477000C0DFC08000000000000000000000010E4B
:10478000F000000000000000000F7080000000003A
:1047900000000000000000FF000000000000387C66
:1047A0005D4C38000000000307F504030000000022
:1047B00000000000000080700F00000000000000FA
:1047C0000000000102040810202040404080808F3B
:1047D00080808080808080808F80808080808080CA
:1047E000808F80808040404020201008040201001B
:1047F00000000000000000000000008040201008C1
:10480000040402020201010101010101010101018F
:104810000101010101010101010101010102020285
:104820000404081020408000000000000000000088
:1048300000F00E010000000010E000008870000091
:104840008870000000000000000000000000000070
:104850000000000000000000000000000000010E49
:10486000F000000000000000000F70800000405EBB
:1048700041A060A77020F037703070307030703019
:1048800050305030503050E000A060A060A060A0D8
:1048900060A050B8380080700F00000000000000D9
:1048A0000000000102040810202040404180818166
:1048B00080818081808180818081808180818080F1
:1048C0008080808080404040202811080402010040
:1048D00000000000000000000000008040201008E0
:1048E00004040202020161E1C1810101010101012F
:1048F000010101010101010181C1E1610102020225
:1049000004040810204080000000000000000000A7
:1049100000F00E010080808040C040E000E060E0D8
:1049200061E367CE1C3870E0C0802070389CCE07F1
:1049300043C140C040C040C040A070F00000010E24
:10494000F000000000000000000F70800000000078
:10495000010001020003020082C0E270381C0E0454
:104960000103070E1C3871E0C18001000100010045
:1049700001020407000080700F000000000000002A
:10498000000000010204081020204040408086877B
:104990008381808080808080808080808080808013
:1049A0008183878680404040202010080402010057
:1049B0000000000000000000441901084719010828
:1049C0004A1901084A1901084D190108511901082D
:1049D0005A1901085F1901086919010872190108BB
:1049E0007919010880190108871901088C19010833
:1049F00097190108A7190108AB190108B219010894
:104A0000B91901080C19010814190108C519010880
:104A1000CD190108D5190108DD190108E5190108AA
:104A20001C190108ED190108F5190108FD19010803
:104A3000051A0108D434010848340108E433010898
:104A4000CC3201082C3201080000000000000000F8
:104A5000D1A400080000000038350000000000006C
:104A600000000000D7A40008000000003835000056
:104A70000000000000000000DDA4000800000000AD
:104A8000383500000000000000000000E3A400082A
:104A900000000000383500000000000000000000A9
:104AA000E9A4000800000000383500000000000004
:104AB0003703010839030108E50301083835000010
:104AC00000000000000000000000000000000000E6
:104AD000383500000000000001020304503E2800A9
:104AE00005720000A0700200226F04008A6D0600AB
:104AF000D76B08000A6A0A0024680C0023660E00BF
:104B00000A641000D9611200915F1400335D160031
:104B1000C25A18003F581A00AD551C000D531E0014
:104B200063502000B04D2200F84A24003D48260082
:104B300081452800C8422A0014402C00BD3E2D00AB
:104B4000F80C04040707070704040CF8FF00000032
:104B500000000000000000FFFF0000000000000057
:104B6000000000FF7FC0C0C0C0C0C0C0C0C0C07FC8
:104B7000F80C04040707070704040CF8FF00000002
:104B800000000000000000FFFF0000000000000027
:104B9000000000FF7FC0DCDCDCDCDCDCDCDCC07FB8
:104BA000F80C04040707070704040CF8FF000000D2
:104BB00000000000000000FFFF00808080808080F7
:104BC000808000FF7FC0DFDFDFDFDFDFDFDFC07F70
:104BD000F80C04040707070704040CF8FF000000A2
:104BE00000000000000000FFFF00E0E0E0E0E0E087
:104BF000E0E000FF7FC0DFDFDFDFDFDFDFDFC07F80
:104C0000F80C04040707070704040CF8FF00000071
:104C100000000000000000FFFF00FCFCFCFCFCFCAE
:104C2000FCFC00FF7FC0DFDFDFDFDFDFDFDFC07F17
:104C3000F80C04040707070704040CF8FF00000041
:104C400000000000000000FFFF00FFFFFFFFFFFF6C
:104C5000FFFF00FF7FC0DFDFDFDFDFDFDFDFC07FE1
:104C6000F80C04040707070704040CF8FF00C0C091
:104C7000C0C0C0C0C0C000FFFF00FFFFFFFFFFFFBC
:104C8000FFFF00FF7FC0DFDFDFDFDFDFDFDFC07FB1
:104C9000F80C04040707070704040CF8FF00F8F8F1
:104CA000F8F8F8F8F8F800FFFF00FFFFFFFFFFFF3C
:104CB000FFFF00FF7FC0DFDFDFDFDFDFDFDFC07F81
:104CC000F80C04040707070704040CF8FF00FEFEB5
:104CD000FEFEFEFEFEFE00FFFF00FFFFFFFFFFFFE8
:104CE000FFFF00FF7FC0DFDFDFDFDFDFDFDFC07F51
:104CF000F80C84848787878784840CF8FF00FFFF83
:104D0000FFFFFFFFFFFF00FFFF00FFFFFFFFFFFFB1
:104D1000FFFF00FF7FC0DFDFDFDFDFDFDFDFC07F20
:104D2000F80CE4F4F7F7F7F7F4E40CF8FF00FFFFF2
:104D3000FFFFFFFFFFFF00FFFF00FFFFFFFFFFFF81
:104D4000FFFF00FF7FC0DFDFDFDFDFDFDFDFC07FF0
:104D50000018242418C0404040400000000000001B
:104D6000003F0202020000000018242418804020A6
:104D700020200000000000000007081010100000B4
:104D80000000203038FCFEFC38302000000000001D
:104D9000007F7F7F0000000000F0080E0202020288
:104DA0000E08F000003F40404040404040403F007F
:104DB00000F0080E020202020E08F000003F405010
:104DC0005050505050403F0000F0080E02020202C6
:104DD0000E08F000003F40585858585858403F00BF
:104DE00000F0080E020202020E08F000003F405CD4
:104DF0005C5C5C5C5C403F0000F0080E020202025A
:104E00000E08F000003F405E5E5E5E5E5E403F006A
:104E100000F0080E020202020E08F000003F405FA0
:104E20005F5F5F5F5F403F0000F0088E828282829A
:104E30008E08F000003F405F5F5F5F5F5F403F00B4
:104E400000F008CEC2C2C2C2CE08F000003F405FF0
:104E50005F5F5F5F5F403F0000F008EEE2E2E2E28A
:104E6000EE08F000003F405F5F5F5F5F5F403F0024
:104E700000F008EEE2F2F2E2EE08F000003F405FE0
:104E80005F5F5F5F5F403F0000F008EEE2FAFAE22A
:104E9000EE08F000003F405F5F5F5F5F5F403F00F4
:104EA000000038C40038C40038C4000000383A3963
:104EB000383A39383A3910100060E0FEE0E0E0E0BE
:104EC000FEE060000000000103FFFF03010000009E
:104ED000FC02020202020282621A02FC3F404246C7
:104EE0004C5846414040403FFC020202020202028E
:104EF000020202FC3F404040404040404040403FB2
:044F0000FF14FEA1FB
:084F0400798100083117010852
:044F0C0051810008C7
:104F10008D00000001000000CC02050040010000EF
:104F2000CC020500960000000F0001000500000003
:104F300004000100000018002600010021005A00B2
:104F40008C0002005A000000020001000200000074
:104F5000090001000700000001000100010000003D
:104F60000300010002000000030001000000000037
:104F70003C0001000A0000000100010000000000E8
:104F8000010001000000000001000100000000001D
:104F9000000001000000000001000100000000000E
:104FA0000200010000000000630001000500010094
:104FB000090001000400010009000100010068016E
:104FC00084030100BC020000CC020A007C016400E2
:104FD000C409010084030000640005000000000013
:104FE00001000100000005005A0005000A00010050
:104FF000320001000100000009000100070000006C
:10500000090001000000000009000100000000008C
:10501000FFFF0000D7A100003200010014000000D3
:1050200001000100000001006500190019000000E6
:105030000600010001000000010001000000000066
:10504000010001000000000002000100000001005A
:105050000500010004000000CC0205005A00010018
:105060000A00010001000000CC02050082000A00D5
:10507000B40005005A000000CC0205008C000A00B4
:10508000B40005001E000000CC020500A5000A00C7
:10509000B40005001E000000CC0205008C000A00D0
:1050A000B40005001E000000CC0205005A000A00F2
:1050B000B40005001E0001000A000100020000000B
:1050C0000C000100000000000300010000000000CF
:1050D0000100010000000000FFFF000080AE008022
:1050E000D50080520080A800801F0080C00080D3BF
:1050F0000080300080400080A000808D008014007F
:1051000080DA0080120080810080000080D9008059
:10511000F10080DB0080300080A40080A6008020A9
:105120000080000080AF00000D0000000090D00360
:10513000AAAAAAAA01000000640000001212121319
:0451400080000000EB
:0400000508008199D5
:00000001FF
