:020000040800F2
:108000000050002099810008E1810008E18100080A
:10801000E1810008E1810008E18100080000000022
:10802000000000000000000000000000C1B50008D2
:10803000E181000800000000F1B5000835B6000835
:10804000E1810008E1810008E1810008E181000888
:10805000E1810008E1810008E1810008E181000878
:10806000E1810008E1810008E181000869B60008AB
:10807000E1810008E1810008E1810008E181000858
:10808000E1810008E181000889B70008E18100086A
:10809000E1810008E1810008E181000849B9000898
:1080A000E181000869BC0008E1810008E181000865
:1080B00095BC000875BC0008B1BC0008E18100084F
:1080C000E1810008E1810008E1810008E181000808
:1080D000E1810008E1810008E1810008E1810008F8
:1080E000E1810008E1810008E18100080000000052
:1080F0000000000000000000000000000000000080
:0C81000000000000000000005FF8E0F14B
:108110000348044B834202D0034B03B11847704716
:108120003402002034020020000000000548064B05
:108130001B1AD90F01EBA301491002D0034B03B165
:10814000184770473402002034020020000000006D
:1081500010B5064C237843B9FFF7DAFF044B13B18F
:108160000448AFF300800123237010BD38020020C3
:10817000000000007018010808B5044B1BB1044949
:108180000448AFF30080BDE80840CFE700000000DE
:108190003C02002070180108002103E00B4B5B58E3
:1081A000435004310A480B4B42189A42F6D30A4A0C
:1081B00002E0002313600432084B9A42F9D303F023
:1081C0004FFC09F0F9FA04F0B3FEFEE7644D010834
:1081D000000000203402002038020020F831002086
:1081E000FEE7FEE706480068006880F3088862B68C
:1081F00061B6BFF34F8FBFF36F8F00DF00BF00008A
:1082000008ED00E04FF0500383F31188BFF36F8F48
:10821000BFF34F8FFEE7000008B54FF0500383F324
:108220001188BFF36F8FBFF34F8F074A1368013375
:10823000012B136007D14FF0E023D3F8043DDBB2EC
:108240000BB1FFF7DFFF08BD20020020054A08B58B
:1082500013680BB9FFF7D6FF013B13600BB983F32B
:10826000118808BD2002002008B5EFF305830F2B0D
:1082700007D90E4A9B5C0E4A12789A4201D9FFF741
:10828000C1FF4FF0E0230B4AD3F80C3D126803F412
:10829000E063934208D94FF0500383F31188BFF392
:1082A0006F8FBFF34F8FFEE708BD00BFF0E300E024
:1082B000A8310020A4310020002337B502680193C3
:1082C0009368DB0702D5002003B030BD93681249E4
:1082D00043F001039360114B1B68B3FBF1F301936F
:1082E000019BABB90E4C2568936813F00103EAD1EA
:1082F0002168491B0229F7D9826A80F8243042F0AC
:1083000010028262C26A42F00102C2620120DBE70F
:10831000019B013BE3E700BF40420F001C0200202D
:10832000982F0020036810B59A68D10701D4002067
:1083300010BD9A680A4922F001029A600C689A6896
:10834000D207F4D50A68121B022AF8D9836A43F0CF
:1083500010038362C36A43F00103C3620120E7E7AD
:10836000982F0020436A9A6A12F0500F18D19A6A27
:1083700042F400729A621A68926802F46022B2F5BE
:10838000602F10D1DA6872B99A6A22F480729A6208
:108390009A6AD20407D49A6A42F001029A6270473C
:1083A0001B6A1B6B18477047002337B5019390F881
:1083B00024300446012B5FD0012380F82430FFF7DE
:1083C000B1FF0546002839D1A36A2C4823F488530D
:1083D00023F0020343F00203A362294B1A68294BDE
:1083E00059685B68C1F3C221415CC3F38133013337
:1083F00022FA01F15B00B1FBF3F3B2FBF3F252009E
:108400000192019BF3B92046FFF756FF23689A6853
:1084100042F008029A601C4A10689968090715D44E
:10842000996841F0040199601068996849071ED461
:10843000A36A23F0030343F00103A362002384F83B
:10844000243011E0019B013B0193DAE71168091A1E
:108450000A29E2D9A36A012523F0120343F010038D
:10846000A362002384F82430284603B030BD11688D
:10847000091A0A29D9D9EDE70225F5E728490108A3
:108480001C02002000100240982F002010B590F828
:1084900024300446012B3DD0012380F82430FFF71F
:1084A0000BFF00283FD1A36A214A23F4405323F055
:1084B000010343F48053A3622368934205D1A2F5DC
:1084C0008062526812F4702F25D1A26A22F48012C1
:1084D000A262A26A12F4807208BFE262002284F8EB
:1084E00024206FF004021A605A68520512D49A6868
:1084F00002F4E042B2F5E04F11D10D4A934205D1AA
:10850000A2F58062526812F4702F08D19A6842F482
:1085100002129A6010BDA26A42F48012D8E79A68EB
:1085200042F40042F5E7002384F82430F2E700BF6C
:108530000028014090F82430F0B5012B63D00123CE
:108540001F2680F824300F694D680368EC1B04EB8C
:108550008404BD4204F10F040A6806FA04F69ABFC7
:10856000D3F838C002FA04F49C6B46F440169FBF5F
:1085700007F1FF3744EA07542CEA0606344388BF64
:10858000B4439C639C68E40707D49C68CE6924F4D8
:10859000E04424F0010434439C608E69012E0CD128
:1085A000CC69B4F5E04F0BBF5C68846A44F4806426
:1085B00044F020040CBF5C6084624C69012C04D13F
:1085C00016BB5C6844F480545C60092A8E6820D92C
:1085D00007270A3ADC6802EB4202974024EA0704C4
:1085E00006FA02F22243DA60022DCC6816491BD04B
:1085F000032D1ED0012D21D15A690A4022435A6110
:10860000002380F82430F0BD846A44F020048462A2
:10861000DBE707271C6902EB4202974024EA0704C4
:10862000964034431C61DFE79A690A4022439A610D
:10863000E6E7DA690A402243DA61E1E71A6A0A40AA
:1086400022431A62DCE700BF00F0FFFF114B10B5B8
:10865000DB684FF0FF34C3F30223DA1E042A86BF1F
:1086600004230022C3F1070304FA03F3002821EADC
:108670000301ACBF00F16040074B01FA02F14FEA81
:108680000111B5BF00F00F0000F56140195480F8EA
:10869000001310BD00ED00E014ED00E0054B1A6979
:1086A000120605D5044A5A6002F188325A601B69E5
:1086B000704700BF002002402301674510B54CF20F
:1086C00050342049204B0868DA68D20733D4DA687E
:1086D000910644BF2022DA60DA68D20606D4DA694D
:1086E000D40703D4D86810F0040023D0164AD36806
:1086F00013F0100305D01549CB6943F00203CB6199
:108700001023D268500706D5104943F00403CA6904
:1087100042F00102CA610C4AD169C90708D50B4869
:10872000C16941F00401C161D16921F00101D16148
:108730000120D36010BD0A68121AA242C4D90320D6
:10874000F8E700BF982F002000200240782F00207B
:108750002DE9F74F00244FF0010826464FF00F0E89
:10876000DFF890C1644B0A6808FA06F707EA0205C9
:1087700037EA020240F084804A68032A00F0B080A1
:1087800010D8012A00F0A180022A00F0A3808A6894
:10879000002A00F0A780012A4FF008040CBF0761EF
:1087A000476106E0122A00F0988070D8112A00F084
:1087B0008E80FF2D92BF814600F10409A6F10802C8
:1087C000D9F8007094BFB20092000EFA02FA27EABC
:1087D0000A0704FA02F21743C9F80070D1F80490AE
:1087E00019F0805F4CD0DCF8182026F0030742F027
:1087F0000102CCF81820DCF8182007F1804702F0BD
:108800000102019207F5803706F0030A019A4FEA48
:108810008A0ABA680EFA0AFB22EA0B0B374A904220
:1088200062D002F58062904260D002F58062904290
:108830005ED002F58062904214BF0422032202FA45
:108840000AF242EA0B02BA601A6819F4803F14BFB8
:108850002A43AA431A605A6819F4003F14BF2A43F6
:10886000AA435A609A6819F4801F14BF2A43AA4386
:108870009A60DA6819F4001F14BF2A43AA43DA6029
:108880000136102E7FF46FAF03B0BDE8F08FDFF834
:1088900070904A453FF47BAF0FD8A9F580194A453F
:1088A0003FF475AF09F570294A453FF470AFA9F55B
:1088B00080194A453FF46BAF7BE7DFF848904A45A3
:1088C0003FF465AF09F58039F3E7CC6871E7CC6810
:1088D00004346EE7CC6808346BE7CC680C3468E786
:1088E000002466E7042464E70022A8E70122A6E743
:1088F0000222A4E7001002400004014000080140E9
:10890000000022100000311070B5826A044686B063
:10891000002A39D10168654BC262994280F824204F
:1089200003F56C43996940F0848041F400719961CA
:108930009B695F4903F400730293029B5D4B4FF404
:108940008075C3E9001280214FF4806CC3E90315E0
:108950002021C3E905C14FF4805157481A649A6039
:10896000D9618168D8636FF30D1141F4AD51816015
:108970009A631D8423625C620F211220FFF766FE5A
:108980004FF480224D4B1A602046FFF7CBFCA36AC0
:1089900013F0100340F08680002840F08380A26A24
:1089A000616822F4885222F0020242F00202E06979
:1089B000A568A262E2680143B5F5807F41EA420101
:1089C00059D06E1E7042704100026669012E07D1B7
:1089D000002A52D1A269013A40EA423242F40060D0
:1089E0002268B5F5807F566826F4694640EA06009D
:1089F00050609668324806EA000040EA0100906044
:108A000001D0012D02D12369013B1B05D06A20F45E
:108A100070000343D36292682A4B1340994235D1C8
:108A20000023E362A36A23F0030343F00103A3627C
:108A300036E041F4806199619B69032503F480630A
:108A40000193019B082320480DEB03010492CDE91B
:108A50000235FFF77DFE1023CDE90235FFF778FEE2
:108A60000423CDE90235FFF773FE4023CDE902353B
:108A7000FFF76EFE80E72846A7E7A26A42F02002D1
:108A8000A262E26A42F00102E262A9E7A36A23F06D
:108A9000120343F01003A362E36A43F00103E362AD
:108AA00006B070BDA36A43F01003C0E70024014084
:108AB00008000240183100200000024000E100E000
:108AC000FDF7E1FFFE0E1FFF0008014090F83E3069
:108AD000012B22D1022380F83E3003681A6A22F06B
:108AE00001021A621A6A42F001021A620B4A9342A8
:108AF0000AD0B3F1804F07D0A2F59432934203D04D
:108B000002F58062934204D19A6802F00702062AB5
:108B100003D01A6842F001021A607047002C01402D
:108B20001A4A036890420AD0B0F1804F07D0A2F5EC
:108B30009432904203D002F58062904215D14A6887
:108B400023F070031343114A90420AD0B0F1804FD2
:108B500007D0A2F59432904203D002F58062904291
:108B600003D1CA6823F4407313434A6923F0800396
:108B7000134303608B68C3620B688362034B9842A4
:108B800004BF0B690363012343617047002C01405C
:108B90001FB590F83D30044603F0FF0200687BB932
:108BA000254B84F83C20984228D103F50333DA6939
:108BB00042F00202DA61DB6903F002030293029BD6
:108BC0000223211D84F83D30FFF7AAFF0123002076
:108BD00084F8463084F83E3084F83F3084F84030E2
:108BE00084F8413084F8423084F8433084F84430CB
:108BF00084F8453084F83D3004B010BDB0F1804FAA
:108C00000AD10E4BDA6942F00102DA61DB6903F046
:108C100001030193019BD3E7094B9842D0D103F59F
:108C20000233DA6942F00402DA61DB6903F004031B
:108C30000393039BC4E700BF000400400010024000
:108C40000008004010B590F83D30044603F0FF02E4
:108C50000BB980F83C200223206884F83D30211DA8
:108C6000FFF75EFF012384F8463084F83E3084F835
:108C70003F3084F8403084F8413084F8423084F842
:108C8000433084F8443084F8453084F83D3010BDDA
:108C9000022380F83D300368DA6842F00102DA60AE
:108CA0000B4A93420AD0B3F1804F07D0A2F5943219
:108CB000934203D002F58062934204D19A6802F095
:108CC0000702062A03D01A6842F001021A607047B0
:108CD000002C014013B500211920FFF7B7FC4FF01D
:108CE00000721B4B1B4C1A601B4B20469A6942F4C6
:108CF00000629A619A6902F400620192019A5A68CC
:108D00005A685A685A68154A12685B68144AC3F36D
:108D1000C223D25C134B1B68D340134AB3FBF2F35C
:108D2000124A013B2260636040F2E7320023E260B6
:108D30002361A360FFF72CFF94F83D30012B05D190
:108D4000204602B0BDE81040FFF7A2BF02B010BD40
:108D500000E100E05C3100200010024000200240F1
:108D6000284901081C02002040420F00002C01404D
:108D700090F83C3010B5012B21D0022380F83D3013
:108D8000036809685A689C6822F070020A435A60B6
:108D90000B4A93420AD0B3F1804F07D0A2F5943228
:108DA000934203D002F58062934202D124F0800402
:108DB0009C60012380F83D30002380F83C3010BDDA
:108DC000002C014030B50C68631C0AD103695A6855
:108DD0004A6091608B6059600368086101330360E9
:108DE00030BD00F10802134652681568A542FAD951
:108DF000EDE70369D0E901128A6051605968814248
:108E000008BF5A6000220261186801381860704774
:108E1000024A136801331360704700BFE03000203E
:108E2000C36870B50BB9FFF7EDF99A6AD3E907018A
:108E30008160D8694860516803F11800814204BF1D
:108E4000196A516000219962116801391160204A44
:108E50001268002A2FD1D3E902015A69816098680B
:108E60001C1D486051681B48A14208BFD9680568AD
:108E700008BF51601168013911600121DA6A91401F
:108E8000294301601420424313498D186868986093
:108E90008668DE607460846088585D610130885047
:108EA0000E4A1168DA6ACB6A9A4285BF01200C4BE0
:108EB0000020186070BD0B4A5168D9618C681C6233
:108EC0006060886011689A6201311160E8E700BF54
:108ED000E0300020DC30002050300020383000200E
:108EE000343000203C300020F8B504460127FFF75D
:108EF00093F990F84550164E6DB2002D01DD636A6E
:108F0000B3B9FF23012784F84530FFF79FF9FFF736
:108F100083F994F844500E4E6DB2002D01DD2369A3
:108F200073B9FF2384F84430BDE8F840FFF78EB9E9
:108F3000206BFFF775FF00B13760013D6DB2DCE7D4
:108F4000E069FFF76DFF00B13760013D6DB2E4E706
:108F50003430002008B9054B1868026B0020135C00
:108F6000A52B01D0800870470130F8E73830002089
:108F7000064A13681968064B19B94FF0FF321A6098
:108F800070471268D2681268F9E700BF302F0020DE
:108F9000242F00202DE9F84F554B1B68002B40F083
:108FA000A080544B1C6801341C6084B9524B1A6871
:108FB00012680AB1FFF726F9504A1968106818605C
:108FC00011604F4A136801331360FFF7D1FF4D4D15
:108FD00000222B684C49A342DFF830C109D84FF07A
:108FE0001408454F4A4E3B681B689BB94FF0FF334E
:108FF0002B604848DCF8003004681420DB6A4343E7
:10900000C858012898BF002C14BF0120002010432D
:10901000BDE8F88F3B68DB68DB685868844201D2A2
:109020002860E6E7D3F81490D3E902E0CEF8080010
:10903000D3F808E0C0F804E0D9F8040003F1040E06
:10904000704504BFD868C9F80400D9F80000013899
:10905000C9F80000D3F82890B9F1000F17D0D3E970
:1090600007A0CAF80800D3F81CA0C0F804A0D9F8DB
:10907000040003F1180A504504BF186AC9F8040037
:1090800000209862D9F800000138C9F800000120DA
:10909000D3F82C90D6F800A000FA09F008FB09F9E3
:1090A00040EA0A0001EB090A3060DAF8040098602F
:1090B000D0F808B0C3F80CB0CBF804E0C0F808E072
:1090C00051F80900DCF800E00130C3F814A041F8C1
:1090D0000900D86ADEF82C30984288BF42F00102BD
:1090E00081E70D4A002013680133136090E700BF49
:1090F000E03000209C2F0020302F00202C2F00205B
:10910000682F0020242F002050300020383000200D
:10911000DC30002034300020282F00202DE9F84FCB
:10912000FFF77AF8514B1A6842B94FF0500383F3B6
:109130001188BFF36F8FBFF34F8FFEE71A68013AB4
:109140001A601B6823B10020FFF780F8BDE8F88F94
:10915000474A1268002AF6D09E4601264FF0140CAA
:109160004448454C454A464F464D59E0C368DB6884
:10917000D3F82880D3E90791C9F80810D3F81C90D8
:10918000C1F80490D8F8041003F11809494504BF48
:10919000196AC8F80410D8F80010C3F828E001399B
:1091A000C8F80010D3F81480D3E90291C9F8081068
:1091B000D3F80890D4F800A0C1F80490D8F80410AF
:1091C00003F10409494504BFD968C8F80410D8F868
:1091D00000100139C8F80010D3F82C8006FA08F105
:1091E0000CFB08F841EA0A0102EB080A2160DAF8F0
:1091F00004109960D1F808B0C3F80CB0CBF8049013
:10920000C1F8089052F80810C3F814A0013142F8D0
:1092100008103968D3F82C80C96A884500D92E60B7
:1092200001680029A2D10BB1FFF7A2FE164D2C68F0
:1092300044B10127134EFFF7ADFE00B13760013C8A
:10924000F9D12C600F4B1B68002B3FF47CAF0C4B0B
:109250004FF080521B684FF0E023C3F8042DBFF39A
:109260004F8FBFF36F8F01206EE700BFE03000200B
:10927000642F00203C300020DC30002050300020E3
:109280003830002034300020282F0020054B1B6888
:1092900033B1054B1868B0FA80F0400940007047C0
:1092A00001207047602F0020E0300020174B2DE98F
:1092B000F0411C68164B174D1E68174B80461F68FF
:1092C00028680430FFF795FD40B92A681349D06A31
:1092D00001220B68824023EA02030B602B68296895
:1092E00014EB08045C6001F1040104D33846BDE8C6
:1092F000F041FFF767BD3046FFF764FD084B1A6881
:10930000944238BF1C60BDE8F08100BF9C2F002054
:10931000302F0020383000202C2F0020DC3000209F
:10932000242F002038B5184CFFF772FDFEF774FFAC
:109330002368DB6DFBB1FEF789FF0025FFF7EEFE2A
:1093400055B148B94FF0E0234FF08052C3F8042DD7
:10935000BFF34F8FBFF36F8FFEF75EFF2368D86DAB
:1093600010B100222368DA650022236883F86020A8
:10937000FEF76CFF38BD0125236883F86050FEF7C7
:1093800065FFFFF793FFD9E7383000207047632867
:1093900004DC0A28B4BF0120022070470320704774
:1093A000024608B50846FFF7F2FFC3000C33DBB2F4
:1093B000C3F1380302EB630000B208BD08B5FFF744
:1093C000E6FF00EB4000C000C31DDBB2C3F1500359
:1093D000023801EB6301C0B28B1E014413804B1CA9
:1093E00005315380918008BDF0B514254D43264EBC
:1093F000264C771997F810C02468BCF1000F06D0EE
:10940000D7F80CC0A4EB0C0CBCF5FA7F2FD91425AF
:109410004D437719C7E901047051012038741420B5
:10942000414370188568C460641BC72C456827D801
:109430007158A94224D004FB04F102FB01F14FEA68
:109440004404C4F5167404FB01F1114801F57411CC
:1094500001F51061B1FBF0F1C8B2CABF4142801AF8
:10946000101A01221D60197158719A71F0BD56F8D9
:1094700005C084451EBFC7F804C07051BC60CEE76C
:10948000002108460A46EDE7702500209C2F0020A9
:1094900000127A00142370B50446002503FB010670
:1094A000B44201D1284670BDA368002BFAD0E3680E
:1094B0001BB90135ADB21434F2E798470028F8D152
:1094C000F9E700000A4B588A80B278B1188980B257
:1094D00060B11A89188992B2052A94BF42F21073BA
:1094E0004EF6602380B288BF05385843704700BFEE
:1094F0006C2E002038B5114A538A9BB20BB900205C
:1095000038BD13899BB2002BF9D00D4A0D4B14685E
:109510001B6853EA04020FD00B4D2968C91AFFF7E4
:10952000D1FF8142EBD92868041BFFF7CBFF8442AF
:1095300094BF00200120E3E70120E1E76C2E00202A
:10954000082F00200C2F00209C2F0020012809D874
:109550000C4B5B8C9BB2002B0CBF4FF4BE704FF4D6
:1095600033707047A0F11603DBB21C2B04D8064AF7
:1095700022FA03F3DB07EBD4044B03EBC003588858
:10958000704700BF6C2E002001005415060000201B
:1095900038B5094B054633F83040FFF7D7FF88420E
:1095A00028BF084680B2A14228BF0446034800EB0A
:1095B0004500848038BD00BF060000206C2E0020CE
:1095C00030B50D4B0D4D03EB40039A8805EBC004FD
:1095D000618892B28A4203D135F830209A8006E041
:1095E000A28898888C1A80B2A04201DB998030BD95
:1095F00099880A44F2E700BF6C2E00200600002084
:109600001421D0E9003212881B6801FB02335A682A
:1096100002B11047187C372801D8FFF7D1BF704737
:1096200001207047B8B91C4B5B8C9BB2834214BFBE
:109630004FF433724FF4BE72174B184903EB4003DB
:1096400001EBC0019B8889889BB2521A9342D4BF18
:10965000002001207047162809D10F4B5B8C9BB26C
:10966000002B14BF4FF433724FF4BE72E4E70128AD
:1096700009D1094B5B8C9BB2002B0CBF4FF4967247
:109680004FF41172D8E71F2804D0044B03EBC0033A
:109690005A88D1E7012070476C2E00200600002078
:1096A000034B588980B2003818BF0120704700BFB3
:1096B0006C2E00200E4B198E5B8C89B29BB24BB185
:1096C00081B1143189B2B1F5337F28BF0021162052
:1096D000FFF75EBF49B10A3189B2B1F5BE7F88BFDD
:1096E0001946F4E74FF4F071F1E7FA21EFE700BF14
:1096F0006C2E0020034B588A80B2003818BF01201E
:10970000704700BF6C2E00200A4BD9885B8C9BB23F
:1097100043B1143189B2B1F5117F88BF3C210120DA
:10972000FFF736BF0A3189B2B1F5967F88BF0A21AB
:10973000F5E700BF6C2E00200F4A02EB40039B8828
:10974000528C9BB292B27AB103EBC3010523B1FBF9
:10975000F3F120310A2389B2B1FBF3F101EB81016E
:10976000490089B2FFF714BF0922203B03EB8303B2
:1097700093FBF2F1EEE700BF6C2E002008B50F203E
:10978000FFF71EFF1620FFF7D7FF0020FFF7D4FFDB
:10979000BDE808400120FFF7CFBF0000034BD88A87
:1097A00080B2003818BF0120704700BF6C2E002027
:1097B000034B188D80B2003818BF0120704700BFDE
:1097C0006C2E002001220D4B1A6102221A610F2219
:1097D00000BF013AFCD14FF400321A610F2300BFE1
:1097E000013BFCD14FF48033044A13610F2300BFC7
:1097F000013BFCD102231361704700BF000C014004
:109800004FF40033094A13610F2300BF013BFCD121
:10981000012313610F2300BF013BFCD10222034B44
:109820001A610F2300BF013BFCD17047000C0140BF
:1098300002230A4A13610F2300BF013BFCD101231D
:1098400013610F2300BF013BFCD14FF48032034B67
:1098500098681A61C0F34000704700BF000C0140D7
:109860000A4B80B102221A610F2300BF013BFCD1D9
:109870000123064A13610F2300BF013BFCD14FF4C3
:109880008033136170474FF40032ECE7000C014065
:1098900010B50821044604F080000139FFF7E0FF0D
:1098A00011F0FF014FEA4404F5D10222044B1A6182
:1098B000FFF7BEFF80F0010000F0010010BD00BF07
:1098C000000C0140014B1868704700BF9C2F00201E
:1098D00090F83C30F0B5012B24D00368184E1A6A7A
:1098E000B34222F001021A621A6A5D689C6924F090
:1098F000730444F0600416D022F0020249685D60EF
:109900009C6159631A629A6942F008029A619A69E5
:1099100022F004029A619A6942F004029A610023DB
:1099200080F83C30F0BDCE6822F00A02324325F4C4
:109930004075D1E905673E4322F004023543DDE777
:10994000002C014070B569B947F6F8721C4B9B6852
:10995000C3F38F03934205D91A4A1378FF2B1CBF18
:1099600001331370184C2378F3B9184A184D136853
:109970008342C8BF1060174BB9B919602B685B1AD6
:1099800044F620618B420FD9134B12681B68934237
:109990000ADD01219B1A022B217005DC094A13788C
:1099A000FF2B1CBF5B18137070BD0B490E688642FD
:1099B000B8BF086019680029E0D12968DDE700BF59
:1099C000582E0020402E002058250020C8010020DD
:1099D0009C2F00205425002050250020F8B5044677
:1099E00040B94FF0500383F31188BFF36F8FBFF37B
:1099F0004F8FFEE7016C41B14FF0500383F31188A4
:109A0000BFF36F8FBFF34F8FFEE7FFF73FFCFEF70B
:109A100003FCA26BE36B9A4280F08180226CA66B00
:109A2000002A6DD12368ABB10023626A0136A663B8
:109A3000002A72D0206BFFF7F3F900286FD04FF0A7
:109A4000E0234FF08052C3F8042DBFF34F8FBFF3D4
:109A50006F8F64E0A5681DB900230022A260E4E7CF
:109A6000314B1B689D4208D04FF0500383F311889F
:109A7000BFF36F8FBFF34F8FFEE7AB6D43B94FF06E
:109A8000500383F31188BFF36F8FBFF34F8FFEE74F
:109A9000E96A6A6D013B9142AB65DDD0002BDBD1F9
:109AA0002F1D3846FFF7A5F9204930B90122E86A91
:109AB0000B68824023EA02030B606B6DD1F800C093
:109AC000C3F10702AA61012202FA03F040EA0C0086
:109AD00008601420EB624343154901EB030CDCF8EA
:109AE0000400A860D0F808E0C5F80CE0CEF80470D7
:109AF0008760C858C5F814C01044C8501346ACE776
:109B0000606807F0A6FE6368226C1344A268636075
:109B1000934289D32368636086E7002B8FD1BDE829
:109B2000F840FEF793BB00BF38300020DC30002047
:109B300050300020482373B50193019B0446482B05
:109B400008D04FF0500383F31188BFF36F8FBFF33A
:109B50004F8FFEE70021019B01232060C0E90F31F8
:109B6000FEF75AFBD0E90F356B4302688163D618C4
:109B70005B1B42601A44FF23C2604FF0FF3280F843
:109B8000443080F8453000F11803C0E906234361F2
:109B9000036200F12C03C0E90A32C0E90C3386608D
:109BA00001614162FEF752FB81600160C160FFF715
:109BB00015FF204602B070BD014B1868FFF70EBFBD
:109BC000A02000202DE9F7438046DDE90A548946AC
:109BD00017461E4645B94FF0500383F31188BFF373
:109BE0006F8FBFF34F8FFEE744B94FF0500383F3FD
:109BF0001188BFF36F8FBFF34F8FFEE7642301938C
:109C0000019A9A4208D04FF0500383F31188BFF3B2
:109C10006F8FBFF34F8FFEE700212046BF00019BEF
:109C200007F0C2FD284625633A46A52107F0BCFD92
:109C3000256BB9F1000F0FD009F1FF3304F13302A6
:109C400009F11F0113F8010F02F8010F08B18B424F
:109C5000F8D1002384F85330062E08D94FF0500372
:109C600083F31188BFF36F8FBFF34F8FFEE700239D
:109C70004FF08071043FEA19E662666522F0070240
:109C8000C6F107066361A3622461A661646242F8BB
:109C9000041C28F0010142F8081C3E4942F8203C0F
:109CA00042F80C1C403A2260FEF7B6FA3A4B3B48A9
:109CB0001A6801321A600268002A60D104601B68C9
:109CC000012B2AD14FF0FF361546354B0132072ABA
:109CD00043E90136C3E9013343F8085C03F1140397
:109CE000F4D1304A02F10803C2E90136C2E9033374
:109CF0002D4B156003F10801C3E90116C3E90311F7
:109D00002A491D6001F108070D60C1E90176C1E92A
:109D1000037727490A60274A1360274A27491368AF
:109D20000D68013313600122E36A261D9A402A431D
:109D30000A6014214B43224AD5186968A1608F68D4
:109D4000E7607E608E60D15865610131D150FEF7C9
:109D50007DFA1C4B1B6873B10368DA6AE36A9A42A6
:109D600009D24FF0E0234FF08052C3F8042DBFF327
:109D70004F8FBFF36F8F204603B0BDE8F083114BC8
:109D80001B68002BC9D10368DA6AE36A9A4298BF5C
:109D90000460C2E7E3810008642F0020383000200F
:109DA00058300020482F0020342F00203C30002065
:109DB000302F00202C2F00205C2F0020DC300020D2
:109DC00050300020602F002037B5D0E9001485699D
:109DD000B0F90830026901954069842B009008BFF2
:109DE0000023204618BF0333FFF7ECFE03B030BD5D
:109DF000034B4FF400720021186807F0D5BC00BF78
:109E0000142F00204FF0E0254FF0805608B5064C87
:109E10002368012B05D9C5F8046DBFF34F8FBFF33D
:109E20006F8F07F0BFF8F3E75030002038B50546D4
:109E30000C46FFF7DDFF284606F0F0FE41F28830C1
:109E4000054B064A1B6812689B1A834298BF002C78
:109E500014BF0120002038BD9C2F0020082F0020B7
:109E600010B4084B084C588C0023DFF820C080B297
:109E700098420CBF6046204610BCFF22012106F02C
:109E8000A7BE00BF6C2E0020981801089D1801087D
:109E900070B504460D46FFF7ABFF2246012311784B
:109EA00049BB013B03EB43039B009BB2802B2CD9A6
:109EB000194A928C92B2012A14BF14220A22B5FBCD
:109EC000F2F103F1800209B291FBF2F002FB1011F2
:109ED0007F291FDD8B42A8BF0B46104AC3F18003C8
:109EE000138000230E4A204613800121BDE87040F4
:109EF000FF2206F06DBEF02902D801320133CEE711
:109F000051780029CDD00232F8E7C3F1800203EB8B
:109F10006203E2E78023E0E76C2E00206A2E002037
:109F2000682E00200B4BB3F850200B4B92B2012A45
:109F30001B7805D0022A08D0FF220021074802E042
:109F4000FF220021064806F043BEFF2200210548FB
:109F5000F9E700BF6C2E00206A2E0020152E0108A4
:109F6000062E0108242E01080B4BB3F87030DBB22B
:109F7000022B0DD0032B0DD0084AA2F11000012BAB
:109F800008BF1046064BFF2200211B7806F020BEBA
:109F90000448F7E70448F5E76C2E0020402E01083E
:109FA0006A2E00204B2E0108562E0108084BFF2276
:109FB000198A002389B2012906D002294FF0010134
:109FC00004D0044806F004BE0348FBE70348F9E761
:109FD0006C2E00206C3001086E30010870300108D2
:109FE00010B4084B40F6CE309B8C074C9BB2002B34
:109FF00018BF4FF43D6000232044FF2210BC012114
:10A0000006F0E6BD6C2E0020A424010810B50C4A11
:10A0100053899BB27BB101235089194602301A46FD
:10A0200080B206F00DFE0023FF2201210548BDE8A5
:10A03000104006F0CDBDFF2201210348F7E700BF25
:10A040006C2E00209A1801089C18010870B5012395
:10A050000A240E4D1A46A889194680B2B0FBF4F0C6
:10A0600006F0EEFD0023FF220121094806F0B0FDB5
:10A07000A88980B2B0FBF4F304FB1300BDE8704084
:10A08000012380B21A46194606F0DABD6C2E002074
:10A090009F180108034B0221588F012380B21A46F2
:10A0A00006F0CEBD6C2E0020034B0221188F012339
:10A0B00080B21A4606F0C4BD6C2E0020034B03216B
:10A0C000D888012380B21A4606F0BABD6C2E002053
:10A0D000034B588D012380B21A46194606F0B0BDD5
:10A0E0006C2E0020034B988D012380B21A4619462E
:10A0F00006F0A6BD6C2E00201FB5114B06225B8C0E
:10A100009BB2002B14BF43232423023B53430D4A2D
:10A11000D15C8DF80C10511CC95C8DF80D10D11C50
:10A120000432C95CD35C8DF80E108DF80F3003AB90
:10A13000009304220823022106F058FC05B000BD5C
:10A140006C2E0020F319010807B5054B0021009380
:10A1500020235E201A4606F049FC03B000BD00BF74
:10A16000103B0108054BB3F8440080B220B1012335
:10A1700002211A4606F064BDFFF7E6BF6C2E0020F0
:10A18000064A138E9BB233B10123108E03211A4667
:10A1900080B206F055BDFFF7D7BF00BF6C2E002080
:10A1A0000C4B198B89B202290AD003290DD0012941
:10A1B00001D0FFF7C9BF0023FF22074806F008BD02
:10A1C0000023FF2201210548F8E70023FF22012197
:10A1D0000348F3E76C2E00206E300108763001084A
:10A1E00078300108094BD98C89B2012903D00229A2
:10A1F00006D0FFF7A9BF0023FF22054806F0E8BC00
:10A200000023FF2201210348F8E700BF6C2E002045
:10A210007A3001087C300108064A538A9BB233B178
:10A22000508A01220023114680B206F009BDFFF7D3
:10A230008BBF00BF6C2E002010B5154B1A8992B24F
:10A240001AB9BDE81040FFF77FBF1A89188992B28A
:10A25000052A10D8012300EB800040001A46022195
:10A2600080B206F0EDFC0023FF2201210948BDE881
:10A27000104006F0ADBC012305381A46022180B219
:10A2800006F0DEFC0023FF2201210348EFE700BFB8
:10A290006C2E0020C9190108A118010810B50B4A3D
:10A2A000538B9BB21BB9BDE81040FFF74DBF012394
:10A2B000508B02211A4680B206F0C2FCBDE8104065
:10A2C0000023FF220121024806F082BC6C2E0020F0
:10A2D000A11801080C4BD98A89B2022908D0032998
:10A2E0000BD001290ED10023FF22084806F070BCD4
:10A2F0000023FF2201210648F8E70023FF22012165
:10A300000448F3E7FFF720BF6C2E002072300108ED
:10A31000703001087430010810B50B4A938E9BB25F
:10A320001BB9BDE81040FFF70FBF0123908E03213A
:10A330001A4680B206F084FCBDE810400023FF22DC
:10A340000121024806F044BC6C2E0020A31801082D
:10A3500070B5134D2B8D9BB2EBB10A240123288DD0
:10A360001A4680B21946B0FBF4F006F069FC0023EF
:10A37000FF2201210B4806F02BFC288D80B2B0FB98
:10A38000F4F304FB1300BDE87040012380B21A46C9
:10A39000194606F055BCBDE87040FFF7D5BE00BFBA
:10A3A0006C2E00209F18010807B5154AB2F84A30F4
:10A3B0009BB2052B07D0062B0FD083B903B05DF8F5
:10A3C00004EBFFF7C1BE0F4B0093202300211A4678
:10A3D0005E2006F00BFB03B000BD0B4BF4E701233E
:10A3E000B2F84A0019461A4680B206F029FC00234A
:10A3F000FF220121054803B05DF804EB06F0E8BB3D
:10A400006C2E0020903A0108103A0108C919010881
:10A41000284B37B503EB40020446B2F8340103F58C
:10A420009F73184406F0FAFB234AD38A9BB2022B8F
:10A4300020D0032B0CBF4FF496704FF4FA70D18AE2
:10A440001E4B89B2C9B119681D4DA1421D4902D0E8
:10A450001C602B680B602B680968928A5B1A92B2A9
:10A46000B3FBF0F30AB30322B3FBF2F202EB4202B6
:10A470009B1A0AE04FF4C870E1E78D211960D38A76
:10A480009BB2B3FA83F35B095B00FC225443542272
:10A4900002FB03440C4B15221C440021202369209D
:10A4A000009406F0A3FA03B030BD022B28BF0223AC
:10A4B000EBE700BF662301086C2E0020000000209F
:10A4C0009C2F0020F41F0020243501080020FFF7F6
:10A4D0009FBF0120FFF79CBF0220FFF799BF032019
:10A4E000FFF796BF0420FFF793BF000070B5104B35
:10A4F0000021D88D0A2680B206F0BCFDB0FBF6F52F
:10A5000004460123A8B20022022106F099FB002391
:10A51000FF221946074806F05BFB012306FB1540A6
:10A52000BDE870400022194680B206F089BB00BF2A
:10A530006C2E00209F18010810B50B4B0146D88DDA
:10A5400080B206F097FD044606F01AFE48B1644357
:10A55000B4FBF0F0054BC0EB00201B88B0FBF3F020
:10A5600010BD6420FCE700BF6C2E00206C2F002083
:10A5700010B5041E084606DC084BD88D80B206F0E4
:10A5800079FD002010BDFFF7D7FFC4EB0424B4FB16
:10A59000F0F0FF2828BFFF20C0B2F3E76C2E0020A8
:10A5A00010B50121FFF7E4FF134B902804461A78F9
:10A5B0001BD90AB100221A7014211A780F4B0020FF
:10A5C00019800F4B1A700F4B1C70FFF7B5FFFF235C
:10A5D000E82144430C4AB4FBF3F413684B431821BD
:10A5E00001FB04331B0A136010BD6F28E4D8002A56
:10A5F000E2D10122DFE700BF04000020722F00201B
:10A600006F2F0020702F00203C2E00206328F7B50C
:10A610000B46154623DC0A28B4BF01210221114F45
:10A62000114E01EB41043B80002203EB440480B255
:10A630000123358006F004FB0C4BE4B22046009366
:10A640000322082369B206F0D1F900200434E4B2F1
:10A650003C80358003B0BDE8F04006F079BC0321B2
:10A66000DDE700BF6A2E0020682E0020A643010807
:10A670002DE9F04788B004AF04460E461546002188
:10A680001022384607F090F84FF00308BC4600222D
:10A69000DFF860E0002001461EF8013B16F803A039
:10A6A0004300013308FA03F32AFA00F90B4319F0C7
:10A6B000010F9BB200F1010018BF19460728EFD126
:10A6C0000132D2B20CF8011B082A4FEA11218CF892
:10A6D0000710DFD11823CDE9022301232046CDE95D
:10A6E000007305F10801102306F0C8FB08B0BDE8AF
:10A6F000F08700BFF03C01082DE9F84F03460846FB
:10A70000FEF745FE054618469246FEF749FE032D24
:10A710008846044620D0022D14BF01260A260A27A7
:10A720004FF0060B04EBC505DFF830902DB298FB17
:10A73000F6F191FBF7F307FB13112046C9B2083479
:10A7400052460BFB019124B2FFF792FFAC42B6FBDD
:10A75000F7F6ECD1BDE8F88F6426E0E7F3190108BD
:10A760001FB50122002120230192044ACDE90213E2
:10A770000092382206F082FB05B000BD103C0108B3
:10A780001FB50446002308462021CDE902310223EB
:10A79000911C18220193054B02FB04330C220093F9
:10A7A000102306F06BFB04B010BD00BF9D1B010819
:10A7B0002DE9F3478046FEF7EAFD074691464046FD
:10A7C0006A46FEF7FBFD032FBDF900501CD0022F97
:10A7D00014BF01260A2600244FF00A0A98FBF6F05F
:10A7E00090FBFAF30AFB1300013429464A46C0B233
:10A7F000E4B2FFF7C5FF1835A742B6FBFAF62DB253
:10A80000ECD102B0BDE8F0876426E4E72DE9F04F13
:10A8100089B00CB206AB114620220646FEF7E4FDD5
:10A820000021502220232046009106F0A5FA9DF831
:10A830001E20C2B921463046FFF7BAFF21463046F6
:10A8400004AAFEF7BBFD324BBDF9120000930322B0
:10A850000823022106F0CAF8BDF9140009B0BDE8CA
:10A86000F04FFFF749BC3046FEF791FD069B81464D
:10A8700018460393FEF78BFD814508D09DF91C20F7
:10A8800021461846FFF794FF9DF91D20D2E7214687
:10A89000304604AAFEF792FDB9F1030FBDF910A0EE
:10A8A0002AD0B9F1020F14BF01270A274FF0000B7D
:10A8B0004FF00A08039B96FBF7F593FBF7F090FB2C
:10A8C000F8F308FB130095FBF8F308FB1355C0B22F
:10A8D000EDB2A84212D1002251460BF1010BFFF755
:10A8E0004FFF5FFA8BF30AF118019945B7FBF8F7B0
:10A8F0000FFA81FADED8A1E76427D7E751469DF920
:10A900001C20FFF73DFF514628469DF91D20E4E736
:10A91000A64301082DE9F041134B1B780BBB1348EC
:10A92000134D00244FF00808124F134E2346FF2208
:10A9300001213C80A6F8008006F04AF90F4B022264
:10A940009888182180B2FFF761FF7423A6F8008071
:10A950003B8028462346BDE8F041FF22012106F056
:10A9600037B90348014DDCE7382E0020A51801084F
:10A97000A71801086A2E0020682E00206C2E0020E7
:10A98000062008B5FEF71CFE054B188A80B210B1F0
:10A99000012800D008BDBDE8084005F0CBBF00BFCE
:10A9A0006C2E0020192310B5094CB4F8480080B271
:10A9B000B0FBF3F00123013080B21A46194606F0CD
:10A9C0003FF9B4F84800BDE81040C0B205F0EABF56
:10A9D0006C2E002008B506F0FFFD38B1094B5889F0
:10A9E00080B2003818BF0120800008BD05F00AFDC4
:10A9F00008B90120F9E705F015FD0028F9D003207A
:10AA0000F3E700BF6C2E00202DE9F04F044685B01F
:10AA1000FFF7EEF9204602AA0021FEF7CFFC002244
:10AA2000FF27204600244FF053081146FFF7C0FED1
:10AA30003B4B03220221BDF90A000093082305F0D5
:10AA4000D5FFBDF90C00FFF757FB364E364D2023DE
:10AA5000012200215020009706F08EF9234621465E
:10AA600002223248A6F800802C8006F0B1F8304B64
:10AA70002246D888622180B2FFF7C8FD08234FF034
:10AA80001009A6F800802B80FFF730FD23463A46D8
:10AA90002146284806F09CF8A6F80080A5F800900A
:10AAA000FFF798FFDFF890C023465CF820002146AE
:10AAB000032206F08DF818234FF00A0B2B801F4B52
:10AAC000A6F80080D3F800A02246BAFBFBF80123C9
:10AAD0001FFA88F0022106F0B3F823463A462146D1
:10AAE000174806F075F801230BFB18A022461946FB
:10AAF00080B206F0A5F83A4623462146114806F0F2
:10AB000067F87423214650463380A5F80090FFF77C
:10AB10002FFD06F093F905B0BDE8F04F05F032BE09
:10AB2000A64301086A2E0020682E00203D3001084F
:10AB30006C2E0020A91801080C4801083C2E0020AA
:10AB40009F180108AB1801082DE9F04706F044FDF5
:10AB5000274DF8B16B899BB2E3B16C89E88D002178
:10AB600080B206F087FA0234E4B2B0FBF4F0AB89AD
:10AB70009BB2984238BFA889AB8938BF80B29BB2DC
:10AB8000C01A092828BF0920BDE8F0470130C0B22B
:10AB900006F0BCB8E88D002180B206F06BFA0A25F9
:10ABA000441DB4FBF5F45E28124FA4B209D8082363
:10ABB0003B80012320461A461946BDE8F04706F0BF
:10ABC0003FB80123B4FBF5F6DFF82C801A4619468E
:10ABD0003046B8F9009006F033F810233B8001238B
:10ABE00005FB16401A461946A8F8009080B2E4E723
:10ABF0006C2E0020682E00206A2E00202DE9F047E0
:10AC000078223149314806F0FBFD002859D006F082
:10AC1000C9F935222E4BDA60FDF740FD2D4A116847
:10AC200013685B1A012BFBD92B4C06F0BBF9237E72
:10AC3000012B18D001232376FDF740FD88B9244D60
:10AC4000E0612B6943F002032B61204B6B612B69A0
:10AC500043F040032B61FDF731FD2B6923F0020324
:10AC60002B6100232376FDF719FD4FF00109164FE4
:10AC7000164D174EDFF8648006F094F9237E012B01
:10AC800015D0B7F800A084F81890FDF717FD60B94B
:10AC9000E061336943F001033361A5F800A0FDF7DB
:10ACA0000DFD336923F00103336100232376023560
:10ACB000454507F10207DFD1054A136943F08003D8
:10ACC0001361BDE8F08700BF6C2E002000FC010876
:10ACD00000200240982F0020782F002078FC0108E7
:10ACE000F8B545F2AA552A4C23889BB2AB4248D00E
:10ACF0007822FF21204606F057FD25800125636F4D
:10AD000001331CBF4FF0FF336367638818BF012511
:10AD10009BB2372B08D84FF6FF7263889BB2372B54
:10AD200031DD38230125638000231A4A04EB4306F2
:10AD3000B088178880B287424FEA430104D8B088B0
:10AD4000568880B2864203D20125D088214488806B
:10AD50000133382B02F10802E8D10021C8B2FEF716
:10AD6000F5FB04EB4102938801319BB2834284BF1F
:10AD7000012590803829F1D10DB1FFF73FFF28461A
:10AD8000F8BD0025BBE704EB43018A800133C6E729
:10AD90006C2E002006000020C0F1110000220321CB
:10ADA000C0B205F069BE0000034B988B80B200383A
:10ADB00018BF0120FFF7F0BF6C2E0020034BD88E88
:10ADC00080B2003818BF0120FFF7E6BF6C2E0020CC
:10ADD000044BB3F8720080B2003818BF0120FFF7AF
:10ADE000DBBF00BF6C2E0020034B988A80B2003876
:10ADF00018BF0120FFF7D0BF6C2E002010B5094C02
:10AE0000B4F8460080B2003818BF0120FFF7C4FF35
:10AE1000B4F84600BDE8104080B2003818BF0120E9
:10AE200005F0D6BD6C2E0020034BD88B80B20038C5
:10AE300018BF0120FFF7B0BF6C2E0020034B188C09
:10AE400080B2003818BF0120FFF7A6BF6C2E00208B
:10AE5000044BB3F84C0080B2003818BF0120FFF754
:10AE60009BBF00BF6C2E00202DE9F041AB4C88B099
:10AE700094F8346194F83431F6B20F2BDDB200F05F
:10AE8000928263D8072D00F053811BD8032D00F068
:10AE9000118108D8012D00F04283022D40F0168365
:10AEA00005F0B2FBAAE1052D00F00881062D07D1BF
:10AEB000226C236C23EA02032364930640F10E8183
:10AEC0000523F8E00B2D00F0A8812ED8092D00F005
:10AED00079810A2D40F07081236C03F07F43236455
:10AEE00005F0EEFA002800F071818D4805F062FB54
:10AEF000B4F84A3003F01F02032A40F06D81B4F821
:10AF0000163103F4E043A3F500577B427B4184F8FC
:10AF1000723194F872311BB123699847C4F83C012F
:10AF200041F2883203210B20D5E00D2D00F0338251
:10AF30000E2D40F09F81E18D636901F0C0017F29F2
:10AF400094BF002101217648984729E2172D00F08F
:10AF50007B825DD8132D00F03D820ED8112D00F0BC
:10AF60003082122D40F01F83E38D0F2143F00D033B
:10AF700013206B4AA4F84A3021E1152D00F05282CB
:10AF8000162D40F03182B4F84C50690500F163820F
:10AF90004FF01A08C5F3C32508FB05F8002D40F053
:10AFA0007C82604B03F1F60203F1180C1746186817
:10AFB0005968083303C763453A46F7D118683860C3
:10AFC0009B88BB80B4F84A70C7F3023308EB830850
:10AFD000B4F84231A8F10208C3F30803984580F29F
:10AFE00069821A220021504806F0DEFBE38D07F04B
:10AFF0001F0701351F43ED0247F4104745F4044590
:10B000000F211720464AA4F84A70A4F84C50D6E005
:10B010001B2D00F09F822CD8192D00F04D821A2D87
:10B0200040F0E580236998474049C4F83C01E36952
:10B0300001F12C009847002800F08A82D4F81831DA
:10B040001B0F04EB8303D3F8403103F04042B2F10D
:10B05000404F40F07B8213F0405F0CBF0123002380
:10B06000E28D84F83531B4F816311343A4F8163163
:10B070009EE01C2D00F083821D2D40F0948205F08F
:10B080001FFA002800F01F82254805F093FAB4F853
:10B090004A3003F01F03102BF1D194F84E30042BEB
:10B0A000EDD1002384F83130236998470C25C4F88A
:10B0B0003C0108E2042384F83431A1E0002384F841
:10B0C000303084F8353123642369984742F2107296
:10B0D00060642321062005F003FA8FE005F0F0F903
:10B0E00000283FF4EDAE0E4805F064FAB4F84A20AB
:10B0F00002F01F03012BF1D112F4E04FEED0E38DEB
:10B1000013F0C00F08D102F0C0027F2A8CBF43F0B9
:10B11000800343F04003E3850723CCE7242A002083
:10B120006C2A00206E2A0020722A0020382B002072
:10B13000FF2384F833300023B4F84A20A849C2F32F
:10B14000023293420CD051F8040F013300F0404515
:10B15000B5F1404FF5D110F0405FF2D184F83330B3
:10B16000E36CA049C3F3C062C3F3C05384F82C203E
:10B17000A1F1CC0084F87131A3699847002800F050
:10B18000E781E38DB4F816211A4303F0C003802B46
:10B19000A4F816210CD1D4F81831002B4FEA137201
:10B1A00008DB94F833309A4204D3012384F8353114
:10B1B000082380E70023F9E70F210920894A05F0D9
:10B1C000B1F91BE0236C03F07F43236440F68C222B
:10B1D00040F603010A207EE70D2A00F0B08003F05C
:10B1E0001703042B7FF47CAE94F830302BB14FF072
:10B1F000FF3243F6FF710C206DE7052084F834011F
:10B2000094F834319E427FF433AE94F83431002BFD
:10B210007FF42EAE08B0BDE8F081236C03F07F43CD
:10B22000236405F04DF908B9122344E76C4805F092
:10B23000C1F9B4F84A3003F01F03062B17D10023DD
:10B2400084F8313094F8713163B194F870314BB1B6
:10B2500094F8723133B9012384F83130236C43F40C
:10B2600080532364012384F830300C2323E7012B1F
:10B27000D7D151E7236C226C5D0622EA03022264D7
:10B280007FD498067FD413F4C07F7ED1D9047ED4B6
:10B290009A047ED49F07AAD505F012F90028A6D0FB
:10B2A0004F4805F087F9B4F84A3003F01F020F2A1F
:10B2B00013D113F4E04FEFD1E18D01F0C0018029EB
:10B2C000EAD11D0453D5B4F84C10C1F30801192973
:10B2D0004DD9112A08BF162050E0052A03D113F4D6
:10B2E000E04FD9D0E8E7092A03D113F4E04FE3D1C6
:10B2F00006E0072AF9D00A2A04D113F4E04F20D13E
:10B3000015207BE70B2AF0D0022AF9D0042A03D1BA
:10B3100013F4E04FD0D0F3E7012A04D113F4E04F47
:10B32000CAD007206AE7082A04D113F4E04FC3D13A
:10B330000E2063E70D2ABFD113F4E04FBCD11120DA
:10B340005CE794F84A30032B03D1012384F872316F
:10B35000A2E7042B04D100230C2084F872314DE7BE
:10B36000052B99D10023062084F8723146E723F497
:10B370007E635B045B0C102B08BF182018BF1520E0
:10B380003CE708203AE70F2038E70D2036E71B207E
:10B3900034E71C2032E7E38D43F00703A4F84A307A
:10B3A0000F210F4A49E094F832305BB2022B06DCE1
:10B3B00094F83230013384F8323010237BE61923BD
:10B3C00079E6E38D6A4643F00D030F210520ADF8C1
:10B3D0000230F4E640F68C2240F6030114207AE6AF
:10B3E0006C2A0020382B0020236C03F07F43236459
:10B3F00005F066F808B90F235DE66C4805F0DAF849
:10B40000B4F84A3003F01F02032A03D113F4E04FCB
:10B41000F1D155E523F47E635B045B0C0D2BEAD17F
:10B42000112348E6E38D03F0C002402A07D143F020
:10B430000403A4F84A3012215C4A0C20BFE6802A9B
:10B44000F9D143F01003F4E7226C236C900723EA50
:10B450000203236405D44FF0FF3243F6FF71172037
:10B4600039E605F02DF80028F5D0504805F0A2F88F
:10B47000E38D03F0C003802BF3D1B4F94A20B4F874
:10B480004A30002AEDDAB4F84C20C2F30802192A37
:10B49000E7D903F01F03112B1CE7B4F84A2008F585
:10B4A000A270C2F3023292004149023A204406F0EF
:10B4B000D0F987E51A20A1E600234FF4FA6084F85A
:10B4C0003030236A984784F8345199E623699847C5
:10B4D000E36B984282BF236C43F400632364236CC4
:10B4E00013F4006F236C0ED003F07F43236494F8B1
:10B4F0003430102B7FF698AE94F83430142B94BF70
:10B5000003231223D7E5DA073FF557AF236CA26B6D
:10B5100013403FF4D0AD94F83430DBB2CBE5236C6C
:10B52000226C22EA03029B05226408D504F0C8FFBE
:10B5300000287FF4B5AC022178220846CBE5236CC5
:10B5400043F00803236494F8360057E6002387E5A8
:10B550000623B0E523699847E38DC4F83C0143F422
:10B56000805343F00A03A4F84A3094F870311B0466
:10B5700043F08073E36413E7002005F01BF804F048
:10B580009FFF0028F8D1012384F83130E38D0C218E
:10B5900043F4104343F01003A4F84A30054B1D2038
:10B5A000024AE3640BE6032385E500BF6C2A002012
:10B5B000722A00200280030000000000000000004A
:10B5C000074B19680868B0E8F00F80F30988BFF3EB
:10B5D0006F8F4FF0000080F311884EF00D0E704712
:10B5E00038300020000000000000000000000000D3
:10B5F000EFF30980BFF36F8F0D4B1A6820E9F00F4E
:10B60000106008B54FF0500080F3118800F08EFFF5
:10B610004FF0000080F31188BDE808401968086801
:10B62000B0E8F00F80F30988BFF36F8F704700BF59
:10B630003830002008B5FDF729FE012813D04FF05F
:10B64000500383F31188BFF36F8FBFF34F8FFDF764
:10B65000A1FC28B14FF0E0234FF08052C3F8042D35
:10B66000002383F3118808BD04224349F0B4CE6B54
:10B67000086C35680B6802FA00F72F421C6828D066
:10B68000670726D53D498B4216D03D4A934215D0D7
:10B690001432934214D01432934214D01432934291
:10B6A00014D01432934214BF4FF080634FF48003E0
:10B6B000344A5360F0BC70471346F9E74023F7E77C
:10B6C0004FF48063F4E74FF48043F1E74FF48023B5
:10B6D000EEE7022282402A4239D0A70737D51A68FE
:10B6E000900606D41A6822F00A021A60012281F834
:10B6F0002120224A93421DD0143293421CD014328E
:10B7000093421BD0143293421BD0143293421BD06D
:10B710001432934214BF4FF000734FF40013194AD0
:10B720005360002381F820308B6A002BC2D0F0BC1C
:10B73000114818470223F2E72023F0E74FF4007383
:10B74000EDE74FF40053EAE74FF40033E7E7082250
:10B7500082402A42AED02207ACD51A6822F00E02EF
:10B760001A60012303FA00F070608B634FF480735A
:10B770000B840B6BD9E700BF183100200800024092
:10B780001C00024000000240F8B5674803685A6890
:10B79000910623D51A68920720D5826AD7065EBF24
:10B7A000826A42F4007282629A6802F46022B2F500
:10B7B000602F10D1C26872B95A6822F020025A6014
:10B7C000826A22F480728262826AD6045EBF826AD2
:10B7D00042F0010282626FF012021A605A68150686
:10B7E00040F192801A68540740F18E80826AD10637
:10B7F0005EBF826A42F4005282629A6802F4E042BA
:10B80000B2F5E04F0AD05A68520516D49A6802F48D
:10B810006022B2F5602F10D1C26872B95A6822F066
:10B8200080025A60836A23F480538362836ADB0553
:10B830005EBF836A43F0010383623C4B19680029B1
:10B840005ED0FCF711FDEFF311844FF0500383F34A
:10B850001188BFF36F8FBFF34F8F022391F86020E1
:10B8600081F86030CB6D012A03F10103CB6502D072
:10B8700084F3118844E08B6A0BB1FCF7C3FC2C4BBA
:10B880001B68002B41D1D1E902524B69AA608D6837
:10B890000E1D55605A68274DB24208BFCA682F680E
:10B8A00008BF5A601A68013A1A600122CB6A9A40AE
:10B8B0003A432A6014256B431F4AD7187D688D6070
:10B8C000D5F808C0C1F80CC0CCF80460AE604F6178
:10B8D000D5580135D550194BCA6A1B68DB6A9A42A4
:10B8E000C6D90122164B1A6084F311884FF0E02369
:10B8F0004FF08052C3F8042DBFF34F8FBFF36F8F0B
:10B900006FF00C0203681A60F8BD0E4B01F11805C8
:10B910005A68CA6196680E62756095601A688B6293
:10B9200001321A60D7E700BFE8300020E430002081
:10B93000E0300020DC300020503000203830002083
:10B94000343000203C300020F8B53D4B5A691206D7
:10B950001DD580225A613B4B1968C1B1FCF784FCAC
:10B96000EFF311804FF0500383F31188BFF36F8F13
:10B97000BFF34F8F022391F8602081F86030CB6DC8
:10B98000012A43F00103CB6502D080F31188F8BD92
:10B990008B6A43B14FF0500383F31188BFF36F8F6D
:10B9A000BFF34F8FFEE7284B1B68002B3AD1D1E93C
:10B9B00002424B69A2608C680D1D54605A68234C8A
:10B9C000AA4208BFCA68266808BF5A601A68013AC6
:10B9D0001A600122CB6A9A403243226014246343E6
:10B9E0001B4AD61874688C60A768CF607D60A5601C
:10B9F0004E61D4580134D450164BCA6A1B68DB6AB6
:10BA00009A42C2D90122144B1A6080F311884FF078
:10BA1000E0234FF08052C3F8042DBFF34F8FBFF3E4
:10BA20006F8FB4E70D4B01F118045A68CA6195682D
:10BA30000D626C6094601A688B6201321A60DBE7F9
:10BA400000040140A02F0020E0300020DC30002066
:10BA50005030002038300020343000203C300020AE
:10BA60000E4B1A6842F001021A6059680C4A0A40EB
:10BA70005A601A6822F0847222F480321A601A68BE
:10BA800022F480221A605A6822F4FE025A604FF4AF
:10BA90001F029A60034B044A9A60704700100240EC
:10BAA0000000FFF800ED00E00080000815490B6879
:10BAB0001A6A22F001021A621A6A1A62124A934240
:10BAC0000DD141F21112186A104208D140F24442DD
:10BAD000186A104202BF5A6C22F400425A6441F2C2
:10BAE0001112186A104208D140F24442186A1042FA
:10BAF00002BF1A6822F001021A60012381F83E3069
:10BB0000704700BFEC2F0020002C014010B50368E7
:10BB100004461A6991070ED5DA6892070BD56FF0C3
:10BB200002021A61012202779B699B0701D105F08D
:10BB3000E5FA0023237723681A69500710D5DA68DD
:10BB400051070DD56FF004021A61022222779B691A
:10BB500013F4407F02D1204605F0D0FA002323776A
:10BB600023681A6912070FD5DA6810070CD56FF031
:10BB700008021A6104222277DB69990702D1204664
:10BB800005F0BCFA0023237723681A69D20610D582
:10BB9000DA68D0060DD56FF010021A6108222277FC
:10BBA000DB6913F4407F02D1204605F0A7FA002399
:10BBB000237723681A69D10739D5DA68D20736D5D1
:10BBC0006FF001021A6123681D4A934230D1FF21B0
:10BBD0001C4B1D4C1A88013A1A80226811641B4ABA
:10BBE0001178A1B11B889BB28BB1194813780268F8
:10BBF000DBB25363FCF76AFF164B174A1B781178C8
:10BC0000994214D033B1BDE8104005F05FBAFFF798
:10BC10004DFFF1E7137040F20D12104B1A802368AC
:10BC2000DA624FF483725A6341F204529A6210BD91
:10BC30000B4A934201BF0B4A136801331360F6E7C6
:10BC400000080040722F0020A42F0020702F002039
:10BC5000EC2F00206F2F00206E2F00206C2F002073
:10BC6000002C0140982F00200148FFF74FBF00BF74
:10BC70005C310020044B05481A6805498A4208BF18
:10BC80001846FFF743BF00BFEC2F0020A42F002071
:10BC900000040040044B05481A68B2F1804F08BF09
:10BCA0001846FFF733BF00BFEC2F0020A42F002061
:10BCB000044B05481A6805498A4208BF1846FFF731
:10BCC00025BF00BFEC2F0020A42F0020000800405B
:10BCD0002DE9F74F054640B94FF0500383F3118823
:10BCE000BFF36F8FBFF34F8FFEE7046C44B14FF08B
:10BCF000500383F31188BFF36F8FBFF34F8FFEE7BD
:10BD0000FDF7C4FA08B9FCF77DFA64212046DFF894
:10BD10006892DFF868A29A4F56E019B9FCF796FAD4
:10BD2000002074E020B9D9F80030DAF800800093E0
:10BD3000FCF78CFAFDF76CF8FCF76EFA95F84430D6
:10BD4000FF2B04BF002385F8443095F84530FF2BC6
:10BD500004BF002385F84530FCF778FAFCF75CFA5D
:10BD6000DAF800300098D9F80020904211D043450D
:10BD70000FD32846FCF76AFAFDF7B6F8FDF7CEF9BF
:10BD8000FCF74AFAAB6B002B00F0C180FCF75EFABF
:10BD900018E0A3EB08028A42EBD2A8EB03035E187B
:10BDA000D9F80030DAF800800093FCF74FFAFCF77E
:10BDB00033FAAB6B73B32846FCF748FAFDF794F8F7
:10BDC000FDF7ACF931460120FCF726FAAE6B002EE8
:10BDD000A3D02B68013EAE6333B9694B1B6813B126
:10BDE0009A6D01329A65AB602B696BB1E869FDF71A
:10BDF00017F848B14FF0E0234FF08052C3F8042DFC
:10BE0000BFF34F8FBFF36F8FFCF720FA012003B011
:10BE1000BDE8F08FAB46FCF719FA5BF8243B002B2A
:10BE20004ED1FCF7F9F9AC68002C47D03A68E36AC8
:10BE3000D26A934263D21421A269002AA1BF3A6850
:10BE4000D26AC2F10702A2614E4A01FB0323616973
:10BE5000994250D1211D08460191FCF7CAFFDFF835
:10BE600028C10199474A50B94FF0010EE36ADCF846
:10BE700000000EFA03FE20EA0E00CCF800003B683A
:10BE8000DCF800E0D86A0123834043EA0E03CCF8D3
:10BE900000301423434302EB030CE062DCF804009F
:10BEA000A060D0F808E0C4F80CE0CEF8041081607F
:10BEB000D158C4F814C00131D1500124FCF7C6F99F
:10BEC000396858461831FCF77DFF3046FDF7EEF92A
:10BED0002846FDF709F8FDF721F900287FF472AF35
:10BEE0004FF0E0234FF08052C3F8042DBFF34F8F83
:10BEF000BFF36F8F66E73B68DB6AE362DDE73B68B1
:10BF0000646DDB6A9C422CBF00240124D6E7FCF759
:10BF10009DF9002C3FF404AFFCF77EF96B6A1BB16E
:10BF20002B6B1B68C3F10703AC68002C3FF4F6AE23
:10BF3000A16D41B94FF0500383F31188BFF36F8FA8
:10BF4000BFF34F8FFEE7626D934238BF1346E26A3C
:10BF500093423FF4E3AE01297FF4E0AE084909685B
:10BF60008C4213D14FF0500383F31188BFF36F8FCE
:10BF7000BFF34F8FFEE700BF682F00209C2F0020EB
:10BF80003830002050300020DC300020A169E3620E
:10BF90000029A4BFC3F10703A3611423124D03FBBF
:10BFA0000252636993427FF4B9AE261D3046FCF716
:10BFB00020FF0121E36A0D4A994018B9106820EA70
:10BFC0000100106010680143116014225343E91806
:10BFD0004A68A2609068E06046609660EA586161D5
:10BFE0000132EA509AE600BF50300020DC300020D9
:10BFF00008B5034B1868FFF76BFE00F0010008BDA1
:10C00000A020002038B50546FFF7F2FF044648B1EE
:10C010002846FDF7D7FBFDF73BFC0446FDF7F0FB98
:10C02000FDF7CAFD204638BD2DE9F04105460E4614
:10C0300017461C46FFF7DCFF50B1EDB22846FDF76E
:10C04000C1FBFDF725FC38B9FDF7DAFBFDF7B4FDC0
:10C0500000252846BDE8F081F0B2FDF719FC002864
:10C06000F2D04FF48032184B1A610F2300BF013B0E
:10C07000FCD145F00100FDF7A5FBFDF709FC0546E5
:10C080000028E1D0104E08214FF00008FDF7D0FB4A
:10C09000013911F0FF0140EA4808F7D10223012CD1
:10C0A00008BF204604F1FF3418BF08463361A4B22C
:10C0B000FDF7D6FB07F8018B002CE4D1FDF7A0FBC0
:10C0C000FDF77AFDC5E700BF000C0140002307B56E
:10C0D0008DF807300DF107020123FFF7A5FF9DF84A
:10C0E000070003B000BD000010B5FCF791FE174B30
:10C0F000174A1B681268012A08D04FF0500383F3D7
:10C100001188BFF36F8FBFF34F8FFEE70268891866
:10C110002CBF0124002493420FD27CB90160FCF7AC
:10C12000FDFF48B94FF0E0234FF08052C3F8042DD3
:10C13000BFF34F8FBFF36F8F10BD0CB98B42EDD2A1
:10C140000160C81AFDF7B2F8E9E700BF9C2F002094
:10C15000E030002008B550B94FF0E0234FF0805296
:10C16000C3F8042DBFF34F8FBFF36F8F08BDFCF7EB
:10C170004FFE064B1B68012B01D0FCF743F8FDF77F
:10C1800095F8FCF7CBFF0028E6D0EFE7E030002081
:10C190008FB504F0DBFF002800F0958004F032F941
:10C1A000002800F09C8001210C2004F079F900287F
:10C1B00000F095809F4D0A20EB689847062404F014
:10C1C00007F9002800F083800F210B2004F068F9A4
:10C1D000002800F0848000210A2004F061F9002882
:10C1E0007DD000210E2004F05BF9002877D00021DB
:10C1F0000F2004F055F9002871D00C21062004F01E
:10C200004FF900286BD00721092004F049F90028D4
:10C2100065D00021082004F043F900285FD00421F4
:10C22000072004F03DF9002859D00721022004F02E
:10C2300037F9002853D00A20EB68984740217D4801
:10C2400004F022F90B210446022004F029F9002809
:10C2500045D00A20EB6898474021764804F014F94D
:10C2600004F0030400F00300844240F29A80252188
:10C27000032004F015F990B30721022004F010F90F
:10C2800068B34421062004F00BF940B304210720D1
:10C2900004F006F918B302210C2004F001F9F0B102
:10C2A00001238020032464498DE81B00694663480C
:10C2B000FCF74EFA0A211720FCF7C8F94FF40002E8
:10C2C0005F4B1A600BE00320FFF744FF61E70A2091
:10C2D000EB68013C984714F0FF047FF470AFFEF761
:10C2E000C3FDDFF85881574FD8F80830564C13F08B
:10C2F000800F5ED1D8F808301B0620D46B46072289
:10C300003C2165682078A847C8B19DF80330DE0756
:10C3100000F1C9809DF802305D0700F1F180D90677
:10C3200042BF226C42F4806222641A0607D59DF84F
:10C3300005309B0742BF236C43F02003236494F82D
:10C3400035317BB123699847D4F83831C01AB0F53C
:10C350007A7F07D9236C43F040032364236998470D
:10C36000C4F8380194F8723153B123699847D4F86E
:10C370003C31C01AC82882BF236C43F400532364A5
:10C38000FEF772FD04F04EF80028ADD094F8343179
:10C39000192BA9D094F83130002BA5D194F8303066
:10C3A000A2E72621032004F07BF8002897D00B2178
:10C3B00063E7FCF72DFDFBF72FFF3B6893F8603038
:10C3C000022B29D1FBF742FF0025FCF7A7FE55B150
:10C3D00048B94FF0E0234FF08052C3F8042DBFF36B
:10C3E0004F8FBFF36F8FFBF717FF3B6893F86030F9
:10C3F000022B03BF3A680121D36D002104BF03F073
:10C400007F43D36500223B6883F86020FBF71EFF63
:10C4100000293FF46FAF71E701253B683220DA6DE8
:10C42000DA653B6883F86050FBF710FFFCF73EFFCE
:10C43000CBE700BFAC25002000002110000C01401C
:10C4400000E100E038300020242A002043212F485A
:10C4500004F01AF802222E4B4321656800F0E00632
:10C460002078A847B4F8F63013F4E04FC3F3023253
:10C4700005D043216568274B20789200A847042205
:10C4800043216568244B2078A847E02E0BD1B4F8EF
:10C49000F63023F47E635B045B0C0D2B0AD1236C16
:10C4A00043F0010323644121184803F0EDFF8006A7
:10C4B000CCD52FE7D4F8EC60184D05EB46168C353B
:10C4C0000FCD0FC695E80F0086E80F00D4E93A2398
:10C4D0009A4207D194F8F01021B1013202F0030220
:10C4E000C4F8E820013303F003039A42C4F8EC30A7
:10C4F00004BF012384F8F030236C43F00203D1E73A
:10C50000226C42F40072226409E700BF242A002052
:10C510001A2B00201C2B0020BC2500208C2A002078
:10C52000012838BF0120FFF715BE000010B51D4BD4
:10C530001A681D4B12B101221A6010BD1A601B4A05
:10C5400013681B6B1968B1F1A53F0BD15968B1F1A4
:10C55000A53F07D19968B1F1A53F03D1DB68B3F1DD
:10C56000A53F03D01368136804F00AFD104B1B6845
:10C57000B3FA83F31421DBB2C3F11F034B430D4C19
:10C58000E158E01809B9FBF73DFE416808334968F6
:10C5900023449942416004BFC1684160CB68136085
:10C5A0001368CAE7E0300020343000203830002023
:10C5B000DC3000205030002010B504F0A5FD04460A
:10C5C00004F0ACFD44EA400010F0FF001FBF1B4B1D
:10C5D0001A681B4B1A601B4A1378834212D180B130
:10C5E000164B194A1B6812689B1AB3F5C87F21D3F2
:10C5F0000122164B90421A701ED0022814BF202030
:10C60000082010BD38B10343002013700B4B1A688B
:10C610000D4B1A60F5E70D490C784CB9012B02D08F
:10C62000022B18BF10230020107008701846EDE789
:10C630000346F8E70020E4E70420E2E79C2F00200F
:10C64000082F0020F01F0020EC1F0020E81F002012
:10C6500070B50646094C256821683046491BFDF730
:10C6600017FCFFF7A9FF28B904F08CF82820FFF782
:10C6700071FDF1E7431E5842584170BD9C2F0020C8
:10C6800008B5094BB3F84C309BB24BB90748FFF7DC
:10C69000DFFF38B10121BDE808402420FCF778BF56
:10C6A0000021F8E708BD00BF6C2E0020762F01089E
:10C6B00008B50F48FFF7CCFFC8B17822FF210D481D
:10C6C00005F072F8FEF70CFBFEF798FAFDF790FB09
:10C6D000FFF772FF01460848FDF7A8FB08B104F018
:10C6E0004FFC04F04FF86420FFF734FDEEE708BD7F
:10C6F000D52F01086C2E0020D02E010810B5FFF7B1
:10C700005BFF044644B9FFF757FF04463220FFF7AA
:10C7100021FD002CF7D010BDFFF74EFF044632205C
:10C72000FFF718FDEEE700002DE9F04104F054FF9B
:10C73000054618B900252846BDE8F081DFF890804D
:10C740000021B8F82E0080B204F094FC214B1B6845
:10C75000B3F5FA6FEED9B8F80A20B8F80C3092B2F7
:10C7600082B302325343DBB28342E3D900241A4B33
:10C770001A4F1C60FDF73CFBB8F82030184E9BB2F6
:10C780003C80348003B32346FF222146154804F041
:10C790001FFA0823FF2221461348338023463C809A
:10C7A00004F016FAFDF7A2FE2346FF2221460F48A9
:10C7B00004F00EFA03F0E6FF3220FFF7CBFCFFF7A0
:10C7C0009DFFB8E75A23CFE7FF2201210848EFE792
:10C7D0006C2E00209C2F0020442E00206A2E00206A
:10C7E000682E00202430010832300108A918010801
:10C7F0001C30010808B504F09BFC20B10022064B58
:10C8000001201A6008BDFFF78FFF0028FAD0034B04
:10C810001A68034BF4E700BF442E00209C2F002031
:10C82000082F002070B50E4E35680544FFF7C4FE92
:10C8300004465CB9FFF7C0FE04463220FFF78AFCCD
:10C8400033689D420BD3002CF4D008E0FFF7B4FE10
:10C8500004463220FFF77EFC33689D42E9D270BD6A
:10C860009C2F00202DE9F84FFDF7C2FA4FF019096F
:10C87000384E0024384D394FE88D214680B24FF0B4
:10C880000A0BA6F800903C8004F0F4FB0123B0FBF7
:10C89000FBFA80461A4602211FFA8AF004F0D0F90A
:10C8A0002346FF2201212E4804F092F901220BFBBE
:10C8B0001A801146234680B204F0C2F92346FF22B3
:10C8C0000121284804F084F90823E88D2246032139
:10C8D0003B8080B20123348004F0B2F9FFF76CFE94
:10C8E000022833D007D801281BD003F04BFF2820A3
:10C8F000FFF730FCBDE71028F7D8FEF77FF9FDF70A
:10C9000077FA34803C80FFF757FE01461648FDF762
:10C910008DFA03F037FFBDE8F84F4FF4FA70FFF7D8
:10C9200081BF124AE98DB2F8A83089B28B4203D197
:10C93000B2F8AA30EB85D8E7B2F8AC10EA8D5818F7
:10C9400092B28242C4BFEB8D5B1AF3E71520FCF76D
:10C9500037FECAE76A2E00206C2E0020682E0020C9
:10C960009F180108AD180108BD2E0108060000201F
:10C97000074AB2F84A309BB2042B01D9FFF7BEBE7A
:10C980004FF47A70B2F84A309BB25843FFF74ABF6F
:10C990006C2E0020F8B507460D4616461C46FFF7DC
:10C9A00027FB48B1F8B2FCF70DFFFCF771FF30B977
:10C9B000FCF726FFFDF700F900252846F8BDE8B290
:10C9C000FCF766FF05460028F2D0013E24B9FCF7CB
:10C9D00017FFFDF7F1F8F0E704F0E4FA16F8010F9D
:10C9E000FCF756FF0028E3D0013CA4B2EEE70000BC
:10C9F0002DE9F341804617460C4600250D4E63781D
:10CA000040468DF80730217801230DF10702FFF72A
:10CA1000C1FF60B1A3782BB1316801333268521A7B
:10CA20009342FBD80135BD4204F10304E7DB02B0B9
:10CA3000BDE8F081982F00202DE98048142093B0A4
:10CA4000FFF788FB3A20FFF7DDFA38B10D223A20D4
:10CA5000BB49FFF7CDFF002840F049813220FFF7A6
:10CA6000D1FA002800F0E58000230F218DF838303E
:10CA7000322001230EAAFFF7D7FA002800F0D98050
:10CA80009DF83830332B02D0112B40F0D2800C228D
:10CA90003220AC49FFF7ACFF002800F0CA80002329
:10CAA0000F218DF83830322001230EAAFFF7BCFA8F
:10CAB00020B19DF83830112B00F01C814FF0030895
:10CAC000A14B3220C3F80080FFF744FB00229F4BAC
:10CAD0001A609F4B1B8B9BB21BB14FF4FA60FFF7A0
:10CAE00039FB0025102200210EA804F05DFE102263
:10CAF00000210AA804F058FE1022002106A804F024
:10CB000053FE2F462E460324A946AA46C82240F6C5
:10CB1000E4418F4BB8F1020F5B8A9BB202FB131307
:10CB2000039340F0F38004AA062301213A20FFF783
:10CB30007BFA10213A20BDF81050BDF81270BDF8F4
:10CB40001460FFF7C3FA0206EDBAFFBAF6BA40F175
:10CB50008D81C0F341047E4B1B8A9BB2022B06D110
:10CB6000032C04D0B4FA84F0400903F0E3FE7948C2
:10CB700012AB03EB490323F8105C23F8207C23F865
:10CB8000306C03780EA90AAA0DF1180C4BB909F103
:10CB900001035FFA83FEBEF1080F40F06B810123B1
:10CBA0000370002093460291024601460346CDF8E9
:10CBB00004C0DDF808C001303CF902EBC0B2CDF88A
:10CBC00008C07344DDF804C03BF902EB0828714447
:10CBD0003CF902EBCDF804C07244EAD1002BB8BF97
:10CBE0000733C5EBE303002BB8BF5B420029B8BF96
:10CBF0000731C7EBE1010029B8BF4942002AB8BF9D
:10CC00000732C6EBE202002AB8BF52420B4413447B
:10CC1000039A64209A42B8BF4F4B09F10109BCBF87
:10CC20001A684A4B09F00709B8BF1A60FFF792FA71
:10CC30006CE73020FFF7E6F998B10021012330209E
:10CC40000EAA8DF83810FFF7EFF950B19DF8383083
:10CC5000F82B06D1082230204049FFF7C9FE0028F2
:10CC60004BD13020FFF7CEF930B3002401230F2140
:10CC700030200EAA8DF83840FFF7D6F9E0B19DF8C4
:10CC80003830112B18D10C223020354B35491C700F
:10CC9000FFF7AEFEA0BB4C20FFF7B4F928B1052288
:10CCA0004C203149FFF7A4FE68BB01460720FCF782
:10CCB0006FFC4FF0010803E73220FFF7A3F90028CB
:10CCC000E9D000230F218DF83830322001230EAA3D
:10CCD000FFF7AAF90028DED09DF83830112BDAD101
:10CCE00001221F4B32201A7020490C22D0E74FF04E
:10CCF0000208E5E64FF00808E2E64FF00408DFE638
:10CD00004FF00608DCE64FF00508D9E6B8F1030F4E
:10CD100002D0B8F1080F2BD10623A82104AA322093
:10CD2000FFF782F9B5213220BDF91050BDF912701C
:10CD3000BDF91460FFF7CAF98408013CE4B20AE7C0
:10CD4000F83C01081F3D0108542E00200C2F002044
:10CD50006C2E0020C12500209C2F0020433D01089F
:10CD6000C02500207F3D0108A33D01085B3D01086F
:10CD7000B8F1040F24D106230221302004AACDF8F3
:10CD800010A0ADF814A0FFF74FF9A8B19DF811500D
:10CD90009DF813709DF81560AD01BF01B6010C211F
:10CDA0003020FFF793F983064FEA10145ED404F0A5
:10CDB000030484F00104CEE6054607460646EEE786
:10CDC000B8F1050F24D10623022104AA4C20FFF755
:10CDD0002BF901230C214C2004AABDF91050BDF9F8
:10CDE0001270BDF914608DF810A0FFF71DF99DF8C1
:10CDF0001030AD10602B4FEAA7074FEAA60605D00A
:10CE0000702B08BF002418BF0324A4E60124A2E667
:10CE1000B8F1060F7FF49FAE1A4BCDF810A01C7826
:10CE2000ADF814A0DCB930202821062304AAFFF7AE
:10CE3000FBF8B8B1BDF91050BDF91270BDF914601E
:10CE4000002C0CBF302032203521FFF73FF9C0F312
:10CE50008704022C0CD004F0FB04012CD3E7322011
:10CE6000A821E2E7054607460646E9E7032472E6FD
:10CE7000002470E621F8135022F813702CF8136088
:10CE8000013386E6C025002040220D4B1A61202286
:10CE90001A610F2200BF013AFCD14FF400121A614F
:10CEA0000F2300BF013BFCD14FF48003044A136100
:10CEB0000F2300BF013BFCD120231361704700BF4B
:10CEC000000C01404FF40013094A13610F2300BF07
:10CED000013BFCD1402313610F2300BF013BFCD178
:10CEE0002022034B1A610F2300BF013BFCD1704786
:10CEF000000C014020230A4A13610F2300BF013BAD
:10CF0000FCD1402313610F2300BF013BFCD14FF440
:10CF10008002034B98681A61C0F34010704700BF4D
:10CF2000000C0140014B1868FCF758BD542000204C
:10CF30002DE98048384A394913689BB043F0100303
:10CF40001360CA68364B22F4E0621204120C1343D9
:10CF5000344CCB60FBF7BEFEA369002143F0010314
:10CF6000A361A3696FF00B0003F001030793079B14
:10CF7000FBF76CFB00216FF00A00FBF767FB002159
:10CF80006FF00900FBF762FB00216FF00400FBF774
:10CF90005DFB00216FF00300FBF758FB0F216FF0E2
:10CFA0000100FBF753FB0F214FF0FF30FBF74EFB67
:10CFB000636813F00C0F07D0636803F00C03082BB1
:10CFC00036D16368DF0333D42368236823F0F80382
:10CFD00043F080032360636803F00C03082B33D015
:10CFE0000022114B1A66114A116823689D0100F155
:10CFF000B2820121636823F4741343F46013636005
:10D00000094B19661168236898011DD413685B1ACF
:10D01000022BF8D918E000BF0020024000ED00E02C
:10D020000003FA050010024000004242982F002041
:10D030000122C44B1A60C44A116823689E07C4D4F5
:10D0400013685B1A022BF8D9C04A136813F0060F55
:10D0500000F08782636843F4E0636360636843F4CD
:10D0600060536360636823F0F00363602368990191
:10D0700000F184824FF47A726368B54F23F4404321
:10D0800043F4004363603B68B3FBF2F3013BB3F14D
:10D09000807F0AD24FF0E022F0215361AD4B83F83C
:10D0A000231000239361072313614FF0E0221369DB
:10D0B0004FF002090326A84D43F0040313610F212A
:10D0C0004FF0FF30FBF7C2FA6B6812A923F0E06360
:10D0D00043F080636B60A369A04843F02003A36121
:10D0E000A3694FF0010803F020030B930B9BA36986
:10D0F0004FF0100A43F00403A361A36903F0040393
:10D100000A930A9BA36943F00803A361A369CDE9CD
:10D11000126603F008030993099BCDF85490FBF7BE
:10D1200017FB6B68A0F5406043F0E06343F40043F5
:10D130006B6048F27F73CDE91236FBF709FB4FF6BF
:10D14000F77300F5806000261293FBF701FB4FF4A4
:10D15000A063A0F58060CDE91236CDF85080FBF7D2
:10D16000F7FA00F58060CDE912A81496FBF7F0FA03
:10D170004FF4801303614FF40043A0F58060CDE9C4
:10D1800012381496FBF7E4FA4FF000430361CDE93F
:10D1900012984FF400391496FBF7DAFA8023C0F89E
:10D1A000109000F58060CDE91236CDF85080FBF785
:10D1B000CFFA6369052143EA0803636163690B20C1
:10D1C00003EA08030893089BFBF740FA4FF4006357
:10D1D000634D05212B605046FBF738FA4FF480333E
:10D1E00005212B601120FBF731FAC5F800905D4B4B
:10D1F0005D4D2B604FF48073C5E902384FF4602316
:10D200002846EB616E616E60C5F81080FBF77CFB11
:10D2100095F82430434510D02A6885F82480536B54
:10D2200023F01F0343F004035363136923F4E04323
:10D2300043F4C043136185F82460032601234FF4AF
:10D24000A04CCDE912634FF004080023464812A910
:10D25000CDE9183C149617931593CDF85880FBF739
:10D2600069F9022312A91393FBF764F91396064692
:10D2700012A9FBF75FF912A9CDF84C80FBF75AF918
:10D280002A68536843F0800353603046FBF78CF8FC
:10D2900080460028F9D1354E354B4FF001093360F7
:10D2A0004FF480734FF0020BC6E902394FF460234C
:10D2B00070617060306130464FF0030AF361FBF734
:10D2C00023FB4FF4A043CDE912B94FF004093046D7
:10D2D00012A9CDE91883CDF85890CDF850A0CDF81B
:10D2E0005C80CDF85480FBF725F912A9CDF84CB03D
:10D2F000FBF720F9062312A9CDE9123AFBF71AF938
:10D3000012A9CDF84C90FBF715F93046FBF74CF815
:10D3100080460028F9D14FF080426423154EFF214A
:10D32000C6E900234FF40073C6E903138023B060FD
:10D330003046B361FBF72CFC96F83C30012B2AD029
:10D340001AE000BF00004242982F00200020024057
:10D350001C02002000ED00E000000140001401402C
:10D3600000E100E000240140E8300020042000201B
:10D3700000280140EC2F00200223326886F83D305F
:10D38000936823F47F4323F077039360012386F8A7
:10D390003C8086F83D304FF00008B548FBF752FC62
:10D3A000B348FBF74FFCB2480CA9CDE90C88FBF75A
:10D3B000DFFC6023CDE91238042312A94FF00109E4
:10D3C00016934FF0020ACDF85080FCF781FA032340
:10D3D000A8480EA91193CDE90E9AFBF7B9F9A44814
:10D3E000FBF774FB4FF4FA63A34EDFF890E240F2D0
:10D3F0001B1BC6E900E34FF400733046C6E903B3D4
:10D40000C6E90588C6F80880FBF7C2FB96F83C30F1
:10D410004B450CD0326886F83DA0936823F47F43D7
:10D4200023F07703936086F83D9086F83C8092481D
:10D43000FBF708FC9048FBF705FC4FF00008302391
:10D440008D480EA9CDE90E38FBF792FC4FF0600C29
:10D4500040F20D13CDE912C3042312A91693CDF89F
:10D460005080FCF735FA96F83C30CDF84C80012B13
:10D4700023D033681A6A22F480521A621A6AD3F8E7
:10D4800004C0D969129821F4E64141EA00211498B8
:10D4900022F4005242EA00327948834202BF1798D0
:10D4A0002CF4804C4CEA801CC3F804C0D961139959
:10D4B00019641A62002386F83C3096F83D30012B3F
:10D4C00002D16D48FBF7E4FB6B48FBF7FFFA96F8D7
:10D4D0004130012B1DD1022386F841303368DA68D0
:10D4E00042F01002DA601A6A22F480521A621A6A52
:10D4F00042F480521A62624A934240F0A6805A6C0B
:10D5000042F400425A649A6802F00702062A40F088
:10D51000A9800F211E20FBF799F84FF080420620CA
:10D5200064214CF6CC46574B1A60574B574AC2E918
:10D53000003091601E6045F255561E60586099603B
:10D54000534912680868D368002B40F0B1804AF64E
:10D55000AA231360B1E013685B1A022B7FF645AD76
:10D5600072E5136823F0070343F0020313601368A6
:10D5700003F00703022B3FF46DAD7BE541F28830E9
:10D580006368434A23F0030343F0020363601168B6
:10D59000636803F00C03082B2ED13E4A136803F096
:10D5A0000703022B2DD8636812AD43F4E063636078
:10D5B000636823F460536360374B03F110062A4617
:10D5C00018685968083303C2B3421546F7D140F2D0
:10D5D0000123ADF83830626802F00C03082B1DD02F
:10D5E0002E4B62682E49C2F303128A5CD3402D4A47
:10D5F0001360FBF76FFB3DE513685B1A8342C7D9E5
:10D6000038E5136823F0070343F00203136013683F
:10D6100003F00703022B7FF42DADC4E7C2F383436D
:10D6200068336B44D20313F8203C0BD562681B4966
:10D63000C2F340424B4368326A4412F8302CB3FBC9
:10D64000F2F3CEE7184A5343CBE7B3F1804F3FF4F0
:10D650005AAF164A93423FF456AF02F580629342A6
:10D660003FF451AF1A6842F001021A6051E700BF5F
:10D67000EC2F002000080140A42F002000080040EB
:10D68000002C014000E100E000300040F81F0020C5
:10D69000982F002000200240B418010800127A00E0
:10D6A000903B01081C02002000093D0000040040DE
:10D6B0000B681B1A302B7FF646AF2A68AB4B9A4299
:10D6C00002D0AB498A4204D15B6813F4702F40F05A
:10D6D000878095F82430012B00F082800123A54833
:10D6E00085F82430FAF7E8FD002840F0AA81AB6AFB
:10D6F0002A6823F4706323F0010343F48073AB6260
:10D700009B4B9A4205D199494B6813F4702F40F016
:10D710008781AB6A23F48013AB625368580548BF16
:10D72000AB6A954942BF23F4405343F48053AB6244
:10D73000AB6A002013F4805318BFEB6A85F824000D
:10D7400018BF23F00603EB622B6A99626FF00201A7
:10D750001160916841F48071916093F82010012963
:10D7600031D0012183F8201093F82110012940F0D5
:10D77000658102F14C0E022283F821201A68986319
:10D7800010687E4E20F001001060D86B0390186C7A
:10D79000814003984160102019684860586810283B
:10D7A0000BBF8E60C1F808E0C1F80CE0CE60DB6A08
:10D7B000002B00F03B81136843F00E0313601368E5
:10D7C00043F0010313602B689A6802F46022B2F5FB
:10D7D000602F9A680CBF42F4A00242F480129A6053
:10D7E00001254FF020084FF0110940266148FAF753
:10D7F0004DFE6348FAF74AFE03F068FCA3696148EE
:10D8000043F00403A361A36912A903F004030E9378
:10D810000E9BCDE9128915951495FAF799FFCDE97C
:10D82000126915951495FAF793FF80234FF480023F
:10D83000C0F81080066153490A6100BF00BF00BFF5
:10D8400000BF0E6100BF00BF00BF00BF013BF2D1AF
:10D850004D48FCF76FF94D4B02251860FFF762FB4E
:10D86000A369112643F00403A361A369454803F0AB
:10D8700004030C930C9BA36912A943F00803A36152
:10D88000A369012403F008030693069BCDE9125611
:10D8900015941494FAF75CFFCDE91246159414948C
:10D8A000FAF756FF05614FF4803380250461036168
:10D8B00000BF00BF00BF00BF046100BF00BF00BFCA
:10D8C00000BF013DF3D13248FCF734F9314B186009
:10D8D000FCF772F903F066FB78222F492F4803F01A
:10D8E000B8FFFDF7FDF92E4B18702846FCF758FEDF
:10D8F00003F058FB2B48FCF767FA2B4B18602B48BA
:10D90000FCF762FA2A4B18602A48FCF75DFA2A4BAA
:10D9100018602A48FCF758FA294B186003F042FBBC
:10D92000284A12AB12F8014B03F8014B002CF9D135
:10D93000254B4FF480720193244B12A90093244885
:10D940002346FCF73FF94FF0500383F31188BFF3F0
:10D950006F8FBFF34F8F4FF0FF3101221D4B1960C6
:10D960001D4B1A601D4B1C603AE000BF00240140B3
:10D9700000280140E83000206583000834200020A2
:10D9800004200020000C01405820002054200020DA
:10D99000A4200020A020002000FC01086C2E002004
:10D9A000F6290020F43B0108482E0020D83B01084E
:10D9B000A02F0020BC3B01084C2E0020A03B0108FA
:10D9C000502E0020AF180108EC240020EC2000208D
:10D9D000059E0008242F0020602F00209C2F00208F
:10D9E000314B1A78D2B2129219701B782F4A8DF8E7
:10D9F00017309DF8173003F05003137007232C4A9B
:10DA000013609DF8171009061FD4032B25D04FF083
:10DA1000500383F31188BFF36F8FBFF34F8FFEE77F
:10DA2000AB6A43F48013AB624B6877E6136823F06C
:10DA300004031360136843F00A03BFE683F8200071
:10DA4000C1E6002385F82430CAE69DF81710013B93
:10DA5000490013608DF81710D3E74FF4407313603B
:10DA6000129B114A002113704FF0E0234FF47A709B
:10DA7000D3F8202D42F47002C3F8202DD3F8202DC6
:10DA800042F07042C3F8202D196199613A68B2FBE7
:10DA9000F0F2013A5A6107221A61064B1960FAF74F
:10DAA000A1FBFEF743FDFEE700E400E0A831002003
:10DAB000A4310020200200200A4B80B120221A61EC
:10DAC0000F2300BF013BFCD14023064A13610F2303
:10DAD00000BF013BFCD14FF48003136170474FF44A
:10DAE0000012ECE7000C014010B50821044604F0D8
:10DAF00080000139FFF7E0FF11F0FF014FEA440415
:10DB0000F5D12022044B1A61FFF7F4F980F00100EF
:10DB100000F0010010BD00BF000C014048F2E80316
:10DB200058436423C00B584340F23D13B0FBF3F05D
:10DB3000074B5A8E92B242B139B95A8E92B2824292
:10DB40002FBF08465B8E9BB2C01A024B186070470D
:10DB50006C2E0020E41F0020002170B5FFF7DEFFCF
:10DB60000123174A52F83310884215DA4FF47A75B8
:10DB7000144A52F83360141D801B6843891B90FBC4
:10DB8000F1F00C3254F8334052F833301B1B584339
:10DB900090FBF5F0204470BD0133322BE2D14FF4FD
:10DBA0007A73EE22A0F540503138584390FBF2F0E2
:10DBB0000A22504390FBF3F000F5F570EBE700BF4D
:10DBC0008C3301088433010838B5044678B103F07A
:10DBD0000BFDFFF7C1FF0546204603F01DFA0A239F
:10DBE000B0FBF3F080B2284420EAE07038BD024B6D
:10DBF0009868C0F38F00ECE7582E002070B5FEF750
:10DC000093FD002857D12D4D2D4C6A692D4EB2B190
:10DC10002060708C80B200282ED00020FFF7D4FF47
:10DC2000052300EBC000B0FBF3F0203080B2338C52
:10DC3000FCF7EAFEFBF75EFC08BB686870BD738CFE
:10DC40009BB283B1F188B38889B29BB28B4228BF63
:10DC50000B461F2BC1BF0922203B03EB8303B3FB01
:10DC6000F2F22260D5E7F288B38892B29BB2934277
:10DC700028BF13462360CCE7FFF7A6FFD6E7738BD8
:10DC80009BB263B1104B196849B1104B1A68738B82
:10DC9000521A4EF660219BB24B439A4209D8FEF7C6
:10DCA0008BFC082805D06B69002B0CBF03200E20CD
:10DCB000C4E7002323600020C0E700BFE82E002057
:10DCC000442E00206C2E00200C2F00209C2F0020C2
:10DCD00008B5094B588C80B218B9BDE80840FFF769
:10DCE00073BF0020FFF770FF052300EBC000B0FBFF
:10DCF000F3F0203008BD00BF6C2E00202DE9F04F5E
:10DD000085B00390FFF7E4FF00224FF0FF091146B2
:10DD1000FCF77CFD2023012200215020CDF800904B
:10DD200003F02AF8FCF756FE5C4D8346E88D00218F
:10DD300080B203F09FF95A4B4FF0000A1E6853233C
:10DD40000446DFF860815848584FA8F80030032295
:10DD50005346514650F82B00A7F800A002F038FFB8
:10DD6000039B73B1BBF1040F14BF742367234A46AE
:10DD7000A8F80030514653464D48A7F800A002F0DD
:10DD800027FF4FF053034FF00A09A8F8003008238B
:10DD9000B4FBF9FA3B800123642C34BF19460221FD
:10DDA0001FFA8AF0002202F04BFF0023FF221946DF
:10DDB000404802F00DFF012309FB1A4019460022DA
:10DDC00080B202F03DFF00233B481946FF2202F0DB
:10DDD000FFFE4FF05303B6FBF9FAA8F8003010230A
:10DDE000B6F57A7F3B801FFA8AF038D301230022F0
:10DDF000032102F025FF0023FF2219462F4802F0DD
:10DE0000E7FE039B1822002B0CBF0023162305EB13
:10DE100043039888532180B2FCF7F8FB7423A8F8D9
:10DE200000301023BBF1040F3B802DD16B890233EE
:10DE3000DBB2B4FBF3F0AB899BB2984238BFA88940
:10DE4000AB8938BF80B29BB2C01A092828BF09200D
:10DE50000130C0B205B0BDE8F04F02F057BF01235A
:10DE6000642E34BF19460221002202F0E9FE00238D
:10DE7000FF2219460F4802F0ABFE012309FB1A608E
:10DE80000022194680B2B4E700213046FCF770FB4F
:10DE900005B0BDE8F04F02F0D1BF00BF6C2E0020EE
:10DEA0003C2E00206A2E00200C480108682E00201D
:10DEB000A51801089F180108A9180108AB18010846
:10DEC00010B547F6FF70FFF747FE0446002003F049
:10DED000A3F80A23B0FBF3F080B22044013810BD50
:10DEE0002DE9F04FB1B0FBF783FFFEF765FB8346EA
:10DEF00003F00AF9002840F0EA8003F00FF900F07F
:10DF00000100A84B1D68A84B1A78002A41F0EB8548
:10DF1000002801F01286A54A127822B1032D02D002
:10DF20000E2D41F0048601221A704FF0000B0120E3
:10DF300002F032FC082D00F0908100F3E980052DFD
:10DF400001F04F8200F3C880032D01F0B681042D4B
:10DF5000974E984C01F02084012D00F06A864FF016
:10DF60000009954B924DC3F80090E88D494680B268
:10DF700003F080F84846FFF727FE904BEC8B93F8B0
:10DF800000A0DFF83C82CA450CBF32234FF0FF33BC
:10DF90008C4EA4B20790A8F80030A6F80090002C90
:10DFA00000F0D283E88D494680B203F063F807465B
:10DFB000FCF710FD8246484603F02EF80A23B0FB1A
:10DFC000F3F46B8CA4B29BB22BB1052304EBC40415
:10DFD000B4FBF3F4203403F0ABF80A22B7FBF2F3FE
:10DFE00002FB137799B2BBB205910493002800F0AD
:10DFF00040830021FF2700264FF03D09724B084661
:10E0000038220093202302F0F1FC2023012200217A
:10E010003920009702F0B0FE6A4B6C48032231466B
:10E0200050F82A001E803346A8F8009002F0D0FD78
:10E030000823644A02211380059801233246A8F878
:10E04000009002F0FDFD33463A463146604802F04A
:10E05000BFFD012332461946049802F0F1FD334614
:10E060003A4631465B4802F0B3FD1022494620464D
:10E07000FCF7CCFA18224946A88880B2FCF7C6FA09
:10E080004C4CE389002B00F09B85FBF7B1FE524B13
:10E090001822082100200093102302F0A7FC1C2363
:10E0A0000821474A4D481380464A1180FF2200212B
:10E0B00002F08EFDE2894A4B012A1B6840F0708510
:10E0C000BBF1000F40F0CC820223E381C8E20120C3
:10E0D00017E7002001F025BD062D364C41F0F280F7
:10E0E000A389334E13B9B6F8543023834FF47A72B0
:10E0F000B6F85630BBF1080F9BB2B2FBF3F30493B2
:10E1000003D0BBF1100F40F07786012300F056BD1D
:10E110000C2D2AD016DC0A2D00F0E0810B2D40F0EA
:10E120009F8203F077FA0146002841F05C82244B7D
:10E13000FF221880234B188003462A4802F048FD2E
:10E140000B2528E00D2D01F0BB840E2D7FF407AFC9
:10E150000122184B5A61FFF751FD234B234A1B68DC
:10E160001268134340F0768281E2124DAC89022C92
:10E1700042D00DD89CB91E4E33782BB159461D485C
:10E18000FBF754FE10B134700123AB810C2502E083
:10E19000032C4CD00A25284631B0BDE8F08F02236D
:10E1A000F3E700BF18020020102F0020112F0020DD
:10E1B0006C2E0020E82E0020442E0020382E002057
:10E1C0006A2E0020682E0020294701080C4801080B
:10E1D0009F180108A9180108524001086C2F010876
:10E1E0009C2F0020C32F0108082F00200C2F002097
:10E1F000F6290020E02E0108A54B1B68002BC5D096
:10E20000012B12D1A34BDB8F9BB2012B0DD85946AA
:10E21000A148FBF70BFE0028B8D003231D20AB81DB
:10E22000FBF7CEF9FCF7EAFCB0E70323ADE702F019
:10E23000E9F880B9974BB3F840309BB2012B0AD86C
:10E2400059469648FBF7F2FD00289FD01E20FBF7A9
:10E25000B7F9FCF7D3FC042397E7914BB3F80CA074
:10E26000BAF1000F4ED102F0CDF8002843D002F0F1
:10E27000D9F8002841D18B4B1F6842F210739F429E
:10E2800094BF002701277F00874B93F83421002A91
:10E2900035D193F834800026844D854C3346FF22D7
:10E2A000314684482E80268002F092FC0823FF220B
:10E2B00031468148238033465FFA88F82E8002F089
:10E2C00087FC3346FF2231467C4802F081FC012363
:10E2D00032460221404602F0B3FC3346FF2231466B
:10E2E000764802F075FC47B33346FF223146744846
:10E2F00002F06EFC21E00746C6E70227C4E793F868
:10E300003481C8E7BAF10B0F00F2B5806D4A0AF10B
:10E310008043013B52F82340B4F1804F13D20025D3
:10E320003222A846C4F389235343C4F3090493BBA0
:10E330005B4B0AF1010AA3F80CA0BBF1020F40F0FD
:10E340009E800D2527E704F04043B3F1404FEFD105
:10E35000156815F4000511D004F04055B5F1805F43
:10E360000AD16422C4F34843C4F30728E5B25343F7
:10E37000002402FB08F8DAE7002DD9D16422C4F3A7
:10E380004743C4F3072804F07F04534302FB08F813
:10E3900004EB8404CBE74FF47A724FF00009B3FB2F
:10E3A000F2F3424F424EB8FBF2F84946FF22414891
:10E3B00004934B46A7F80090A6F8009002F008FCE2
:10E3C00008234A460221504633800123A7F80090D3
:10E3D00002F036FC4B46FF224946384802F0F8FB73
:10E3E000B8F1000F0CD001234A4602211FFA88F031
:10E3F00002F026FC4B46FF224946334802F0E8FB78
:10E40000012300220221049802F01AFC0023FF22BB
:10E4100019462E4802F0DCFB0023FF22194627484C
:10E4200002F0D6FB55B1012300220321284602F059
:10E4300007FC0023FF221946254859E76427A6B2A6
:10E44000B4FBF7F401232A460221A0B202F0F8FB44
:10E450002B46FF2229461F4802F0BAFB07FB146037
:10E460002B462A46022180B202F0EAFB2B46FF220D
:10E47000294619483CE70023094A93815DE7BBF12F
:10E48000010F01BF064A938901339381082582E673
:10E49000542E00206C2E0020F32E0108122F0108AC
:10E4A000E82E00209C2F0020242A00206A2E002025
:10E4B000682E0020C7180108D0180108B9190108F2
:10E4C000D6180108F8290020A7180108A918010882
:10E4D000AB1801089F1801089A180108FBF788FC7F
:10E4E0008D4BD3F8002C8D4B9A4234D110238C4A9B
:10E4F00003F1006101F5C031506891F8F54BC45447
:10E5000091F8F40B516819440233702B4870EFD125
:10E51000102303F1006101F5C031906891F8554C6A
:10E52000C45491F8540C916819440233702B48700C
:10E53000EFD102F027F9FEF71BFAFBF759FC794BF4
:10E540001A8B92B2022A7BD10023774A1360774A52
:10E55000136003251FE6764A1378AA2BEDD1DFF866
:10E56000C481B8F84A309BB2002BE6D0537801261C
:10E570000493FBF73DFCDFF8BC91FEF71DF8002883
:10E58000DBD116F8094006EB0907FE2C56D0FF2C0C
:10E5900027D09CB34FEA540A054654464FF0600B0F
:10E5A0007B1C0593554525DA059B13F8153001357D
:10E5B000B3FBFBF0602B0BFB10301EAB17F81520E4
:10E5C00000934FF0080300F110008DF8782038BF59
:10E5D00019464FF0010228BF1021C0B202F006FA1E
:10E5E000E0E710230137602208211846009702F067
:10E5F000FDF9602402F0C6F86400013402F0C2F8AC
:10E60000049B264413B19800FDF7A4FDB8F84A30E6
:10E610009BB2002BB1D040F2FD339E4201DC002CB6
:10E62000ABD1B8F84A309BB2062B84D14FF4C870F6
:10E63000FDF790FD0126FBF7DBFB9EE70124DDE7FC
:10E640001A8B92B2012A07D13B4B374A1B681360E1
:10E65000364A136001259EE51B8B9BB2032B01D02C
:10E66000002598E50023304A1360304A13600E25D8
:10E6700091E5AB8B9BB26BB1079B372B0ADD4FF457
:10E680007A722D4B1B68B3FBF2F102FB1133B3F529
:10E69000967F05D3FFF71CFB01220021FCF7B6F89B
:10E6A000FF272023012200215020009702F064FB65
:10E6B000A8880022532180B2FBF7A8FF0823532526
:10E6C00000220221059833800123A8F8005002F0AF
:10E6D000B7FA00233A461946184802F079FA01239E
:10E6E00000221946049802F0ABFA00233A46194674
:10E6F000134802F06DFA10233380002311480322DF
:10E70000194650F82A00A8F8005002F061FA1822C1
:10E7100029462046B2E400BF0080010855AA0DF04A
:10E72000142F00206C2E0020082F00200C2F00201A
:10E73000008C0108018C01089C2F00209F18010803
:10E74000A91801080C480108B84B1F68BAF1000F5E
:10E7500040F01081B64B38225146442000932023CC
:10E7600002F044F9B34B0C20382251460093202389
:10E7700002F03CF90124A8F800A00C26FCF7E4F90B
:10E780004420EB8A9BB2002B00F08D80EB8A9BB279
:10E79000022B00F00781032B0CBF64224FF496720A
:10E7A000A54BA64D1B68DB1BB3FBF2F303F0070977
:10E7B0001C2303FB0955002C40F0F680C31D1846AE
:10E7C00006939F4B04930A234FF0010EDFF87482E7
:10E7D000A3F10A0202F007010EFA01F1C2F3C4022A
:10E7E00008915242049902F00E028A180592002202
:10E7F00003F007010EFA01F143F3CC0A0991059FDA
:10E8000017F8011B0597089F39420DD0069958F853
:10E810002A70114489B27F5CDDF824C027EA0C0716
:10E8200058F82AC00CF8017001320E2AE7D10133E2
:10E830009BB2132BCCD10A21039301230095CDE980
:10E840000131092302F01AFB45237F4D03FB0955D3
:10E85000002C40F0D48006F1100426460427B94667
:10E86000E4B204F117085FFA88F829F007030833C7
:10E870001BB21C2BA8BF1C2309F0FC014246994681
:10E88000204603F0FC0302F0A1FA013FEDD11C2366
:10E890000421CDE9021301231722CDE900533046AC
:10E8A000182302F0EBFA02F043FC684B80461D7817
:10E8B000002840F0DF80079B372B57DD644B9B8B94
:10E8C0009BB273B14FF47A725B4B1B68B3FBF2F1EE
:10E8D00002FB1133B3F5967F2CBF4FF000084FF0C9
:10E8E0000108002D14BF00244424FFF7F1F9102281
:10E8F00001211EAB0646FAF777FD2023002104F123
:10E900003402201D02F062FAB8F1000F2ED1304619
:10E91000FAF73DFD9DF87E300746002B40F0EB8076
:10E92000424631462046FBF7E7FE31462046FAF7DD
:10E9300037FD474B474A5B8C474E9BB2002B18BFB5
:10E940001646464B06240093082300EBC7071946DA
:10E95000032238B202F04AF833784149023B381DAD
:10E96000002204FB031100B2FBF782FE002D40F0F1
:10E97000BF808FE03B4B3822214620460093202366
:10E9800002F034F8384B3A203822214600932023F5
:10E9900002F02CF874233A26A8F80030FCF7D4F8DB
:10E9A0002046EEE6C822FBE600F1230305F10E0146
:10E9B00018460A46DFF8B4C006931EAF0DF1300EBC
:10E9C000134612F8018D0EF8018B1CF8018D95424B
:10E9D00007F8018BF4D1264D1B330DF13D070DF1E6
:10E9E000850213F801CD07F801CF15F801CD994242
:10E9F00002F801CFF5D11EAB04930CADE3E606F1AE
:10EA000011042646002205F117071EAD0023B81891
:10EA1000A918013310F801CDDBB2172B01F801CB97
:10EA2000F7D11732452AF1D118E700BFE82E0020B0
:10EA3000582D0020782C00209C2F0020C642010871
:10EA4000AA420108142F002082400108382E00201D
:10EA50006C2E0020C51801082B190108A6430108D7
:10EA6000F31901084946010869450108B84201083F
:10EA7000C642010865BB2023382229464420009560
:10EA800002F07AF9A64B382200932946202344202D
:10EA900001F0ACFF44250C242846FBF761FE20461C
:10EAA000FBF75EFE02F030FB28B1284602F046F983
:10EAB0002846FBF755FE02F031FB00283FF4E0AAA0
:10EAC000204602F03BF92046FBF74AFEFFF7D8BA92
:10EAD00000242023382221462046009402F04CF9DD
:10EAE000904B3822009321462023204601F07EFFE0
:10EAF00000253A24D0E71E990846FAF748FC8742D9
:10EB000007D09DF97C202046FBF7F6FD9DF97D207E
:10EB100007E731462046FAF743FC032F82463CD0F4
:10EB2000022F14BF4FF001094FF00A094FF00A08F5
:10EB30000AEBC7031BB205931E99062091FBF9F15E
:10EB400091FBF8F308FB1311B6FBF9F3B3FBF8F2F2
:10EB500008FB1233744AC9B200FB0322DBB29942AC
:10EB600004920ED1002250460499FBF781FD059BCB
:10EB70000AF108000FFA80FA9A45B9FBF8F9DBD1DF
:10EB8000D3E60620684B9DF97C2000FB01315046FE
:10EB9000FBF76EFD9DF97D20E5E74FF06409C5E7C1
:10EBA000624A12689B1A41F28832934203D8BBF141
:10EBB000000F3FF455AD0023E3810423A3604FE52C
:10EBC000BBF1000F1AD0A389002B3FF449AD0123FC
:10EBD000BBF1040FA3811DD013D89B4525D102F0B2
:10EBE000A7FAF0B9524AD38B9BB2C3B1138C9BB234
:10EBF000B3FA83F35B095B00A3602BE50123A381D8
:10EC00002EE5BBF1080F7FF42BAD0323A360052590
:10EC1000FFF7C1BA0223A3600725FFF7BCBA02239E
:10EC2000EAE70323A4F80EB0C8E70425A360FFF7C2
:10EC3000B2BA00236361E3893E4F002B3ED0738C50
:10EC40009BB2002B37D0338E9BB21F2BC1BF092242
:10EC5000203B03EB8303B3FBF2F3D8BF00233B60FD
:10EC600000203D68FEF7B0FF2D1A0A35142D2CD870
:10EC7000238B33B9304B1B6803F24D1323610123FF
:10EC8000238323690BB12C4B1B68E089338C00383C
:10EC900018BF0120FFF732F8F58BADB225B1358CE6
:10ECA000ADB2003D18BF0125FDF7A4FD78B185F098
:10ECB0000105A560D4E4338E9BB2D0E7738C9BB280
:10ECC0000BB1B388C0E7B388F6E70023D8E7FAF7BB
:10ECD00011FC054600287FF43CAC184B1A78082A32
:10ECE00006D9187001233860A3600925FFF753BACD
:10ECF000A389012B4BD9BBF1200F25D1032B5946FA
:10ED000009D10F48FBF792F800283FF4A3AC012388
:10ED1000E561A3819EE40B48FBF788F89AE400BF05
:10ED2000982B002089440108F3190108082F0020BE
:10ED30006C2E0020442E00209C2F0020402E00200E
:10ED4000372F01082E2F0108E36923B1464A1268C4
:10ED500093420BD8E061BBF1000F0AD0BBF1040F66
:10ED60000AD0414B1B6803F57A73E36159463F486B
:10ED7000D2E70323E3606DE4338E9BB2002BF0D027
:10ED8000F38C9BB2012BECD10123E38162E4F28B83
:10ED900092B222B1358CADB2003D18BF0125BBF156
:10EDA000040F22D004D8BBF1000F17D0032332E7A1
:10EDB000BBF1100F15D0BBF1200F12D1F28C92B223
:10EDC000002A3FF447AC5946A3B92948FBF72EF86F
:10EDD00000283FF43FAC0223A3813BE4C4F80CB00D
:10EDE00038E485F00105EDB263E7338E9BB2002B6A
:10EDF000CAD12FE41F488FE7708C80B2D8B10020B1
:10EE0000FEF7E2FE052300EBC000B0FBF3F020307C
:10EE100023691FFA80FA13B9134B1B682361608BB7
:10EE2000218B60B98A45A4F81AA007D35946124825
:10EE3000FAF7FCFF14E4FEF7C7FEE9E750460A4F75
:10EE400023693A688142A2EB03084FF47A73B8FB56
:10EE5000F3F81FFA88F811D98A4580F08C81AAEB63
:10EE600001035A425A410EE09C2F0020432F010813
:10EE70002E2F0108372F01085F250108EFD28A45A0
:10EE80008CBF00220122E38998451BD3D2B1386898
:10EE9000A2892061B6F85200013292B280B2824259
:10EEA000A281618340F269814FF47A7BB6F86C30BD
:10EEB0004FF000089BB2BBFBF3F3A4F80E80A4F85C
:10EEC00018800493B6F85230A2899BB29A420AD9AC
:10EED0000020FEF779FE362805DC63691BB93B6824
:10EEE00003F24D136361618BB4F81890494580F0CB
:10EEF000AB813A682368D31A049AB3FBF2F30B444C
:10EF00009BB2994528BF9946308C80B2002800F00A
:10EF1000C681A389B6F852B0F08D0693E38900212B
:10EF200080B20024049302F0A5F8B74BB74F1B68DA
:10EF3000B74E2246032108900593504601233C809A
:10EF4000348001F07DFE2346FF222146B14801F0C6
:10EF50003FFE012322460321484601F071FEAE4BDD
:10EF6000032221462A200093082301F03FFD2E238F
:10EF700020463B80348001F0EBFF36233B800123A9
:10EF8000224619460698348001F05AFE2346FF2295
:10EF90002146A04801F01CFE5FFA8BF30793012382
:10EFA00022461946079801F04BFE532334803B80DC
:10EFB000FBF710FDDFF864C223465CF82000032253
:10EFC000214601F005FE4FF03C0B4FF00803B8FB63
:10EFD000FBFA338001231FFA8AF0194622463C804F
:10EFE00001F02EFE2346FF2221468D4801F0F0FD60
:10EFF0000BFB1A8023462246022180B201F020FE3C
:10F000002346FF222146834801F0E2FD049A0123B2
:10F01000B2FBFBFA19465046224601F011FE234688
:10F02000FF2221467E4801F0D3FD049A23460BFBC4
:10F030001A200221224680B201F002FE4FF00A0B94
:10F040003E23089A3B80B2FBFBFA4FF008031FFAFD
:10F050008AF0224602213380012301F0F1FD23468C
:10F06000FF2221466F4801F0B3FD0123089A19469B
:10F070000BFB1A20224680B201F0E2FD2346FF225C
:10F080006948214601F0A4FD62233B804FF008034C
:10F090003380059B2246B3FBFBFAB3F57A7F1FFA58
:10F0A0008AF04FF00103C0F0E080032101F0C8FDB9
:10F0B0000023FF2219465D4801F08AFD812370225A
:10F0C000009310210823002001F056FE049B83B119
:10F0D000984528BF98466E2303FB08F2049B102135
:10F0E000B2FBF3F27E2301200093D2B2082301F099
:10F0F00043FE74233B801023002105983380FBF7E7
:10F1000037FA01F09BFE00211822069B39803280DD
:10F11000002B40F0BB8000230C221946444801F02C
:10F1200057FD444E444C738C9BB2002B00F0BA80C8
:10F13000B9F11F0FC1BF0923A9F1200909EB890902
:10F14000B9FBF3F3D8BF00232360FDF753FB00287E
:10F150007FF486AA394B5A6922B1394909688A4233
:10F160007FF67EAA374A1178082940F29E80002354
:10F1700023601370B9E5012285E6032A35D00BD848
:10F18000012A14D0022A29D04FF47A720846534338
:10F19000091A93FBF1F31CE0042A2DD0052AF3D1C0
:10F1A000B6F86A30B6F868209BB2E38105E0B6F89D
:10F1B0005A30B6F858209BB2E3814FF47A7092B27D
:10F1C000914200FB03F322831046E1D2521A93FBD3
:10F1D000F2F39BB24FF00008049373E6B6F85E308A
:10F1E000B6F85C209BB2E381E7E7B6F86230B6F888
:10F1F00060209BB2E381E0E7B6F86630B6F86420A1
:10F200009BB2E381D9E700BF3C2E00206A2E00208C
:10F21000682E0020DE180108A64301080C480108EA
:10F22000E01801089F180108A9180108AB18010887
:10F230005F2501086C2E0020442E0020E82E0020BF
:10F240009C2F0020402E00207FF65EAE22683B6897
:10F250009B1A049AB3FBF2F3CB1A9BB299453FF683
:10F2600053AE994228BF99464EE6022101F0E8FCD0
:10F270002346FF222146AD4801F0AAFC059B224609
:10F280000BFB1A30012380B219460FE7DDE9063087
:10F2900083423FF640AF4846FBF7B8F941E7FEF737
:10F2A0002DFD3EE7C4F800904FE79B89002B3EF40C
:10F2B00072AFB6F85230FEF76EBF31B0BDE8F04F16
:10F2C000FEF79CBC00229A4B1A60A3893BB9BBF1A4
:10F2D000000F01D10123A3810023E38114E0BBF1DE
:10F2E000040F68D00AD8BBF1010F924B6FD0BBF16D
:10F2F000020FF1D15B8F5B421BB206E0BBF1080F3E
:10F3000047D0BBF1100F38D00023E2898948C82AC2
:10F3100088BFC822C18E88BFE2815A4289B212B228
:10F32000002918BF1346DBB1828883EAE371A1EBA1
:10F33000E37113441BB20AB293FBF2F35943438CBB
:10F3400009B29BB2002B44D02029B8BF2021B1F5CF
:10F35000337FA8BF4FF43371002089B2FAF718F950
:10F36000FBF7D8FA744B754A1B6812689B1A40F673
:10F37000B83293427FF650AC01E0FBF7CBFAFBF7D3
:10F380003DFC6568012D14BF01230423A360FEF733
:10F3900002BF6949E28923690868D31A0344B3F5B7
:10F3A000967FB1D9634B1B8F5B42096821321BB238
:10F3B0002161E281A9E76049E28923690868D31ADB
:10F3C0000344B3F5967F9FD95A4B1B8FEDE75B8FB4
:10F3D00092E721EAE171B1F5BE7FA8BF4FF4BE719B
:10F3E000BAE70024564E574DDFF85C812346FF22D2
:10F3F0002146564898F80C7034802C8001F0E8FBC8
:10F400003480082652482346FF22214650F8270020
:10F410002E8001F0DDFBB7427FD018D8042F54D0E6
:10F420000ED8022F3DD0032F46D0012F2ED0BBF196
:10F43000020F40F0CB800423C8F80830FFF710B962
:10F44000062F4CD0072F43D1FEF73AFD43E00C2F97
:10F4500000F0B2800DD80A2F00F091800B2F40F001
:10F4600085803C4B01219868C0F38F00FEF756FB66
:10F4700081E00E2F00F0A3800F2F00F0A5800D2F4C
:10F48000D5D1354B1868F9F765FD4BE0334BD3F810
:10F49000E847D3F8EC0701F029FC204601F026FCF0
:10F4A000C5E72F4BFF221D68214623462D4850F803
:10F4B000250001F08DFBBAE7FBF78CFA23462146C5
:10F4C000294CFF2254F82000F3E7FBF70FF8AEE7D2
:10F4D0002046FEF779FB0123224606211BE0204649
:10F4E00001F09AFD0A25B0FBF5F0012322463946CA
:10F4F00080B201F0A5FB2346FF2221460B4801F014
:10F5000067FB204601F088FDB0FBF5F303FB150017
:10F5100001232246194680B24BE0074B186864234A
:10F52000B0FBF3F0012300220821F4E79F18010843
:10F53000442E00206C2E00209C2F0020082F00203D
:10F540006A2E0020682E0020E82E0020E218010814
:10F5500044480108582E0020502E002000F0FF1FC4
:10F56000542E0020204801080C4801087B4B1868E5
:10F570006423B0FBF3F0012322463146CBE701F0D0
:10F58000FFFDB0FBF7F0012322460621C0B201F0D7
:10F5900057FB2346FF222146714801F019FB01F079
:10F5A000EFFDB0FBF7F303FB1700012322461946DA
:10F5B000C0B201F045FB3AE76A4B588EDBE76A4B75
:10F5C0001868F9F7C7FCD6E7684BF9E7BBF1010FFC
:10F5D0007FF41DABB8F80C30013303F00F03A8F82B
:10F5E0000C30FFF714BB01F0A3FD054600287EF4A4
:10F5F000CDADFEF7E9FA0446284601F00DFD0A23D9
:10F60000B0FBF3F080B2241A002CB8BF6442092C7E
:10F610003EF7BCAD564CA7890F2F00F28680554DA2
:10F6200062692B689B1A642B09D901F0DDFF2369FD
:10F63000A789034423612B680137A78163614FF0D9
:10F6400000084D4E4D4D4346414614224C48A6F805
:10F650000080A5F8008001F0BBFA81230093082305
:10F6600040461946802201F087FB7E22BC08E3B2A7
:10F67000042B9CBF5343C3F387027E2300930823CC
:10F680004FF0000810241946012001F075FB434695
:10F69000414603223B482C80A6F8008001F098FAEE
:10F6A0004046FEF791FA22461821FAF7AFFF4E23A3
:10F6B0004246338007F47F70012302212C8001F041
:10F6C000BFFA43464146FF222F4801F081FA204607
:10F6D000182442460123022101F0B2FA4346414672
:10F6E00003222A48A6F800802C8001F071FA4046D7
:10F6F00001F092FC0A23B0FBF3F02246214680B2CF
:10F70000FAF784FF422341463380052243462048CE
:10F710002C8001F05DFA134B4246588E05210123DF
:10F7200080B201F08DFAFEF70BBD20690121C0F314
:10F730000F10FEF7F3F981B21720F9F729FF5946A8
:10F740001448FAF773FB00283EF4FAAC0021242099
:10F75000F9F71EFFFBF752FAFEF7F3BD0C2F00205E
:10F760009F1801086C2E00204C2E0020482E0020EF
:10F77000E82E00209C2F00206A2E0020682E0020FA
:10F78000C32F0108F2180108DE180108FA18010851
:10F7900002190108BD2E0108E289A389002A40F060
:10F7A000B880B1480C901422B049B14FD1F800C0D4
:10F7B00040F6B731ADF82E3053433A6800EB0308FA
:10F7C000A2EB0C028A4240F2AB80C25C002A00F03D
:10F7D000A78001226283C35CA64A396802EB430317
:10F7E000B3F85400A1F6B83102F59F72A1EB0C01F9
:10F7F0001044FAF74DFB238B23B980210C98F9F7BD
:10F8000049FE2083638B002B6DD14FF02008BDF89B
:10F810002E100C98013189B2F9F73CFE1421B4F88E
:10F8200018A0BDF82E20B8FBFAF80C9B814601FB0E
:10F830000233187CB8F1010FB8BF4FF00108372828
:10F8400000F28B80F9F7EEFE80F00100C0B2FA22E0
:10F850003B68B3FBF2F102FB11337C2B01D900288A
:10F8600041D0B9F1000F0CBF4846A9F1010080B2A8
:10F87000B8F1200F4FEA401018BF0123B0FBFAF097
:10F8800018BF03FA08F3C0B20CBF4FF0FF3303F107
:10F89000FF331F288CBF4FF0000803FA00F85FFA0F
:10F8A00088F3012200217F200093082301F064FAED
:10F8B000C8F3072300930823012219467F2001F093
:10F8C0005BFAC8F30743012210217F20009308232D
:10F8D00001F052FA4FEA186300930122082318211D
:10F8E0007F2001F049FA0CAB1E930DF12E031F93FC
:10F8F000B6F87230BBF1040F9BB23FD02FD8BBF1EA
:10F90000010F5AD0BBF1020F6DD00023C4E90433BC
:10F910002BE05949013A51F8230093B20C9042E789
:10F9200098F81290B9F1000F13D098F81110514ABD
:10F93000603132F8110002F59F72104401F06EF947
:10F9400009EB49034D4A9B00023B138000224C4BBC
:10F950001A80D8F8083098474DE7012077E7BBF1C7
:10F96000080F31D0BBF1100F5DD02369C93B632B69
:10F970003EF611ACC8232361FEF70DBC33BB2369EF
:10F980003A681A44636903F596739A42EDD91EA842
:10F99000F9F736FE1421BDF82E200C9B01FB023333
:10F9A000187C37284CD900233A68134463612369D3
:10F9B0002133236100232383D7E7B3B9638B002B63
:10F9C00045D000236383D0E7002BD8D13968236961
:10F9D0006269194402F596729142C6D93A68213398
:10F9E0006261236101E0002BE8D10326224FDFF89A
:10F9F0007880638B002BE4D1E2892383A660A389FE
:10FA0000002A47D1142201339BB2A38102FB038356
:10FA1000D3F80890B9F1000F4AD1FBF7EFF80223B1
:10FA20004D46A360A1E7E789022627B9FBF7E6F870
:10FA3000A660FEF715BE0023A660E381FEF7ABBB10
:10FA4000F9F7F0FD0028AED04FF4FA63ACE723835A
:10FA5000E389DBB91421BDF82E200C9B01FB023396
:10FA60005B687BB1984780E79C480108082F00201D
:10FA70009C2F002066230108884801086A2E002078
:10FA8000682E00200123E381A3606EE71EA8F9F72A
:10FA9000B7FD6AE71421013292B257F82330E281B0
:10FAA000013A01FB02339A6812B90223E281EBE7C3
:10FAB000DB68002B3FF459AF9847002899D054E7F2
:10FAC000204B1A78082A01D0022A03D100221A708A
:10FAD000FEF7DCBC1C4BB3F84C309BB2002B3EF461
:10FAE00055ABFEF72DBB00287EF41FAA187000202E
:10FAF000FEF76AF8312813DC134B5B8A9BB27BB1AB
:10FB00001249134A0B6812689B1A4EF66022934200
:10FB100006D90B680F4909685B1A93423EF6D9AAC9
:10FB2000012000F039FE4FF0000BFEF703BABBF1E5
:10FB3000000F3EF4FAA9FEF7FAB9BBF1000F7EF40C
:10FB4000F6A9D4E7E42E00206C2E00209C2F002084
:10FB50000C2F0020082F002000231C462DE9804890
:10FB6000984A91B01380984A98491380984A994DC1
:10FB70001370994A02F180000A60486002F58070B3
:10FB800002F5C0728860CA606878013400F0D1FD67
:10FB9000192C05F10305F7D1904C012000F0FCFD74
:10FBA000B4F84800DFF838A2C0B200F0FBFEB4F8A9
:10FBB0004600DFF8309280B2003818BF012000F014
:10FBC00007FF0023DFF82082884F3722884EDFF8B6
:10FBD00024E203EB060C03EB0A0503EB090003EB3D
:10FBE0000801DE199E441CF802B005F801BB16F8A6
:10FBF00002B000F801BB1EF802B0013A01F801BBE7
:10FC0000F1D23833E02BE0D101F0EEFC20220021CC
:10FC1000794801F0C9FD208A00F0010000F08AFE59
:10FC200001F072FA10B10422744B1A7001F076FAE6
:10FC300010B10822714B1A70714B6F4F1B680593FE
:10FC4000FEF74EF96F4B04461B68984213D06C4A7E
:10FC50000A2B1268C7E9002306D1604B1B8B9BB2AD
:10FC6000002B39D001237B6014220021664801F06B
:10FC70009BFD644B1C60BB682BB3644B534C03F17E
:10FC800080022360626003F5807203F5C073A26096
:10FC9000E360FEF725F9504BB86803F1800223605A
:10FCA0006260032803F5807203F5C073A260E3600D
:10FCB00000F0B08012DC012800F07881022800F00A
:10FCC00074810023BB6000F05DFD01F06BF9282119
:10FCD00005A8FCF709FAB3E71C46C5E70428F0D1EC
:10FCE000484B0CAC1B680193454B1B680793FCF712
:10FCF00063FCB0FA80F6464B76090FCB84E80F0020
:10FD0000019B042B40F05581304800F0B5FC039076
:10FD1000204600F0B1FC4FF07F0B814601244FF0EC
:10FD20000008202C00F04C816FF00102624304FBBC
:10FD300004F360325A43520102F58042D20B9246DC
:10FD400040465FFA8AFA824500F23D81019B042B0E
:10FD500017D164235A434946C2F34712039800F06F
:10FD60009EFC1A4B010A1A6882F87F005A6882F8D2
:10FD70007F109A68DB68010C000E82F87F1083F810
:10FD80007F00FCF719FC002808BF46F00106FCF7CD
:10FD900013FC10B1002E40F0FF80AAEB0803D04501
:10FDA00088BF002343445FFA83F8E30701D500F0DE
:10FDB000E9FC0E2107A80134FCF796F9212CB0D1FB
:10FDC0007FE700BF682E00206A2E0020142F00203D
:10FDD000382E0020CC010020ED2700206C2E0020C2
:10FDE000582D0020782C0020982B0020923E0108EE
:10FDF000723F0108B23D0108E82E0020E42E0020E9
:10FE00009C2F002018020020F42E0020D325002073
:10FE100088180108914B08AC1B680193904B1B6834
:10FE20000693FCF7C9FBB0FA80F68E4B76090FCB30
:10FE300084E80F00019B042B59D18B4800F01CFC77
:10FE40000390204600F018FC7F23814601244FF0E8
:10FE500000080293202C50D06FF00102624304FB93
:10FE600004F360325A43520102F58042D20B9246AB
:10FE700041465FFA8AFA8A4542D8019B042B17D182
:10FE800064235A434946C2F34712039800F007FC23
:10FE9000754B010A1A6882F87F005A6882F87F1051
:10FEA0009A68DB68010C000E82F87F1083F87F00EF
:10FEB000FCF782FB002808BF46F00106FCF77CFB3C
:10FEC00008B1002E68D1AAEB0803C24538BF002351
:10FED000E20743445FFA83F801D500F053FC0E219A
:10FEE00006A80134FCF700F9212CB3D1E9E64FF064
:10FEF00000098023CDF80C90A8E72246A246B7E778
:10FF000000205A4B5A4D93F881E093F801B04FEA24
:10FF1000CE1C4CEA5B0C93F801B183F801C04FEAA8
:10FF2000CB1C4CEA5E0C93F881E183F881C04FEA68
:10FF3000CE1C4CEA5B0C15F801BF83F801C14FEAF7
:10FF4000CB1C4CEA5E0C95F880E083F881C14FEA47
:10FF5000CE1C4CEA5B0C95F800B185F800C04FEA66
:10FF6000CB1C4CEA5E0C85F880C095F880C101304E
:10FF70004FEACC1E4FEA5C0C85F880C1DDF808C062
:10FF8000C0B24EEA5B0E604503F1010385F800E163
:10FF9000B9D10131C9B26EE740F20922354936487C
:10FFA00001F057FC00F0EEFB8BE6002000F006FCB1
:10FFB00087E64FF000094FF0800BCDF80C90ADE6CE
:10FFC0002246A246BCE64FF0000C284D284B95F87F
:10FFD000011195F881E102917146DDF808E00CF11C
:10FFE000010C4FEADE1E4EEA410E029985F881E1CE
:10FFF00095F881E0490041EADE1185F8011115F814
:020000040801F1
:10000000011F4FEA4E0E4EEAD11E85F880E093F8AC
:1000100081E1490041EADE11297093F801114FEAAC
:100020004E0E4EEAD11E83F881E193F881E049003B
:1000300041EADE1183F8011113F8011F4FEA4E0E59
:100040005FFA8CFC4EEAD11EDC454FEA410183F891
:1000500080E01970BBD10130C0B274E618020020F4
:100060009C2F002088180108142F0020EC27002066
:10007000D2250020D3250020ED2700202DE99F4820
:100080000020FAF78DFA00232024DFF80092804D3B
:10009000C9F800307F4B1A687F4B1A600520F9F7CA
:1000A00041F90120FDF790FDE88D012180B200F0BB
:1000B000E1FF013CF2D101F0ADFA88B140F6B7376B
:1000C000764E774C00F0AEF988B923787BB9336867
:1000D000BB420CD800F066FF6420F9F723F9F1E782
:1000E00000F060FF4FF4FA60F9F71CF9E3E7D6F887
:1000F0000080DFF8B0A16C4F4FF4FA60F9F712F905
:10010000002800F0BB800120FDF75EFDD9F800401B
:100110008346002C40F3AD80B4F5BE7FA8BF4FF4FA
:10012000BE74FDF7CDFEA04202DAFDF7C9FE04461B
:100130005E4A3368116800205B1A4FF47A71B1FB94
:10014000F3F1336803911360594BA4EB0B021B7856
:100150004F2B8CBF41232D2303FB02F28CBF412385
:100160000A2302920193FAF7E7F9DDE90221044636
:10017000A88E80B258B14FF00A0CA88E80B20CFB4A
:1001800000F08442C2BFAC8EA4B20CFB04F4494818
:10019000520003680A205843A042A8BF2046002B03
:1001A00018BF0446019BDAF80000B3FBF1F3C3F17A
:1001B00064034343642092FBF1F293FBF0F3134496
:1001C000A34254DC6442A34251DB1C4621465846FC
:1001D000CAF80030F9F7B6FB2B8D9BB2F3B140F6AD
:1001E000C4116B8D32689BB24B4333490868121AB5
:1001F000934208D2AA8D336892B20B60FA2101FBB8
:1002000002332E4A13602B8D9BB29C4206DA2B4A96
:10021000336812689A4284BF2C8DA4B247F6DF720D
:10022000274B00209B68C3F38F03934288BF0024B1
:100230003B78092B28BF0024FDF7C6FCB0F5BE7F34
:10024000B4BF20460020FAF7ABF900F0ABFE3368EC
:10025000A3EB0803B3F57A7F7FF64EAF3B78D6F871
:100260000080002B3FF448AF013B3B7044E723463E
:10027000ACE70021F9F766FB0024ADE71423114A2F
:100280001380114B1870114B1870E0E7442E0020BA
:100290006C2E002038300020E43000209C2F0020FD
:1002A0005925002060250020402E002064250020D4
:1002B0005A2500205C2500206C25002068250020A0
:1002C000582E0020722F00206F2F0020702F00204A
:1002D000002340F21A201A4610B5074911F8014BC5
:1002E00003FB042201338342F8D1044B18681A60DF
:1002F000801A18BF012010BDDC270020F03100203B
:1003000010B5037B826830F813400A44121B8260E8
:1003100020F81310013303F00303037310BD70477B
:10032000704700002DE9F8431F46264B0546186824
:100330000E461446FBF7CCFC012809D1FCF7A4FDBE
:100340002846FDF7D1FB40B9FCF7BCFDFCF7EAFD00
:100350004FF000084046BDE8F8833046FDF7C4FB87
:100360000028F1D04FF48002174B1A610F2200BF12
:10037000013AFCD1FCF788FD45F00100FDF7B4FB24
:1003800080460028E0D0104E24B9FCF79BFDFCF716
:10039000C9FDDFE708254FF00009FCF7ABFD013D83
:1003A00015F0FF0540EA4909F7D12023012C0CBFC5
:1003B000204628463361013CFDF77EFBA4B207F8D6
:1003C000019BE1E754200020000C01400020704711
:1003D0000023012213B50A488DF8073044681146FE
:1003E00000780DF10703A04738B19DF807000138E8
:1003F000C0B2FD288CBF0020012002B010BD00BF9C
:10040000AC25002010B5064C236823B9FFF7E0FFA8
:1004100008B1012323602068431E5842584110BD93
:10042000F431002038B5FFF7EDFF024608B3144B56
:10043000144DB3F8443095F83110E1B995F8301007
:1004400001F0FF00A1B995F83411192915D095F8DC
:1004500034110C2911D013F0FF0409D02B699847EF
:100460006B6CC01A64236343984294BF0020012040
:1004700038BD0120FCE70020FAE71046F8E700BF8E
:100480006C2E0020242A002013B50122446801AB01
:100490000078A04708B19DF8040002B010BD00002C
:1004A00037B5064C8DF8071001220146A568207863
:1004B0000DF10703A84703B030BD00BFAC250020F5
:1004C000064AD2E93A03834203D192F8F000800051
:1004D000704798BF0433181A704700BF242A0020C1
:1004E00070B50F4C1546A163226CA36B06461A42E9
:1004F00009D1A36B9A0708D5FFF7E2FF28B1236C57
:1005000043F002032364304670BD6B1C84F83460F2
:1005100002D10026E563F6E7236998470544F8E72A
:10052000242A0020F8B59378044603F01F030D2B0E
:100530001D4D03D1D37813F0700332D0164685F8E1
:10054000361085F835405488432124F46064548083
:1005500095F82D3028785B0203F460631C4326F87D
:10056000024FC4F30234A400104B023464F07F0243
:10057000AF681A710522B847334622464321AF6857
:100580002878B84704224321AC68094B2878A04753
:10059000BDE8F8404FF0FF3240F203610120FFF761
:1005A0009FBF85F82D30F8BD242A00202C020020A2
:1005B000544D010870B50146FFF782FF00B3114AA0
:1005C00089B1D2F8E83002F1680404EB43140B4619
:1005D00004F12006254603CDB542186059602C462B
:1005E00003F10803F6D1D2F8E83092F8F0100133A5
:1005F00003F00303C2F8E83011B10BB982F8F03010
:1006000070BD00BF242A002010B51A4C88B0236C9E
:1006100003F07F432364FFF753FF30B9236C43F0AB
:100620000803236494F8360021E06846FFF7C2FF10
:100630009DF8023003F01F03012BECD19DF803302D
:1006400003F07003002BE6D1BDF8023094F82D20A2
:10065000C3F342239342DED1013303F0070384F84E
:100660002D30236C43F00403236494F83500C0B2AA
:1006700008B010BD242A0020436893F87F208368C7
:1006800093F87F301B0443EA0223026892F87F202C
:100690001343C26892F87F0043EA006070478842C3
:1006A000F0B504D000B121B9312A98BF01460846FF
:1006B000F0BD0023DFB220FA07F5EE071C4603F178
:1006C0000103F7D50023E4B2DEB221FA06F5ED0707
:1006D0009C4603F10103F7D51F255FFA8CFC20FA35
:1006E00005F3DB071CD51F2321FA03F0C0071AD539
:1006F0006420291BA3EB0C035B1A534393FBF0F319
:1007000001310B441BB21F2B10DCF61B5643012199
:1007100096FBF0F699403444013924B2A140C6E773
:10072000013DEDB2DBE7013BDBB2DDE74FF0FF312E
:10073000BDE707B501238DF8070000210DF1070281
:100740007820FCF727F903B000BD000038B5B024CD
:100750000B4D2046FFF7EDFF1020FFF7EAFF0134B5
:100760000020FFF7E6FFE4B22A46802340217820EC
:10077000FCF710F9B42C05F18005EAD138BD00BFB3
:10078000ED27002008B5FFF7A3FD18B1BDE808402C
:10079000FFF7DCBF08BD000008B5074B1A7882429E
:1007A00009D018705238C0B2FFF7C3FFBDE8084047
:1007B0000A20FBF7CFBC08BD112F00202DE9F04F18
:1007C00087B00290FBF7F8FE0025B0FA80F8524B94
:1007D0004FEA58181A681B68039205930095642421
:1007E000009B039A013300934B4B1B689B1A04FB3D
:1007F00003F201934FF4FA73B2FBF3F293B2632B5B
:100800000ED81A4652435B00C3F5967353436343B5
:10081000424A03F5F42303F59073B3FBF2F39CB261
:100820006423E401B4FBF3F4A4B2802C28BF802439
:100830006FF07F065FFA84FA029BA6EB0A06F6B217
:10084000002B5FD0B1460026B346AAEB0505EDB2FA
:10085000334FC4F1800238684119584400F0E0FF7A
:100860007868C4F180024119584400F0D9FFB86893
:10087000C4F180024119584400F0D2FFF868C4F175
:1008800080024119584400F0CBFF264B3868991973
:100890002246484400F0C4FF234B78689919224649
:1008A000484400F0BDFF214DB8682246A9194844CC
:1008B00000F0B6FFF86805F1800122463144484453
:1008C00000F0AEFF009BDB0701D4FFF75BFF0E21BA
:1008D00005A8FBF709FCFBF76FFE002808BF48F0EE
:1008E0000108FBF769FE88B1B8F1000F0ED040F2A5
:1008F00009220C490E4800F0ACFFFFF743FF07B098
:10090000BDE8F08FD346DDF80890A1E7019BB3F571
:10091000FA7FF2D8554662E79C2F002040420F0034
:10092000142F0020D325002053260020D32600209A
:10093000ED270020F8B5184F80F001053B78AB4259
:1009400029D025BBA020C0263023144CA3752077C6
:100950002674FFF7EEFE207CFFF7EBFEE07CFFF74E
:10096000E8FEA07DFFF7E5FE0A20FBF7F3FB00227F
:100970000B4B3D705A717F225E72DA71FFF7E6FE13
:100980000A20FBF7E7FBBDE8F840FFF7A1BCA12078
:10099000C8261023D9E7F8BD382E0020CC0100204E
:1009A000DC27002010B5094B044693F82E20824224
:1009B0000AD083F82E0093F82B00FFF7BAFE2046EA
:1009C000BDE81040FFF7B5BE10BD00BFCC01002050
:1009D000054B5A3893F84020C0B2824203D083F8C6
:1009E0004000FFF7A6BE7047CC0100202DE9F74F6D
:1009F0005442A0420C9F019338DD802836DC002849
:100A0000B8BF454200EB0204ACBF0025EDB2802C1C
:100A1000C8BF6FF07F064FF00004CABF361A1646F3
:100A2000F6B20029B8BF0731C91005EB070CA0EBDF
:100A3000070B019BE000C0B2834217D0284604FB9D
:100A400002C704FB12B901EB040E0AE0094B09EBE3
:100A5000070853F82E3017F801AB013003F808A04F
:100A6000C0B28642F2D80134E4B2E2E703B0BDE896
:100A7000F08F00BF142F00202DE9F04F022985B020
:100A80005ED003294A4E4B4C66D1102333700C23A1
:100A90002370494C474B02291A78454B1B784FEA83
:100AA000D30502FB05F500FB0544444DB5F90000F4
:100AB00074D1002643F2333B45F2555880B200F121
:100AC00018039BB23E490393034604EB060C1CF843
:100AD000019B7F2B49EA091929F0F0094FEA0959CE
:100AE0004FEA195949EA890909EA0B0949EA49090A
:100AF00098BF0F6809EA080909EB49099CBF07F884
:100B000003904F684FEA192E03F1010A98BF07F8C6
:100B100003E01FFA8AF77F2F07D80F680FFA8AFAC7
:100B200007F80A904F6807F80AE0039F02339BB268
:100B30009F42CCD10C2E01F108012AD00C26C3E72C
:100B4000012817D910221A4B02381A700C22194B9F
:100B50001C4C80B21A709DE779B110230C25012836
:100B6000337025700CD11849B1F9000010B9134841
:100B70000B80028005B0BDE8F08F08230625EEE764
:100B8000F8D9104C114B0238002908BF1C4680B21E
:100B900080E72B8803EB42032B80EBE70A490094A4
:100BA00091F90010FFF722FF2B881A442A80E1E711
:100BB000ED310020EC310020A44B01086A2E00200A
:100BC000142F00209D1B0108682E0020F319010836
:100BD0002DE9F041984603780546012B0F4616464D
:100BE00001D11F4601352878A8B1A6B1F0280AD94D
:100BF0006B7883B1A0F1F004C4EB04200F3B1844E0
:100C000080B2023500E0013542463946013EF6B277
:100C1000FFF732FFE7E7BDE8F08100000023064A56
:100C20001380064A13800178FF22012914BF194658
:100C30000130FFF7CDBF00BF6A2E0020682E0020D4
:100C400073B51546002204290092CDF8032014D86C
:100C500003292BD10A22B0FBF2F402FB1402023268
:100C60008DF80220A0B20A22B0FBF2F402FB1402BB
:100C700002328DF80120A0B21AE00A26B0FBF6F28B
:100C800006FB120092B2B2FBF6F402308DF80500BA
:100C9000B4FBF6F006FB142206FB104402320234C9
:100CA0008DF804208DF8034080B2D3E70229DAD012
:100CB0000A22B0FBF2F402FB140002308DF80000AF
:100CC0002BB16A460023122001398B4207DB002337
:100CD000FF2229466846FFF77BFF02B070BD1478FB
:100CE000022CF4D102F8010B0133EEE738B50546CA
:100CF0001C24002225FA04F000F00F0011460230F7
:100D0000043CFFF7B9FE231DF3D138BD3022094B57
:100D100013B502FB0033084C00930C222023002162
:100D2000B4F90000FFF762FE23881344238002B069
:100D300010BD00BF944901086A2E00200022F0B5C2
:100D40000B49DFF830C0002302EB0C050F68C61812
:100D500015F8014B17F806E0013384EA0E04382B2E
:100D6000BC55F3D13832E02A01F10401EBD1F0BDDA
:100D7000142F0020A9430108F0B55442A0429DF869
:100D800014C01FDD8418802CC8BF6FF07F024FF0A5
:100D90000005C8BF121ADFF830E0C8BFD2B2EEB209
:100DA000002406EBE10605E05EF82670274407F80C
:100DB00000C00134E7B2BA42F6D80135EC00E4B223
:100DC000A342ECD1F0BD00BF142F00202DE9F04765
:100DD000FF275C1ADFF860E003F00703E4B2CE08F7
:100DE00007FA03FCF5B2032D00D80CB9BDE8F08773
:100DF00001F0070107FA01F1082CC9B203D87BB151
:100E00006FEA0C0529400546C9430EEB86095FFAD7
:100E100085F8424506D8083C0021E4B20136E1E7F6
:100E2000FF25EFE7D9F800A01AF8058001EA0808C5
:100E30000AF805800135EAE7142F002070B50D4B44
:100E400004461D780C4B002203210E201E78FFF76C
:100E500013FE1F22B4FBF2F406F10A031B1B05F17B
:100E60000C0231462846BDE87040DBB2D2B2FFF733
:100E7000ADBF00BF6A2E0020682E00202DE9F04F84
:100E800089B0CDE906039DF85030002503939DF805
:100E900054304FF0010A202B28BF20230093129BCF
:100EA0009DF84C701344DFF8A4B0049305F00703D9
:100EB00012980AFA03F3049C0293C5F3C40302FBDD
:100EC000030C02FB0343BDF8180001931CF8013B1F
:100ED000029C23422CD04FF0000E07EB00081FFAB3
:100EE00088F8039B01EB0E0426B29E421ADB009B9E
:100EF0009E4217DA034604F007040AFA04F4F610D7
:100F000005947F2B0AD85BF82690059C19F803906E
:100F100044EA09095BF8264004F8039001339BB2C8
:100F20009845EED10EF101039F424FF0010ED8D843
:100F3000019B3844634580B2C8D107980135EBB2B4
:100F400098423944B2D809B0BDE8F08F142F002080
:100F500010B4084B084C588C0023DFF820C080B236
:100F600098420CBF6046204610BCFF221946FFF78E
:100F70002FBE00BF6C2E0020C51801082B190108D8
:100F8000BFF34F8F0549064BCA6802F4E062134372
:100F9000CB60BFF34F8F00BFFDE700BF00ED00E067
:100FA0000400FA054AF6AA22014B1B681A60704732
:100FB000F81F0020F8B51E46164B074618680D4668
:100FC0001446FAF785FE012809D1FBF75DFF384684
:100FD000FCF78AFD30B9FBF775FFFBF7A3FF00258F
:100FE0002846F8BD2846FCF77FFD05460028F2D0CC
:100FF000013E24B9FBF766FFFBF794FFF0E7FFF72C
:10100000D1FF16F8010FFCF76FFD0028E3D0013C7B
:10101000A4B2EEE75420002008B568B100210B46C9
:10102000114A013332F8020BDBB2102B0144F8D124
:101030000E4889B2FFF764F90C4B0D499A680023FA
:10104000C2F3CE0231F81300904207D2013331F8D7
:10105000130000EB8000400080B208BD0233302B4B
:10106000F0D14FF4E170F8E734200020DC310020AB
:101070003449010838B5044689B1114B11481D683F
:10108000E96B2B6C1944C90089B2FFF739F9696C17
:10109000AB6C0D481944C90089B2FFF731F9094B0F
:1010A0009868094BC0F38F009B68C3F38F03984285
:1010B00038BF18468000B0FBF4F080B238BD00BFE6
:1010C00004200020CC310020BC3100200122084B3C
:1010D0001A7040F21B12074B1A80074B1B68DA622A
:1010E00040F20D125A6340F682229A62704700BFA6
:1010F0006E2F00206C2F0020A42F0020037F082BD0
:1011000001D1FAF7D3BC7047034B986880F4807024
:10111000C0F30020704700BF00080140034B9868EF
:1011200080F48060C0F38020704700BF0008014059
:1011300010B5FCF7C5FE441F0020FCF745FDA4B226
:1011400084422CBF0020012010BD0000084B1878FD
:1011500060B1084B1B78022B07D9074B1B7823B9CA
:10116000064B187880F0010070470020704700BFE0
:101170005A250020B831002024020020A931002087
:10118000064BB3F87030DBB2013B9BB2022B02D8A6
:10119000034AD05C08B9034B187870476C2E0020C6
:1011A000304901085A2500202DE9F74F9A46FF23C0
:1011B0000B7041F28833138017460190FFF7E0FF70
:1011C0004FF00009614BB3F85080431DDBB25FFA6A
:1011D00088F8B8F1010F08BF18465D4B0093019BDA
:1011E0004B4506D10878FF3818BF012003B0BDE891
:1011F000F08F009BCB4653F8044BB4F1804F009323
:1012000027D2322246F65F55C4F3892353435A1E30
:10121000AA4209D844F62062934208D8C4F30904CC
:10122000B3FBF4F2824206DD09F10109D7E7B8F118
:10123000000FF3D1F8E73A889342F5DD81F800B06A
:101240003B8000230C9AAAF8004013700D9A13708B
:10125000EAE704F04043B3F1404FE5D1B8F1000FA5
:10126000E2D03B4B1B681B0202D514F0405322D145
:1012700004F07F02C4F3474404EB840404EB8404C9
:10128000A30044F620649BB2A342A8BF234602EB0E
:10129000820202FB00F4A342A8BF23463C88A3427B
:1012A000C2DD81F800B03B800123AAF800200C9A2F
:1012B00013700023CAE7B3F1805FB5D1FFF760FF79
:1012C0000A23C4F34845E4B24443B4FBF3F405EB0A
:1012D000850505EB8505AD00ADB2ACB3012C33D06F
:1012E0004FF400464FF0100C4FF0804E3346002272
:1012F00074452CBF32469A43BCF1010C01D116460D
:1013000006E05B0843EA020606FB06FE7445EFD1E1
:1013100046F660524FF47A73954228BF15467343E0
:101320009D4228BF1D463B889D427FF67DAF81F8D8
:1013300000B001233D80B5FBF0F50D9AAAF80050EE
:10134000137000230C9A82E72646E1E76C2E0020FA
:10135000F8290020F0B52C2205460C463D48002116
:1013600085B000F021FA3B4A2B1D17462C35164656
:1013700018685968083303C6AB423246F7D118687B
:10138000FF2330608DF80B300023ADF80E30ADF840
:101390000C308DF80A308DF809300DF109030193F6
:1013A0000DF10A0300930DF10E0203AB0B200DF1BA
:1013B0000B01FFF7F9FE09222023A270E370002839
:1013C0003BD09DF80B00BDF80E2057F82030BDF83B
:1013D0000C10A3609DF80930DBB1052519260B1D03
:1013E000B3FBF5F3B2FBF6F61B4D03F07F0305EA02
:1013F00046252B4301304A4343EA007343F0A07370
:101400006360164BB2FBF3F2154B1A60012005B076
:10141000F0BD9DF80A3053B105250B1DB3FBF5F364
:101420001426104DB2FBF6F603F07F03DFE70E4BF8
:10143000C1F3090503EA8123DBE73B68A36064236A
:1014400023716FF06F0363710123A3711123E371A3
:10145000DCE700BFF829002000F80F00A08601009B
:101460005C25002000FE0F0000FC0F00F0B50646D2
:101470002C220C463648002185B000F095F9344AFC
:10148000331D06F11C07154618685968083303C553
:10149000BB422A46F7D118682E4B286001251D70E3
:1014A000FF2370888DF80B300023ADF80E30ADF8B7
:1014B0000C308DF80A300DF1090301930DF10A0388
:1014C00000930DF10E0203AB0DF10B01C0F30230DE
:1014D000FFF76AFE02221023A270E37078B39DF832
:1014E0000B009DF80A30BDF80E20BDF80C10284402
:1014F000E3B1052514260B1DB3FBF5F3B2FBF6F69D
:10150000154D03F07F0305EA46252B4343EA00739C
:101510004A4343F0807343F4800363600F4BB2FB94
:10152000F3F20F4B1A60012005B0F0BD0D4B03EA3A
:10153000812343EA0073C1F309000343E8E764230E
:1015400023716FF06F0363711123A571E371EAE7F3
:10155000F82900205925002000FE0F00A086010078
:101560005C25002000FC0F0070B500230A266FF0F8
:101570006F050124C3710671457184710146FFF73F
:10158000FFFD42F22833B3FBF0F3C3F3090343F446
:1015900034338B60FFF7F4FD43F69823B3FBF0F38D
:1015A000C3F3090343F49623CB60FFF7E9FD44F648
:1015B0002063B3FBF0F3C3F3090343F4C8230B61C7
:1015C0000423CB716FF07B038B7040230E714D7140
:1015D0008C71CB7070BD0000024B9868C0F3001096
:1015E000704700BF000C014008B5084B08481B6855
:1015F000D96B1A6C11445A6C9B6C11441944490004
:1016000089B2FEF77DFE084608BD00BFE830002025
:10161000582E002070B5354B354A1968106888423D
:1016200015D8344D1B682C7803F5FA73022C324E12
:1016300013602DD8FFF7D8FF0021FCF76FFA2F4B6E
:1016400046F824000CBB022201341A612C70FFF70B
:101650007DFD012818D12A4B9A682A4BC2F38F02CC
:101660009B68C3F38F039A4234BF10214FF40041AB
:10167000224A254B2BBF116119614FF480124FF0A4
:1016800000432CBF1A61136170BD4FF40032DBE7D9
:101690003368B06871681A1A02EBD27201EB620209
:1016A0000344C3EB42035B08B3F5966F1749184A2E
:1016B00007D900230B7013702B700022154B1A7082
:1016C000C5E7C72B03D801230B700023F3E7B3F55D
:1016D000027F08D3B3F5487F2CBF50233E23002060
:1016E00013700870E9E72823F9E700BF9C2F00205A
:1016F00028020020B8310020AC3100200008014051
:10170000BC310020CC310020000C0140A931002068
:101710005A25002024020020442230B5184B85B001
:101720001A70184A184D5A60184A194CDD609A60B0
:101730000FCB8DE80F0084E80F00164B03222361C6
:10174000154B6361154BA361154BC4E907350023A5
:10175000A363E3632364636484F83421FF22C4E950
:101760003A3384F8F030E38584F833208C2284F80F
:1017700070210C4A84F87231A2F87A3005B030BD7D
:10178000AC2500202503010821C50008B50F01087C
:10179000242A0020C5980008691501086D14010865
:1017A000551301080600002003460244934200D16D
:1017B000704703F8011BF9E770B500260C4C0D4B80
:1017C0001D1BB6EBA50F09D1002600F051F80A4CFD
:1017D0000A4B1D1BB6EBA50F05D170BD54F8043B99
:1017E00098470136EDE754F8043B98470136F1E796
:1017F000584D0108584D0108584D0108604D010829
:1018000010B501390244904201D1002005E003786F
:1018100011F8014FA34201D0181B10BD0130F2E7AF
:10182000884210B501EB020402D98442234607D84E
:10183000431EA14207D011F8012B03F8012FF8E74E
:101840000244824200D110BD13F8011D02F8011DAF
:10185000F7E70A44914200F1FF3300D1704710B519
:1018600011F8014B914203F8014FF9D110BD00006E
:10187000F8B500BFF8BC08BC9E467047F8B500BF7D
:08188000F8BC08BC9E4670474D
:10188800D325002053260020D326002053270020EC
:101898004400250032390029001B004700140013BA
:1018A80000310037003E0049444C4500020304055E
:1018B800060708090A0B0C0D0E0F10100043002B29
:1018C800231223100D223600211D0C1D1000421E6C
:1018D800123130221C0048003F0032042904053030
:1018E8002905090605083C020B0026152A122412B0
:1018F8001200340C1B122412120026152A12391257
:1019080012004755495461736B004D4F565461732B
:101918006B00504F575461736B00504944546173C6
:101928006B002324004624002B23003025260021A9
:101938000E0C1B1B151B3600421E1B10002C2C25E1
:101948000A080704432400333B210423340304001A
:10195800302C25040405002C212505020300212430
:101968000925040200282B3B3900333B21041224AB
:101978003339423C0004020408020B030B12030A29
:1019880003030708003B2312002524241212120027
:101998002B37381212120031151B121212121212A2
:1019A8001212002C0C4512241212002E2A26151988
:1019B8001012002C1E32101212120026152A12388C
:1019C800101C0026152A1238121200343712281259
:1019D8001212003437122C121212003437122B1242
:1019E800121200340C1616121212003E5149453ECE
:1019F8000000427F400000426151494600214145B4
:101A08004B31001814127F10002745454539003C1A
:101A18004A494930000171090503003649494936E8
:101A280000064949291E002054545478007F484430
:101A3800443800384444442000384444487F00383F
:101A4800545454180000047E0501000000000000F2
:101A58000008080808080008083E08080000447D37
:101A680040000000417F40000000447C4000007CB2
:101A780008040408007C0478047800007F102844D7
:101A8800007C0804047800485454542400043E445C
:101A98004020003844444438003C4140215C004424
:101AA8004830100C002649494932003C4040207C0F
:101AB800007F4141221C003E41414122007E09092C
:101AC800097E0001017F0101001C22622210003EF4
:101AD8004141497A000060600000007C1414140839
:101AE800007F09090906007F020C027F00125535A4
:101AF8001509003F4040403F007F08040478007FFC
:101B080049494936001F2040201F000C3040300C46
:101B1800007F40404040007F0808087F004464542C
:101B28004C4400085454543C003F4038403F007F28
:101B380009192946003E4141413E007F08142241CF
:101B48000000417F4100007F494949410000004FA2
:101B580000000038454445380000363600000008CB
:101B68005556553C002040443D00007F0408107F36
:101B7800007F090909010044447D44440044243895
:101B88004844003E4151215E002040413F01002071
:101B9800100804020000F8FE060383C363331EFE28
:101BA800F800071F1E3331303030181F07000000BF
:101BB8000C0C0EFFFF000000000000003030303F2A
:101BC8003F30303000001C1E07030383C3E3773E19
:101BD8001C0030383C3E37333130303030000C0E8A
:101BE80007C3C3C3C3C3E77E3C000C1C3830303086
:101BF8003030391F0E00C0E070381C0E07FFFF00A0
:101C08000000030303030303033F3F0303003F7F75
:101C1800636363636363E3C383000C1C3830303051
:101C28003030381F0F00C0F0F8DCCEC7C3C3C38004
:101C380000000F1F393030303030391F0F000303D8
:101C480003030303C3F33F0F0300000000303C0FFE
:101C580003000000000000BCFEE7C3C3C3E7FEBCEE
:101C680000000F1F393030303030391F0F003C7EF4
:101C7800E7C3C3C3C3C3E7FEFC00000030303038FD
:101C88001C0E070300000040606060606060E0C0F8
:101C980000001C3E3333333333333F3F0000FFFF34
:101CA800C060606060E0C08000003F3F303030308E
:101CB80030381F0F000080C0E06060606060C08046
:101CC80000000F1F3830303030301808000080C056
:101CD800E0606060E0C0FFFF00000F1F3830303068
:101CE80030303F3F000080C0E06060606060C080CE
:101CF80000000F1F3B333333333313010000C0C0E0
:101D0800FCFEC7C3C3030000000000003F3F000003
:101D180000000000000000000000000000000000BB
:101D2800000000000000000000000000000000802B
:101D38008080808080808000000000010101010116
:101D480001010100000000808080F0F080808000A8
:101D58000000000101010F0F010101000000000057
:101D68000060ECEC000000000000000030303F3F55
:101D780030300000000000E0E060606060E0C0809B
:101D88000000003F3F00000000003F3F000000E06F
:101D9800E0C060606060E0C00000003F3F000000FD
:101DA80000000000000000000003FFFF000000002A
:101DB8000000000030303F3F3030000000000000DD
:101DC8000060E0E0000000000000000030303F3F0D
:101DD80030300000000000FFFF0080C0E06000001D
:101DE8000000003F3F03070F1C3830000000E0C030
:101DF800E0E0C0C0E0E0C08000003F3F00003F3F9F
:101E080000003F3F0000C0E060606060604000008C
:101E180000001133333333333F1E0000000060608D
:101E2800FEFE606060000000000000001F3F3030D0
:101E3800303000000000E0E0000000000000E0E0BA
:101E480000000F1F3830303030183F3F000080C08E
:101E5800E060606060E0C08000000F1F3830303004
:101E680030381F0F00000060E080000080E0600054
:101E78000000000081E77E1E070100000000E0E08E
:101E88000C0C00000C0CE0E000000F1F3830303064
:101E980030183F3F0000C0E06060606060400000B4
:101EA8000000113333B3F3333F1E0000000080C03D
:101EB800E06864646468E0E0000003C7CECCCCCC82
:101EC800CCE67F3F00006060606060E0E06020007A
:101ED800000030383C3633313030300000003C7E72
:101EE800E7C3C3C3C3C78E0C00000C1C38303030A6
:101EF80030391F0F000000606060606060606060E3
:101F08000000000606060606060606060000000093
:101F1800010107FEFCF00000000000002020381F2F
:101F28000F03000000000000F0FCFE0701010000A4
:101F380000000000030F1F382020000000000000F0
:101F480000000000000000000000000000383838E1
:101F580000000000000080C0E060606060E0C080B9
:101F680000000F1FB8B0F0F0303818080000FFFF6D
:101F7800C0606060E0C0800000003F3F00000000DB
:101F8800003F3F000000FFFF0000000000000000CD
:101F980000003F3F3030303030303030000060E0FB
:101FA800800000000080E06000000001071E383853
:101FB8001E070100000080C0E06060606060E0E033
:101FC800000003C7CECCCCCCCCE67F3F000000009D
:101FD8000000FFFF000000000000000000003F3F7D
:101FE80000000000000080C0EC6C60606CECC080F9
:101FF80000000F1F3830303030381F0F0000030F3B
:102008003CF0C0C0F03C0F030000000000003F3F60
:10201800000000000000FFFF03030303070EFCF0AD
:1020280000003F3F30303030381C0F030000FFFF06
:10203800C3C3C3C3E7FEBC0000003F3F30303030AD
:1020480030391F0F0000F0FC0E070303070EFCF0E9
:102058000000030F1C383030381C0F030000FFFF4E
:10206800C0E0F0381C0E070300003F3F00010307E3
:102078000E1C3830000000001818F8FA1818000074
:102088000000000030303F3F303000000000E0E04A
:102098006060606060E0C0800000FFFF0C181818E6
:1020A800181C0F070000FFFFC0C0C0C0C0C0FFFF62
:1020B80000003F3F0000000000003F3F0000F0FC30
:1020C8000E07030303070E0C0000030F1C38303003
:1020D80030381C0C00000000E0FC1F1FFCE0000072
:1020E8000000383F0706060606073F380000FFFFD6
:1020F800000000000000FFFF0000071F38303030EC
:1021080030381F070000FFFF1E78E0E0781EFFFF51
:1021180000003F3F0000010100003F3F0000F0FCCD
:102128000E0703C3C3C3C7C60000030F1C383030F3
:1021380030303F3F0000073FF8C00000C0F83F07BD
:1021480000000000010F3E3E0F0100000000FFFFED
:102158008383838383C7FE7C00003F3F0101010125
:10216800010100000000FFFFC3C3C3C3C3C30303CF
:1021780000003F3F30303030303030300000000059
:102188003C3C00003C3C0000000000000000000057
:10219800000000000000000000000060ECEC0000FF
:1021A8000000000060E0C0C0FF7F000000000003E6
:1021B8000303FFFF030303000000000000003F3F8C
:1021C800000000000000FFFFC3C3C3C3C3C3030371
:1021D80000003F3F00000000000000000000FFFF7B
:1021E8008383838383C7FE7C00003F3F010103078D
:1021F8000F1D3830000003030303C3E3331F0F032D
:102208000000303C3E333130303030300000FFFFCA
:10221800000080800000FFFF00003F3F1C06030312
:10222800061C3F3F00000000007CFFFF7C00000010
:10223800000000000000333300000000000060E0F0
:10224800C0800080C0E06000000030381D0F070F1C
:102258001D383000000000000070707000000000A1
:1022680000000000001C1C1C000000000000000012
:1022780000000000000000000000000000B8F8782E
:10228800000000000000F0FC0E07030303071E1CFB
:1022980000000107CEDCF8F8181C0E06000000004C
:1022A8001E3F33333F1E0000000000000000000006
:1022B800000000000000F0FC0E070303070EFCF00E
:1022C8000000030F1C3830363E1C3F330000FFFF70
:1022D8000E38F0C00000FFFF00003F3F0000000381
:1022E800071C3F3F000000000303FFFF030300003B
:1022F8000000000030303F3F3030000000001C1E5E
:10230800070383C3E3773E1C000000000000373753
:1023180000000000000000C0E0F0381C0E070300B9
:10232800000000000103070E1C3830000000000008
:1023380000273F1F00000000000000000000000010
:102348000000000000000000B8FCC6E23E1C0000CF
:102358000000001F3F3121371E1C36220000190AD9
:102368002C0A3C0A4F0A6E0A8A0A930A9F0AAA0A8A
:10237800B70AC80AD20A1F0B310B780B800B8E0BD9
:10238800BB00BB00990BAA0BB00BBB00C80BCA0B58
:10239800CC0BCE0BCC0BD00BCA0BD20BD40BD60B61
:1023A800D80B6209710980098C099C09A709B2092F
:1023B800BA09C00900005E005100BD001F014901B3
:1023C8007901010245028902510051005100510072
:1023D800510051005100510051005100510051006D
:1023E800510051000D0358037F03B60351005100FB
:1023F800E2031D045E04A604DD0435057F05D0054F
:102408000C063D066D069506EB0651003907710767
:10241800DC072E086A08C508FE0851003C0952006E
:10242800AF00BB00100141016A01F10132027602DE
:102438000203BB00BB00BB00BB00BB00BB00BB0072
:10244800BB00BB00BB00BB00BB00BB00BB0048031C
:102458007303AA03D303BB00BB000D045304950404
:10246800CF0424057205C105FA052C065E06890607
:10247800DA062807BB006607CC0720085C08AF0807
:10248800EB08160927095A0951005100510051005B
:102498005100C909D609E909F609080A413D212A66
:1024A80012350C20160C23194129124016120F213F
:1024B80022211A122A0C1819221B0C122D1F181D62
:1024C8000C42191619120C200C17180C172912286F
:1024D80032391203023E27122825120529053E1219
:1024E8002B210E1710120D0C2219160C2700281F6D
:1024F80027011A0C201B0C4017003F1518122B211E
:102508000E17101C15120D0C2219160C1215241575
:1025180016122D101715181016121B1516151B1E3E
:102528001B122D1F181D0C42122805254A120512D0
:1025380013120529093E122F12061308254A120400
:1025480029061213120529093E27002C151B2901FB
:10255800321E161D0C41000100330C2419124E398D
:1025680012220C1742120E152B0C24180C171920C6
:10257800180C121E201E1B181E181E1A12152A15BA
:1025880016120302021B1C120C0F191B180C171928
:10259800160F0C123F3212370C240C1718191A1286
:1025A800240C1B0C16120C22191B19002B23123594
:1025B8000C190C1B010C2D171917003F3F2512543D
:1025C80012403F45121B1F0F180C1719161912102D
:1025D8001D1A15161810221D15171517002B230183
:1025E800191E0F220031211A1C101A123F10171140
:1025F8001F171B0C161C123C1F0F1E1225190E0C40
:102608001A1819231900260C1A32152010011C1744
:102618000E0C1A29003D212A122D101715180F1516
:102628002315160F10121F1D1F1B0C1D151A121F24
:10263800180C170C1A1218102B151B18101B101237
:102648001B1F0F1E160F0C120D0C22180C1D291221
:10265800282C262C102B151B18101B10123C1F0F92
:102668001E122F123B263B201A1E123C1F0F1E1251
:102678002F1225263B201A1E123C1F0F1E12340F44
:102688000C1225190E0C1A181923192700391D1EAA
:10269800190C1D151A010D0C2D160C1D0035191CD1
:1026A8000C120D0C1C1922180C170F0C1A15121CE1
:1026B800190E0C1A18191A120F1017100E101C15D3
:1026C800120C1D180C1B0C121F170C1619002117C1
:1026D8000E0C1A16171A011A171C0C120C0F1719C0
:1026E800003B241E16120D0C221922180C170F0C71
:1026F8001A15121C190E0C1A18191A120F10171085
:102708000E101C15120C1D180C1B0C121F170C1682
:10271800190021170E0C1A16171A012235221B123E
:102728000C0F1719002C102B151B18101B10121C3E
:1027380019170C1C19160F0C4B122B101712151AFF
:1027480015120F21231B102010120D0C1C1918191B
:10275800121D1E1D0C170C1A121A1518151D18100B
:102768001B10121B1F0F1E161E120F102315221DE1
:102778001517151612283326250C0F100E101237B0
:102788001017111F171B0C161C121B1F0F1E122FC0
:102798001244261D0C1B121A1518151D2700262277
:1027A8002D011A1516150F1500380C17101A101DC3
:1027B80012380C1C1C0C1C1520101D151228032681
:1027C8004016120C24120F1E200C171819122F1263
:1027D800292929122F120B264016120F1E200C171A
:1027E80018192700340C18101A101D012F0C1C1C66
:1027F8000C1C290033101A18101B10123C1F0F1E36
:102808001225190E0C1A1819231912283927002E07
:10281800201A22011C170E0C1A290033101A18103E
:102828001B10123C1F0F1E12460C1B0C16123A22CC
:10283800191B191228320C1A151A0C122F12250CF2
:102848001615201027002E201A22011C1F18101CF4
:102858001500350C370C1D1B0C12460C1B0C1612E0
:102868003A22191B191228320C1A151A0C27003A89
:102878000C2A0C1B190C011C1F18101C15002519FB
:102888000E0C1A18191A12331517151B1512283998
:10289800263910181C151E1C122F124426440C2B06
:1028A8001710162B10151D270021170E0C1A1617B6
:1028B8001A010D1518151915003D301721161D217F
:1028C800123130161810160F15171B10122845262E
:1028D800250C23180C1A122F122C26251F180C1A37
:1028E800122F123426341D1F1B0C1D151A27003CED
:1028F8001A180C1B01203E1B1F00251F231E1D1B21
:102908000C12101A170C1619160F0C121E2A122B5D
:102918000C180C121C190E0C1A1A1016120F10177C
:10292800100E10122E301C1D101715181C15162904
:1029380000211E4022190C01200C1B172A121C3ED4
:102948001B00310C2419180C171916121A0C201B0D
:102958000C122B19241912283126310C2D0C221295
:102968002F123826381924181927003A0C200F1767
:1029780018190C012F17351700413221231B10128B
:102988003110171810171512451F1D0C1C201F1683
:102998001E411225190E0C1A18191A120C200C17A0
:1029A800120F21231B1018101715161516122010B8
:1029B80017151615120F102315221D1517151600B9
:1029C80021170E0C1A16171A011D222D160C18178E
:1029D800003A200C17180C17121B1016211C211670
:1029E8000F101A15123A122D101233121D1E22182A
:1029F8000C1719161916122E3017102D1810171536
:102A08001615120F102315221D15171517002C1057
:102A18001B1F011D222D160C1817003C1016210F24
:102A2800101A15121C151B2E10120C16151B0C1C37
:102A3800201F16180C1719161916122B19241912FB
:102A4800283126310C2D0C22122F12342634171D52
:102A58000C122F12382638192418192700251B158F
:102A6800190C1C201E1B012F173517003A160C12C3
:102A78001B1016210F10121C151B2E10120C1615E8
:102A88001B0C1C201F16180C1719161916120F30BC
:102A9800162E211C2100251B15190C1C201E1B019C
:102AA800233E1B361F1C1F00342C403212101A17ED
:102AB8000C1612370C17180C1A1819231916191294
:102AC8000C200C17180C17003C1A180C1B012A0CA8
:102AD80018160C1A1617401700342C403212101A08
:102AE800170C16121710161A181017151615121D8E
:102AF80010171C122A102D1517003C1A180C1B0150
:102B080038101B1A1610181500331F1F1D12181F16
:102B18002E1F121C2117101C1512281C261C0C16FF
:102B28001520102700331E361E011C1F18101C15F7
:102B380000331F2212101A170C160F0C120C201734
:102B480019161D191819120D15182E151810171504
:102B5800120F0C2B0C121A212A211A120D151712FA
:102B6800200C2419121D15371512151810122E30A5
:102B78001C1D10172900301E2D12101A180C1B01CD
:102B88000F101D0C201700413D101815221B15228F
:102B9800122C102B151B18101B1041122C102B1562
:102BA8001B18101B1012200C370C171A1016120FB6
:102BB800101D0C201819120D15182E15122E301C68
:102BC8001D10170033102F151916101910010F10AA
:102BD8001D0C201700380C2D200C161916121A1E61
:102BE80018180C160C0E0C23191210161220211A84
:102BF8001C101A122E212A12284726470C1D1D1CAC
:102C08002700281F2701161519151D1500251F1641
:102C1800170C1A15120D1F1F1D531D0C121E2A12F8
:102C2800251F231E1A124F1F1A1D0C12351F1B3782
:102C38000C161C0C1C201F161E121A0C18150D172A
:102C48001012100F1518100E101A12283210181D15
:102C58000C1243125212074D3912151C10122E1065
:102C680017101A1B102427002E27121E181D0C19C6
:102C7800011A0C16150D29003E1F181D0C42123D95
:102C8800151715221512350C18150D170C1C201FB9
:102C9800161E29123221231B10181017120C200C93
:102CA80017180C174B122A191A1B0C1A12152A1569
:102CB80016121E241E16120D0C1C2900311E161D7C
:102CC8000C41011A0C16150D29003D212A122E154A
:102CD80017152215122D1F181D0C42191230182A0B
:102CE800211B12201F231E16181E231E161E121C1F
:102CF800191A121D1E1D2900281F2701230C180D43
:102D08001016101815003B200C16191A121D1E1D3E
:102D18001B0C120F0C170D101C15161516121D1072
:102D28001D151A1810161B100F10161230160E103B
:102D38001A15122E100E151A1B10121C2117101C12
:102D480015122849120429071C2700281F271223B7
:102D58000C180D101C150128100E151A19101C1529
:102D6800003B200C16191A121D1E1D1B0C120F0CED
:102D7800170D101C15121C2117101C1512284912AA
:102D88000407021B1C2700281F2712230C180D10EC
:102D98001C1501211F18101C150033211D211612A6
:102DA8000C200C17180C1719121C19111917180CCC
:102DB800170025200C18160C1817011C17111718C6
:102DC800160C002315163F01122638121212121281
:102DD80012261F181A271000430C1A191819122B3B
:102DE8000C2D200C121E0E1E121D21172116211249
:102DF8001C102A1516002E27011D1F181F00310C44
:102E0800181C0C2017160C1B01191E0F0023151B6C
:102E18000C19151A011A0C2A0C161700281F321043
:102E28001B161501191E0F00391D1E190C1D151A28
:102E3800010C163617160C00262103020201331E58
:102E48001B36002B151B1001212F1E181D002B26C9
:102E580021010402020026210A0201004730240150
:102E68002404030200281F270125200C18160C181B
:102E7800170033102F1519161019100125200C18DA
:102E8800160C1817002E201A22012C1E0F160C18CB
:102E980017003A2216160C1B170E170125180C20BE
:102EA8001F351F00281016152D19152D0125200C6A
:102EB80018160C18003A0C16150D180C1C201E1BA1
:102EC800011D0C190C193D002117111718160C19A2
:102ED8000C011D0C190C190025200C18160C1801D2
:102EE8002117111718160C1B0F170044321910124E
:102EF8001C101B1C3E181F011D101C2A151D12102A
:102F08000F15161019100F153D002E2130132B2305
:102F1800123B24011D101C2A151D12100F15161026
:102F280019100F153D000135362C36432C3600019B
:102F380035362C3643123A4C503500014835362C7C
:102F480036432C364800261018190C16013A0C275F
:102F58000C1A002E271D0C121A171C0C010F103208
:102F680018103D002E0E22121D0C1A171B000131DD
:102F78001016150F1016120D0C22180C1D1B0C0F15
:102F88000C161230160E10121E2A122D10121C0CBE
:102F9800371916121F0F0C121C190E0C1A181923A8
:102FA80019160F0C121F180F1E231E160F0C1612BF
:102FB800101B1516121F181E1648001A0C16150D90
:102FC800181012100F151615201E180100013A20AE
:102FD8000C17180C1719122D0C171C0C2019180C8B
:102FE80016120F1023101718101710121C19111988
:102FF80017180C1B0C1A12151C1D100F152315166B
:1030080015240F101612101B1516121B151C151659
:1030180015245100013D212A123A2400231F2D1F97
:103028001A12311E161D0C410100281518152D12F3
:10303800313F12010030101A16101910122C1E0FF1
:103048002229292901002E273F12010024152F0CBF
:10305800351219222F1D10191016101B011C0C2FC8
:103068001D103D0045002C003400310038003B00A5
:1030780025003300440000002D000000000000007F
:1030880019A3000800000000182C04002E000000FE
:1030980081C6000851AE000800000000242D07007A
:1030A8002F00000065C800088D930008000000008C
:1030B800382E0500300000000000000051A3000871
:1030C80000000000122F0500310000000000000081
:1030D800D1A00008B19700081330070032000000A3
:1030E80000000000E5A00008B197000814310700AF
:1030F80033000000B1C600088D93000800000000EE
:103108003832070000000000000000000000000046
:1031180000000000383500001F0000007D970008FF
:10312800619E0008000000000F1E0700200000003C
:1031380081A90008AD9F000800000000061F0700D5
:103148002100000000000000A9AD000800000000F8
:103158000C2007002200000000000000E19F00088A
:1031680000000000102107002300000000000000FC
:10317800BDAD00080000000019220700240000006F
:1031880000000000D1AD0008000000003723070050
:103198002500000000000000D5A200080000000083
:1031A800092407002600000000000000E9AD00081F
:1031B8009D97000808250700270000000000000070
:1031C800A5A900080000000022260700280000002A
:1031D80000000000FDAD00080000000021270700E6
:1031E8002900000000000000A9A30008000000005A
:1031F800232806002A0000000000000029AE00086D
:10320800000000000D2907002B000000000000004E
:103218003DAE0008000000000E2A07000000000074
:103228000000000000000000000000003835000029
:10323800190000000000000019A2000800000000AA
:10324800071807001A00000009970008BDA0000829
:10325800F5960008011905001B0000000000000099
:1032680039A20008F5960008021A05001C000000A3
:10327800000000009DA20008F59600080B1B050041
:103288000000000000000000000000000000000036
:103298003835000006000000B596000881A1000836
:1032A80000000000160505000700000000000000EF
:1032B800A1A10008000000000A060700080000009D
:1032C8000000000095A00008000000001B07060091
:1032D8000900000000000000A9A00008000000008C
:1032E8001A0806000A00000000000000E5A1000816
:1032F8000000000011090700350000000000000070
:10330800699F000821960008363405000000000077
:103318000000000000000000000000003835000038
:1033280001000000000000000DA0000800000000DF
:103338000300060002000000000000004DA0000885
:10334800A196000804010500040000000000000028
:1033580065A1000800000000200306000500000029
:1033680000000000259F000800000000260404005B
:103378000000000000000000000000000000000045
:103388003835000000000000000000000A010000BD
:103398000A0000000A0200001400000002030000F6
:1033A8001E000000F203000028000000DC040000FA
:1033B80032000000C10500003C000000A10600002A
:1033C800460000007D07000050000000570800007C
:1033D8005A0000002F09000064000000060A0000DF
:1033E8006E000000DC0A000078000000B20B00004C
:1033F80082000000890C00008C000000620D0000B3
:10340800960000003C0E0000A0000000190F00000C
:10341800AA000000F80F0000B4000000DA10000055
:10342800BE000000C0110000C8000000A912000082
:10343800D200000096130000DC0000008714000092
:10344800E60000007C150000F00000007616000081
:10345800FA0000007317000004010000751800004E
:103468000E0100007B19000018010000851A0000F9
:1034780022010000931B00002C010000A41C000086
:1034880036010000B91D000040010000D11E0000F7
:103498004A010000EB1F0000540100000821000051
:1034A8005E0100002622000068010000462300009B
:1034B80072010000672400007C01000087250000DD
:1034C80086010000A826000090010000C727000020
:1034D8009A010000E4280000A4010000FE29000071
:1034E800AE010000152B0000B8010000282C0000D8
:1034F800C2010000352D0000CC0100003B2E000069
:10350800D60100003B2F0000E00100003130000030
:10351800EA0100001F310000F4010000000000FC77
:10352800000000000000000010DC3713010000005C
:1035380000000000FF000000000000000001000083
:103548000000000000000080C0DFC0800000000014
:103558000000000000000000000000000307350420
:103568000300000000000000000000000000000050
:10357800000000FC00000000000080E0FC7F1F0F3E
:1035880007010000000000007F00000000000203A7
:1035980083733F0F070100000000000E1FD7130EB2
:1035A8000000000002010000000000000000000010
:1035B80000003F00000000000000000000000000C4
:1035C8000000000000C0E0EC60C000000080F0FCDB
:1035D800FFFF7F3F1F07030100000103FA020100FC
:1035E800080E0F8FEFFF7F3F1F0703010000000049
:1035F80000FF00000000080E0FCFFD3C1C04000077
:103608000000000000003F00000000100C03010053
:1036180000000000000000000000000000000000A2
:10362800000000008060F8FCFC7C1800000000002E
:1036380000000000008060E8E2F87E1F070100003B
:103648000000000000000000806615070F07010059
:103658000000000000000000000020180601000023
:103668000000000000000000000000000000000052
:1036780000000000000000008060F8FCFC7C1800DE
:103688000000000000000000008060E8E2F87E1FF3
:103698000701000000000000000000008066150718
:1036A8000F0701000000000000000000030C2018B4
:1036B80006010000000000000000000000000000FB
:1036C8000000000000000000000000008060F8FC1E
:1036D800FC7C18000000000000000000008060E88A
:1036E800E2F87E1F0701000000000080C8F000001B
:1036F800806615070F0701000000000000000000A9
:10370800030D201806010000000000000000000062
:1037180000000000000000000000000000000000A1
:103728000000000000000000000000000000000091
:103738000000000000000000000000000000000081
:10374800000000606060E0E0C000000000000000D1
:1037580000000000000000000C1E1F1B19180000CC
:103768000000000000000000000000000000000051
:103778000000000000000000000000000000000041
:10378800000000000000000000081C1C9CDCFCFC81
:1037980038000000000000606060E0E0C000183EF3
:1037A8003F3F3B3938100000000000000C1E1F1B73
:1037B80019180000000000000000000000183C3C40
:1037C8003C3CBCFCFCFC7800000000000000000051
:1037D8000000E0F8FCFEDFCFC7C3C18000081C1C56
:1037E8009CDCFCFC38000001030303636363E3E330
:1037F800C100183E3F3F3B39381000000000000070
:103808000C1E1F1B1918000000000000000000001B
:1038180000187408447C107C10784408483C6808F8
:1038280074107C08000060C06080E040E020E00088
:1038380000F8048404040404F800000000000000F8
:10384800000000000000C3242424242424C3000012
:1038580004030407050007020400001F202020209D
:1038680020201F0000187408447C107C107844083D
:10387800483C680874107C08000060C06080E04024
:10388800E020E00000F8048404040404F8000000C8
:1038980000000000000000000000C32424252424A8
:1038A80024C3000004030407050007020400001FE6
:1038B8002020202020201F0000187408447C107C41
:1038C80010784408483C680874107C08000060C000
:1038D8006080E040E020E00000F8048404C4340480
:1038E800F800000000000000000000000000C324F1
:1038F8002425242424C30000040304070500070228
:103908000400001F2020202020201F000000FC00B1
:103918000000E0F07430E000001000F0000000F05B
:10392800000000FF0000000001FD01000000000091
:103938000000030003000080BF8000000000FF00BB
:103948000000F00804044444444850070F2B0907BA
:103958000000003F00000001020404040404020106
:10396800E0F07430E0000000FC00000000F00010FF
:1039780000C00030000001FD01000000007F0000D1
:10398800000000000300030002000000FF00000028
:103998000E1FD7130E00F0080404C4040408F00036
:1039A800003F00000000003F000000010204000783
:1039B800000402010000FC0000000000FC00000000
:1039C80000C0001000F000C0000000FF0000000070
:1039D80000FF00000000000000000300000070F875
:1039E800BB9870000080BF800000F00804044424E5
:1039F8001008E000003E000000070F2B0907000137
:103A08000204040404040201000000000080C0E075
:103A1800F0707838381C1C1C1C1C1C383878F0F0E6
:103A2800E0F0FC00000000000000E0FCFF1F0701C0
:103A38000000000000000000000000020203030371
:103A4800030303E0E0E000000000071F9F988000E8
:103A580000000000808080000000000000000000DE
:103A680080E0F8FF3F07000000000E112020201121
:103A78000A040A11202020110E00001C1C1E0E0F23
:103A88000703010000000000000000000080C0E003
:103A9800F0707838381C1C1C1C1C1C383878F0F066
:103AA800E0F0FC00000000000000E0FCFF1F070140
:103AB80000000000000000000000000202030303F1
:103AC800030303E0E0E000000000070707203038A8
:103AD800FCFC0000000000000000000000000000E6
:103AE80080E0F8FF3F070000000000000000000031
:103AF8003F3F0000003838383838381C1C1E0E0F7D
:103B08000703010000000000000000000080C0E082
:103B1800F0707838381C1C1C1C1C1C38387870F065
:103B2800E0C08000000000000000E0FCFF1F07016B
:103B380000000000000080C0E0F0F87C3E1E0C0091
:103B480001071FFFFCE000000000073FFFF8E080CE
:103B58000030787C3E1F0F070301000000000000C2
:103B680080E0F8FF3F0700000000000000010307A5
:103B78000F0E1E1C1C3838383838381C1C1E0E0F07
:103B88000703010000000000000000000000000022
:103B980001020304060708090A19010859FB00086D
:103BA800FFFF00000000000000020000B802002033
:103BB800540200201219010839CA00080000000048
:103BC80000000000000200001C0B0020B80A0020C2
:103BD8001A19010891C10008010000000000000046
:103BE80000010000801300201C1300202219010886
:103BF8007D00010803000000000000000002000032
:103C0800E41700208017002000000000000080401A
:103C1800201008040402020201010101010101014E
:103C2800010101010101010101010101010101017C
:103C38000202020404081020408000000000000076
:103C480000000000F00E010000000000000000006D
:103C5800000000000000000000000000000000005C
:103C6800000000000000000000000000000000004C
:103C780000010EF000000000000000000F7080003E
:103C8800000000000000000000000000000000002C
:103C9800000000000000000000000000000000001C
:103CA80000000000000000000080700F000000000D
:103CB80000000000000001020408102020404040DD
:103CC80080808080808080808080808080808080EC
:103CD80080808080808080804040402020100804C0
:103CE80002010000000000000001010203040405B5
:103CF8002B00002B400215780011400012C8001359
:103D08004700149C002D11002E01002B12000E10EC
:103D1800000F03002A1900A01700A10800A26000E4
:103D2800A30800A40200A56200B47E00B62800B76C
:103D38004000B07E00B22800B340000F0300100D11
:103D480000110000130000200A0021800016400026
:103D58002C2700A03700A10000A26000A30800A43F
:103D68000200A56200B47E00B62800B74000B07E0D
:103D780000B22800B34000206700210000220000A4
:103D8800234800240400250000347E00362800372C
:103D98004000307E0032280033400010080111092D
:103DA800010F01002C400016400000000000000038
:103DB800804020100804040202020161E1C181016F
:103DC8000101010101010101010101010181C1E1BB
:103DD8006101020202040408102040800000000073
:103DE800000000000000F00E010080808040C0400C
:103DF800E000E060E061E367CE1C3870E0C080203E
:103E080070389CCE0743C140C040C040C040A0703D
:103E1800F00000010EF000000000000000000F702C
:103E28008000000000010001020003020082C0E2DD
:103E380070381C0E040103070E1C3871E0C18001A4
:103E4800000100010001020407000080700F00005B
:103E580000000000000000000102040810202040BB
:103E680040408086878381808080808080808080B9
:103E78008080808080818387868040404020201019
:103E8800080402010000000000000000000000001B
:103E9800804020100804040202020101710101019E
:103EA8000101010101F10101010101010101F1011A
:103EB80001010202020404081020408000000000F2
:103EC800000000000000F00E0100000000000000EB
:103ED80000000E1FD7130E000000000000FF0000B6
:103EE8000000000080C0DFC080000000000000006B
:103EF800000000010EF000000000000000000F703C
:103F0800800000000000000000000000FF0000002A
:103F1800000000387C5D4C38000000000307F50401
:103F2800030000000000000000000080700F000087
:103F380000000000000000000102040810202040DA
:103F4800404080808F80808080808080808F8080CB
:103F58008080808080808F8080804040402020103A
:103F6800080402010000000000000000000000003A
:103F7800804020100804040202020101010101012D
:103F88000101010101010101010101010101010119
:103F98000101020202040408102040800000000011
:103FA800000000000000F00E010000000010E0001A
:103FB8000088700000887000000000000000000009
:103FC80000000000000000000000000000000000E9
:103FD800000000010EF000000000000000000F705B
:103FE800800000405E41A060A77020F037703070FC
:103FF800307030703050305030503050E000A06099
:10400800A060A060A060A050B8380080700F0000C9
:1040180000000000000000000102040810202040F9
:104028004041808181808180818081808180818000
:10403800818081808080808080804040402028115D
:104048000804020100000000000000000000000059
:1040580000C0300C02F1F1F1020C30C00000000089
:104068000000000000C0B08C8380808080B3B3B3B0
:1040780080808080838CB0C00000E0F0BFF0E0005A
:104088000000000000FF0000000000000000FF002A
:10409800000001FF01000000000080C0FFC0800098
:1040A800000000387CEF7C380000FF0000000000B2
:1040B800000307FE0703000000000000FF00007077
:1040C800F8DFF870000000000000FF0000000000AA
:1040D800000000FF00000000FF000000000000C01A
:1040E800E07FE0C0000000001C3EF73E1C0000FF1F
:1040F8000000000000000103FF03010000000000B1
:1041080000FF0000387CEF7C38000000000000FF52
:104118000000000000000000FF00000000FF000099
:1041280000000000E0F0BFF0E0000000000E1FFB00
:104138001F0E0000FF0000000000000001FF01004A
:10414800000000000000FF000070F8DFF8700000B9
:1041580000000000FF0000000000000000FF000059
:104168000000FF000000000000C0E07FE0C0000089
:1041780000001C3EF73E1C0000FF0000000000008D
:104188000103FF0301000000000000FF0000E0F051
:10419800BFF0E0000000000000FF00000000000089
:1041A8000000FF00000001FF01000000000080C0C7
:1041B800FFC08000000000387CEF7C380000FF0062
:1041C80000000000000307FE0703000000000000D5
:1041D800FF0000C0E07FE0C0000000000000FF001A
:1041E80000000000000000FF00000103FF030100C1
:1041F8000000000080FF80000000000070F8DFF879
:10420800700000FF000000000000070FFD0F07000E
:104218000000000000FF000080C0FFC08000000018
:10422800000000FF0000000000000000FF00000385
:1042380007FE0703000000000000FF000000000068
:1042480000E0F0BFF0E00000FF0000000000000EFA
:104258001FFB1F0E000000000001FF0100C0E07FEF
:10426800E0C0000000000000FF00000000000000A7
:1042780000FF00000103FF0301000000000080FFB1
:1042880080000000000070F8DFF8700000FF0000F8
:1042980000000000070FFD0F07000000000000FFEE
:1042A8000000FFFFFF8044FFFFFF221CFFFFFF1CF1
:1042B8000101010100010101000001010100834425
:1042C80038000083443800008344380001000000AF
:1042D80000010000000001000000C1221C0000C114
:1042E800221C0000C1221C00010000000001000087
:1042F800000001000000E0110E0000E0110E0000B7
:10430800E0110E00000100000000010000000001A3
:104318000000708807000070880700007088070098
:104328000000010000000001000000000100384406
:1043380083000038448300003844830000000100F3
:10434800000000010000000001001C22C100001C48
:1043580022C100001C22C100000001000000000171
:104368000000000001000E11E000000E11E0000046
:104378000E11E00000010000000001000000000133
:104388000000078870000007887000000788700028
:1043980001000000000100000000010000000E0AFA
:1043A8000E00000000000080C0E0F0F8FCFCFEFEFB
:1043B800FEFFFFFFFFFFFFFFFFFFFFFFFFFFFFFF06
:1043C800FFFFFFFFFFFFFFFFFFFEFEFEFCFCF8F014
:1043D800E0C08000000000000000000000F0FEFFC8
:1043E800FFFFFFFFFFFFFFFFFFFFFFFFFFFFFFFFD5
:1043F800FFFFFFFFFFFFFFFFFFFFFFFFFFFFFFFFC5
:10440800FFFFFFFFFFFFFFFFFFFFFFFEF0000000C1
:1044180000000000000F7FFFFFFFFFFFFFFFFFFF0F
:10442800FFFFFFFFFFFFFFFFFFFFFFFFFFFFFFFF94
:10443800FFFFFFFFFFFFFFFFFFFFFFFFFFFFFFFF84
:10444800FFFFFF7F0F0000000000000000000001D8
:1044580003070F1F3F3F7F7F7FFFFFFFFFFFFFFF28
:10446800FFFFFFFFFFFFFFFFFFFFFFFFFFFFFFFF54
:10447800FF7F7F7F3F3F1F0F070301000000000001
:104488000000000000000080402010080404020220
:10449800020161E1C1810101010101010101010183
:1044A8000101010181C1E161010202020404081055
:1044B80020408000000000000000000000F00E0115
:1044C8000080808040C040E000E060E061E367CEAB
:1044D8001C3870E0C0802070389CCE0743C140C0B3
:1044E80040C040C040A070F00000010EF000000085
:1044F80000000000000F70800000000001000102B1
:104508000003020082C0E270381C0E040103070E8B
:104518001C3871E0C180010001000100010204079C
:10452800000080700F000000000000000000000183
:1045380002040810202040404080868783818080C4
:104548008080808080808080808080808183878652
:1045580080404040202010080402010000000000B4
:10456800000000000000008040201008040402023F
:10457800020101710101010101010101F1010101C2
:104588000101010101F10101010202020404081004
:1045980020408000000000000000000000F00E0134
:1045A8000000000000000000000E1FD7130E0000DE
:1045B80000000000FF00000000000080C0DFC08095
:1045C80000000000000000000000010EF0000000E4
:1045D80000000000000F70800000000000000000D4
:1045E800000000FF000000000000387C5D4C38002F
:1045F8000000000307F504030000000000000000AD
:10460800000080700F0000000000000000000001A2
:1046180002040810202040404080808F80808080E5
:10462800808080808F80808080808080808F808064
:1046380080404040202010080402010000000000D3
:10464800000000000000008040201008040402025E
:104658000201010101010101010101010101010141
:104668000101010101010101010202020404081013
:1046780020408000000000000000000000F00E0153
:104688000000000010E00000887000008870000042
:104698000000000000000000000000000000000012
:1046A80000000000000000000000010EF000000003
:1046B80000000000000F70800000405E41A060A76D
:1046C8007020F037703070307030703050305030AB
:1046D800503050E000A060A060A060A060A050B87A
:1046E800380080700F00000000000000000000018A
:1046F800020408102020404041808181808180810F
:10470800808180818081808180818080808080809C
:1047180080404040202811080402010000000000E9
:10472800000000000000008040201008040402027D
:10473800020161E1C18101010101010101010101E0
:104748000101010181C1E1610102020204040810B2
:1047580020408000000000000000000000F00E0172
:104768000080808040C040E000E060E061E367CE08
:104778001C3870E0C0802070389CCE0743C140C010
:1047880040C040C040A070F00000010EF0000000E2
:1047980000000000000F708000000000010001020E
:1047A8000003020082C0E270381C0E040103070EE9
:1047B8001C3871E0C18001000100010001020407FA
:1047C800000080700F0000000000000000000001E1
:1047D8000204081020204040408086878381808022
:1047E80080808080808080808080808081838786B0
:1047F8008040404020201008040201000000000012
:10480800000000002A1901082D19010830190108B3
:10481800301901083319010837190108401901082E
:10482800451901084F190108581901085F190108AD
:10483800661901086D190108721901087D19010826
:104848008D19010891190108981901089F19010883
:10485800F2180108FA180108AB190108B319010880
:10486800BB190108C3190108CB190108021901086D
:10487800D3190108DB190108E3190108EB1901082C
:10488800283301089C320108383201082031010818
:10489800803001080000000000000000CDA40008DE
:1048A8000000000038350000000000000000000093
:1048B800D3A4000800000000383500000000000004
:1048C80000000000D9A400080000000038350000EE
:1048D8000000000000000000DFA400080000000045
:1048E800383500000000000000000000E5A40008C2
:1048F8000000000038350000000000001F03010818
:1049080021030108CD03010838350000000000002C
:104918000000000000000000000000003835000022
:104928000000000001020304503E28000572000048
:10493800A0700200226F04008A6D0600D76B080081
:104948000A6A0A0024680C0023660E000A64100034
:10495800D9611200915F1400335D1600C25A180025
:104968003F581A00AD551C000D531E00635020001F
:10497800B04D2200F84A24003D4826008145280011
:10498800C8422A0014402C00BD3E2D00F80C040437
:104998000707070704040CF8FF00000000000000E8
:1049A800000000FFFF00000000000000000000FF02
:1049B8007FC0C0C0C0C0C0C0C0C0C07FF80C040465
:1049C8000707070704040CF8FF00000000000000B8
:1049D800000000FFFF00000000000000000000FFD2
:1049E8007FC0DCDCDCDCDCDCDCDCC07FF80C040455
:1049F8000707070704040CF8FF0000000000000088
:104A0800000000FFFF00808080808080808000FFA1
:104A18007FC0DFDFDFDFDFDFDFDFC07FF80C04040C
:104A28000707070704040CF8FF0000000000000057
:104A3800000000FFFF00E0E0E0E0E0E0E0E000FF71
:104A48007FC0DFDFDFDFDFDFDFDFC07FF80C0404DC
:104A58000707070704040CF8FF0000000000000027
:104A6800000000FFFF00FCFCFCFCFCFCFCFC00FF61
:104A78007FC0DFDFDFDFDFDFDFDFC07FF80C0404AC
:104A88000707070704040CF8FF00000000000000F7
:104A9800000000FFFF00FFFFFFFFFFFFFFFF00FF19
:104AA8007FC0DFDFDFDFDFDFDFDFC07FF80C04047C
:104AB8000707070704040CF8FF00C0C0C0C0C0C047
:104AC800C0C000FFFF00FFFFFFFFFFFFFFFF00FF69
:104AD8007FC0DFDFDFDFDFDFDFDFC07FF80C04044C
:104AE8000707070704040CF8FF00F8F8F8F8F8F8C7
:104AF800F8F800FFFF00FFFFFFFFFFFFFFFF00FFC9
:104B08007FC0DFDFDFDFDFDFDFDFC07FF80C04041B
:104B18000707070704040CF8FF00FEFEFEFEFEFE72
:104B2800FEFE00FFFF00FFFFFFFFFFFFFFFF00FF8C
:104B38007FC0DFDFDFDFDFDFDFDFC07FF80C8484EB
:104B48008787878784840CF8FF00FFFFFFFFFFFF3C
:104B5800FFFF00FFFF00FFFFFFFFFFFFFFFF00FF5A
:104B68007FC0DFDFDFDFDFDFDFDFC07FF80CE4F4EB
:104B7800F7F7F7F7F4E40CF8FF00FFFFFFFFFFFF7C
:104B8800FFFF00FFFF00FFFFFFFFFFFFFFFF00FF2A
:104B98007FC0DFDFDFDFDFDFDFDFC07F0018242437
:104BA80018C040404040000000000000003F0202E2
:104BB8000200000000182424188040202020000053
:104BC800000000000007081010100000000020304E
:104BD80038FCFEFC3830200000000000007F7F7F9A
:104BE8000000000000F0080E020202020E08F000A9
:104BF800003F40404040404040403F0000F0080E29
:104C0800020202020E08F000003F4050505050507F
:104C180050403F0000F0080E020202020E08F000A9
:104C2800003F40585858585858403F0000F0080E68
:104C3800020202020E08F000003F405C5C5C5C5C13
:104C48005C403F0000F0080E020202020E08F0006D
:104C5800003F405E5E5E5E5E5E403F0000F0080E14
:104C6800020202020E08F000003F405F5F5F5F5FD4
:104C78005F403F0000F0088E828282828E08F0003A
:104C8800003F405F5F5F5F5F5F403F0000F008CE1E
:104C9800C2C2C2C2CE08F000003F405F5F5F5F5FE4
:104CA8005F403F0000F008EEE2E2E2E2EE08F000CA
:104CB800003F405F5F5F5F5F5F403F0000F008EECE
:104CC800E2F2F2E2EE08F000003F405F5F5F5F5FF4
:104CD8005F403F0000F008EEE2FAFAE2EE08F0006A
:104CE800003F405F5F5F5F5F5F403F00000038C488
:104CF8000038C40038C4000000383A39383A393826
:104D08003A3910100060E0FEE0E0E0E0FEE060000C
:104D18000000000103FFFF0301000000FC02020283
:104D280002020282621A02FC3F4042464C58464147
:104D38004040403FFC02020202020202020202FC60
:104D48003F404040404040404040403FFF14FEA1AB
:084D5800798100081917010818
:044D60005181000875
:104D64008D00000001000000CC020500400100009D
:104D7400CC020500960000000F00010005000000B1
:104D840004000100000018002600010021005A0060
:104D94008C0002005A000000020001000200000022
:104DA40009000100070000000100010001000000EB
:104DB40003000100020000000300010000000000E5
:104DC4003C0001000A000000010001000000000096
:104DD40001000100000000000100010000000000CB
:104DE40000000100000000000100010000000000BC
:104DF4000200010000000000630001000500010042
:104E0400090001000400010009000100010068011B
:104E140084030100BC020000CC020A007C0164008F
:104E2400C4090100840300006400050000000000C0
:104E340001000100000005005A0005000A000100FD
:104E44003200010001000000090001000700000019
:104E5400090001000000000009000100000000003A
:104E6400FFFF0000D7A10000320001001400000081
:104E74000100010000000100650019001900000094
:104E84000600010001000000010001000000000014
:104E94000100010000000000020001000000010008
:104EA4000500010004000000CC0205005A000100C6
:104EB4000A00010001000000CC02050082000A0083
:104EC400B40005005A000000CC0205008C000A0062
:104ED400B40005001E000000CC020500A5000A0075
:104EE400B40005001E000000CC0205008C000A007E
:104EF400B40005001E000000CC0205005A000A00A0
:104F0400B40005001E0001000A00010002000000B8
:104F14000C0001000000000003000100000000007C
:104F24000100010000000000FFFF000080AE0080CF
:104F3400D50080520080A800801F0080C00080D36C
:104F44000080300080400080A000808D008014002C
:104F540080DA0080120080810080000080D9008007
:104F6400F10080DB0080300080A40080A600802057
:104F74000080000080AF00000D0000000090D0030E
:104F8400AAAAAAAA010000006400000012121213C7
:044F94008000000099
:0400000508008199D5
:00000001FF
