:020000040800F2
:108000000050002099810008E1810008E18100080A
:10801000E1810008E1810008E18100080000000022
:1080200000000000000000000000000021B7000870
:10803000E18100080000000051B7000895B7000872
:10804000E1810008E1810008E1810008E181000888
:10805000E1810008E1810008E1810008E181000878
:10806000E1810008E1810008E1810008C9B700084A
:10807000E1810008E1810008E1810008E181000858
:10808000E1810008E1810008E9B80008E181000809
:10809000E1810008E1810008E1810008A9BA000837
:1080A000E1810008C9BD0008E1810008E181000804
:1080B000F5BD0008D5BD000811BE0008E18100082B
:1080C000E1810008E1810008E1810008E181000808
:1080D000E1810008E1810008E1810008E1810008F8
:1080E000E1810008E1810008E18100080000000052
:1080F0000000000000000000000000000000000080
:0C81000000000000000000005FF8E0F14B
:108110000348044B834202D0034B03B11847704716
:108120003402002034020020000000000548064B05
:108130001B1AD90F01EBA301491002D0034B03B165
:10814000184770473402002034020020000000006D
:1081500010B5064C237843B9FFF7DAFF044B13B18F
:108160000448AFF300800123237010BD38020020C3
:1081700000000000F008010808B5044B1BB10449D9
:108180000448AFF30080BDE80840CFE700000000DE
:108190003C020020F0080108002103E00B4B5B5873
:1081A000435004310A480B4B42189A42F6D30A4A0C
:1081B00002E0002313600432084B9A42F9D303F023
:1081C000FFFC08F039FB04F085FDFEE7E837010805
:1081D000000000203402002038020020B4310020CA
:1081E000FEE7FEE706480068006880F3088862B68C
:1081F00061B6BFF34F8FBFF36F8F00DF00BF00008A
:1082000008ED00E04FF0500383F31188BFF36F8F48
:10821000BFF34F8FFEE7000008B54FF0500383F324
:108220001188BFF36F8FBFF34F8F074A1368013375
:10823000012B136007D14FF0E023D3F8043DDBB2EC
:108240000BB1FFF7DFFF08BD28020020054A08B583
:1082500013680BB9FFF7D6FF013B13600BB983F32B
:10826000118808BD2802002008B5EFF305830F2B05
:1082700007D90E4A9B5C0E4A12789A4201D9FFF741
:10828000C1FF4FF0E0230B4AD3F80C3D126803F412
:10829000E063934208D94FF0500383F31188BFF392
:1082A0006F8FBFF34F8FFEE708BD00BFF0E300E024
:1082B000703100206C310020002337B50268019333
:1082C0009368DB0702D5002003B030BD93681249E4
:1082D00043F001039360114B1B68B3FBF1F301936F
:1082E000019BABB90E4C2568936813F00103EAD1EA
:1082F0002168491B0229F7D9826A80F8243042F0AC
:1083000010028262C26A42F00102C2620120DBE70F
:10831000019B013BE3E700BF40420F002402002025
:10832000602F0020036810B59A68D10701D400209F
:1083300010BD9A680A4922F001029A600C689A6896
:10834000D207F4D50A68121B022AF8D9836A43F0CF
:1083500010038362C36A43F00103C3620120E7E7AD
:10836000602F0020436A9A6A12F0500F18D19A6A5F
:1083700042F400729A621A68926802F46022B2F5BE
:10838000602F10D1DA6872B99A6A22F480729A6208
:108390009A6AD20407D49A6A42F001029A6270473C
:1083A0001B6A1B6B18477047002337B5019390F881
:1083B00024300446012B5FD0012380F82430FFF7DE
:1083C000B1FF0546002839D1A36A2C4823F488530D
:1083D00023F0020343F00203A362294B1A68294BDE
:1083E00059685B68C1F3C221415CC3F38133013337
:1083F00022FA01F15B00B1FBF3F3B2FBF3F252009E
:108400000192019BF3B92046FFF756FF23689A6853
:1084100042F008029A601C4A10689968090715D44E
:10842000996841F0040199601068996849071ED461
:10843000A36A23F0030343F00103A362002384F83B
:10844000243011E0019B013B0193DAE71168091A1E
:108450000A29E2D9A36A012523F0120343F010038D
:10846000A362002384F82430284603B030BD11688D
:10847000091A0A29D9D9EDE70225F5E7703701086D
:108480002402002000100240602F002010B590F858
:1084900024300446012B3DD0012380F82430FFF71F
:1084A0000BFF00283FD1A36A214A23F4405323F055
:1084B000010343F48053A3622368934205D1A2F5DC
:1084C0008062526812F4702F25D1A26A22F48012C1
:1084D000A262A26A12F4807208BFE262002284F8EB
:1084E00024206FF004021A605A68520512D49A6868
:1084F00002F4E042B2F5E04F11D10D4A934205D1AA
:10850000A2F58062526812F4702F08D19A6842F482
:1085100002129A6010BDA26A42F48012D8E79A68EB
:1085200042F40042F5E7002384F82430F2E700BF6C
:108530000028014090F82430F0B5012B63D00123CE
:108540001F2680F824300F694D680368EC1B04EB8C
:108550008404BD4204F10F040A6806FA04F69ABFC7
:10856000D3F838C002FA04F49C6B46F440169FBF5F
:1085700007F1FF3744EA07542CEA0606344388BF64
:10858000B4439C639C68E40707D49C68CE6924F4D8
:10859000E04424F0010434439C608E69012E0CD128
:1085A000CC69B4F5E04F0BBF5C68846A44F4806426
:1085B00044F020040CBF5C6084624C69012C04D13F
:1085C00016BB5C6844F480545C60092A8E6820D92C
:1085D00007270A3ADC6802EB4202974024EA0704C4
:1085E00006FA02F22243DA60022DCC6816491BD04B
:1085F000032D1ED0012D21D15A690A4022435A6110
:10860000002380F82430F0BD846A44F020048462A2
:10861000DBE707271C6902EB4202974024EA0704C4
:10862000964034431C61DFE79A690A4022439A610D
:10863000E6E7DA690A402243DA61E1E71A6A0A40AA
:1086400022431A62DCE700BF00F0FFFF114B10B5B8
:10865000DB684FF0FF34C3F30223DA1E042A86BF1F
:1086600004230022C3F1070304FA03F3002821EADC
:108670000301ACBF00F16040074B01FA02F14FEA81
:108680000111B5BF00F00F0000F56140195480F8EA
:10869000001310BD00ED00E014ED00E0054B1A6979
:1086A000120605D5044A5A6002F188325A601B69E5
:1086B000704700BF002002402301674510B54CF20F
:1086C00050342049204B0868DA68D20733D4DA687E
:1086D000910644BF2022DA60DA68D20606D4DA694D
:1086E000D40703D4D86810F0040023D0164AD36806
:1086F00013F0100305D01549CB6943F00203CB6199
:108700001023D268500706D5104943F00403CA6904
:1087100042F00102CA610C4AD169C90708D50B4869
:10872000C16941F00401C161D16921F00101D16148
:108730000120D36010BD0A68121AA242C4D90320D6
:10874000F8E700BF602F002000200240402F0020EB
:108750002DE9F74F00244FF0010826464FF00F0E89
:10876000DFF890C1644B0A6808FA06F707EA0205C9
:1087700037EA020240F084804A68032A00F0B080A1
:1087800010D8012A00F0A180022A00F0A3808A6894
:10879000002A00F0A780012A4FF008040CBF0761EF
:1087A000476106E0122A00F0988070D8112A00F084
:1087B0008E80FF2D92BF814600F10409A6F10802C8
:1087C000D9F8007094BFB20092000EFA02FA27EABC
:1087D0000A0704FA02F21743C9F80070D1F80490AE
:1087E00019F0805F4CD0DCF8182026F0030742F027
:1087F0000102CCF81820DCF8182007F1804702F0BD
:108800000102019207F5803706F0030A019A4FEA48
:108810008A0ABA680EFA0AFB22EA0B0B374A904220
:1088200062D002F58062904260D002F58062904290
:108830005ED002F58062904214BF0422032202FA45
:108840000AF242EA0B02BA601A6819F4803F14BFB8
:108850002A43AA431A605A6819F4003F14BF2A43F6
:10886000AA435A609A6819F4801F14BF2A43AA4386
:108870009A60DA6819F4001F14BF2A43AA43DA6029
:108880000136102E7FF46FAF03B0BDE8F08FDFF834
:1088900070904A453FF47BAF0FD8A9F580194A453F
:1088A0003FF475AF09F570294A453FF470AFA9F55B
:1088B00080194A453FF46BAF7BE7DFF848904A45A3
:1088C0003FF465AF09F58039F3E7CC6871E7CC6810
:1088D00004346EE7CC6808346BE7CC680C3468E786
:1088E000002466E7042464E70022A8E70122A6E743
:1088F0000222A4E7001002400004014000080140E9
:10890000000022100000311070B5826A044686B063
:10891000002A39D10168654BC262994280F824204F
:1089200003F56C43996940F0848041F400719961CA
:108930009B695F4903F400730293029B5D4B4FF404
:108940008075C3E9001280214FF4806CC3E90315E0
:108950002021C3E905C14FF4805157481A649A6039
:10896000D9618168D8636FF30D1141F4AD51816015
:108970009A631D8423625C620F211220FFF766FE5A
:108980004FF480224D4B1A602046FFF7CBFCA36AC0
:1089900013F0100340F08680002840F08380A26A24
:1089A000616822F4885222F0020242F00202E06979
:1089B000A568A262E2680143B5F5807F41EA420101
:1089C00059D06E1E7042704100026669012E07D1B7
:1089D000002A52D1A269013A40EA423242F40060D0
:1089E0002268B5F5807F566826F4694640EA06009D
:1089F00050609668324806EA000040EA0100906044
:108A000001D0012D02D12369013B1B05D06A20F45E
:108A100070000343D36292682A4B1340994235D1C8
:108A20000023E362A36A23F0030343F00103A3627C
:108A300036E041F4806199619B69032503F480630A
:108A40000193019B082320480DEB03010492CDE91B
:108A50000235FFF77DFE1023CDE90235FFF778FEE2
:108A60000423CDE90235FFF773FE4023CDE902353B
:108A7000FFF76EFE80E72846A7E7A26A42F02002D1
:108A8000A262E26A42F00102E262A9E7A36A23F06D
:108A9000120343F01003A362E36A43F00103E362AD
:108AA00006B070BDA36A43F01003C0E70024014084
:108AB00008000240E03000200000024000E100E039
:108AC000FDF7E1FFFE0E1FFF0008014090F83E3069
:108AD000012B22D1022380F83E3003681A6A22F06B
:108AE00001021A621A6A42F001021A620B4A9342A8
:108AF0000AD0B3F1804F07D0A2F59432934203D04D
:108B000002F58062934204D19A6802F00702062AB5
:108B100003D01A6842F001021A607047002C01402D
:108B20001A4A036890420AD0B0F1804F07D0A2F5EC
:108B30009432904203D002F58062904215D14A6887
:108B400023F070031343114A90420AD0B0F1804FD2
:108B500007D0A2F59432904203D002F58062904291
:108B600003D1CA6823F4407313434A6923F0800396
:108B7000134303608B68C3620B688362034B9842A4
:108B800004BF0B690363012343617047002C01405C
:108B90001FB590F83D30044603F0FF0200687BB932
:108BA000254B84F83C20984228D103F50333DA6939
:108BB00042F00202DA61DB6903F002030293029BD6
:108BC0000223211D84F83D30FFF7AAFF0123002076
:108BD00084F8463084F83E3084F83F3084F84030E2
:108BE00084F8413084F8423084F8433084F84430CB
:108BF00084F8453084F83D3004B010BDB0F1804FAA
:108C00000AD10E4BDA6942F00102DA61DB6903F046
:108C100001030193019BD3E7094B9842D0D103F59F
:108C20000233DA6942F00402DA61DB6903F004031B
:108C30000393039BC4E700BF000400400010024000
:108C40000008004010B590F83D30044603F0FF02E4
:108C50000BB980F83C200223206884F83D30211DA8
:108C6000FFF75EFF012384F8463084F83E3084F835
:108C70003F3084F8403084F8413084F8423084F842
:108C8000433084F8443084F8453084F83D3010BDDA
:108C9000022380F83D300368DA6842F00102DA60AE
:108CA0000B4A93420AD0B3F1804F07D0A2F5943219
:108CB000934203D002F58062934204D19A6802F095
:108CC0000702062A03D01A6842F001021A607047B0
:108CD000002C014013B500211920FFF7B7FC4FF01D
:108CE00000721B4B1B4C1A601B4B20469A6942F4C6
:108CF00000629A619A6902F400620192019A5A68CC
:108D00005A685A685A68154A12685B68144AC3F36D
:108D1000C223D25C134B1B68D340134AB3FBF2F35C
:108D2000124A013B2260636040F2E7320023E260B6
:108D30002361A360FFF72CFF94F83D30012B05D190
:108D4000204602B0BDE81040FFF7A2BF02B010BD40
:108D500000E100E024310020001002400020024029
:108D6000703701082402002040420F00002C01400F
:108D700090F83C3010B5012B21D0022380F83D3013
:108D8000036809685A689C6822F070020A435A60B6
:108D90000B4A93420AD0B3F1804F07D0A2F5943228
:108DA000934203D002F58062934202D124F0800402
:108DB0009C60012380F83D30002380F83C3010BDDA
:108DC000002C014030B50C68631C0AD103695A6855
:108DD0004A6091608B6059600368086101330360E9
:108DE00030BD00F10802134652681568A542FAD951
:108DF000EDE70369D0E901128A6051605968814248
:108E000008BF5A6000220261186801381860704774
:108E1000024A136801331360704700BFA830002076
:108E2000C36870B50BB9FFF7EDF99A6AD3E907018A
:108E30008160D8694860516803F11800814204BF1D
:108E4000196A516000219962116801391160204A44
:108E50001268002A2FD1D3E902015A69816098680B
:108E60001C1D486051681B48A14208BFD9680568AD
:108E700008BF51601168013911600121DA6A91401F
:108E8000294301601420424313498D186868986093
:108E90008668DE607460846088585D610130885047
:108EA0000E4A1168DA6ACB6A9A4285BF01200C4BE0
:108EB0000020186070BD0B4A5168D9618C681C6233
:108EC0006060886011689A6201311160E8E700BF54
:108ED000A8300020A43000201830002000300020EE
:108EE000FC2F002004300020F8B504460127FFF7CE
:108EF00093F990F84550164E6DB2002D01DD636A6E
:108F0000B3B9FF23012784F84530FFF79FF9FFF736
:108F100083F994F844500E4E6DB2002D01DD2369A3
:108F200073B9FF2384F84430BDE8F840FFF78EB9E9
:108F3000206BFFF775FF00B13760013D6DB2DCE7D4
:108F4000E069FFF76DFF00B13760013D6DB2E4E706
:108F5000FC2F002008B9054B1868026B0020135C39
:108F6000A52B01D0800870470130F8E700300020C1
:108F7000064A13681968064B19B94FF0FF321A6098
:108F800070471268D2681268F9E700BFF82E002017
:108F9000EC2E00202DE9F84F554B1B68002B40F0BC
:108FA000A080544B1C6801341C6084B9524B1A6871
:108FB00012680AB1FFF726F9504A1968106818605C
:108FC00011604F4A136801331360FFF7D1FF4D4D15
:108FD00000222B684C49A342DFF830C109D84FF07A
:108FE0001408454F4A4E3B681B689BB94FF0FF334E
:108FF0002B604848DCF8003004681420DB6A4343E7
:10900000C858012898BF002C14BF0120002010432D
:10901000BDE8F88F3B68DB68DB685868844201D2A2
:109020002860E6E7D3F81490D3E902E0CEF8080010
:10903000D3F808E0C0F804E0D9F8040003F1040E06
:10904000704504BFD868C9F80400D9F80000013899
:10905000C9F80000D3F82890B9F1000F17D0D3E970
:1090600007A0CAF80800D3F81CA0C0F804A0D9F8DB
:10907000040003F1180A504504BF186AC9F8040037
:1090800000209862D9F800000138C9F800000120DA
:10909000D3F82C90D6F800A000FA09F008FB09F9E3
:1090A00040EA0A0001EB090A3060DAF8040098602F
:1090B000D0F808B0C3F80CB0CBF804E0C0F808E072
:1090C00051F80900DCF800E00130C3F814A041F8C1
:1090D0000900D86ADEF82C30984288BF42F00102BD
:1090E00081E70D4A002013680133136090E700BF49
:1090F000A8300020642F0020F82E0020F42E00203D
:10910000302F0020EC2E00201830002000300020EE
:10911000A4300020FC2F0020F02E00202DE9F84F75
:10912000FFF77AF8514B1A6842B94FF0500383F3B6
:109130001188BFF36F8FBFF34F8FFEE71A68013AB4
:109140001A601B6823B10020FFF780F8BDE8F88F94
:10915000474A1268002AF6D09E4601264FF0140CAA
:109160004448454C454A464F464D59E0C368DB6884
:10917000D3F82880D3E90791C9F80810D3F81C90D8
:10918000C1F80490D8F8041003F11809494504BF48
:10919000196AC8F80410D8F80010C3F828E001399B
:1091A000C8F80010D3F81480D3E90291C9F8081068
:1091B000D3F80890D4F800A0C1F80490D8F80410AF
:1091C00003F10409494504BFD968C8F80410D8F868
:1091D00000100139C8F80010D3F82C8006FA08F105
:1091E0000CFB08F841EA0A0102EB080A2160DAF8F0
:1091F00004109960D1F808B0C3F80CB0CBF8049013
:10920000C1F8089052F80810C3F814A0013142F8D0
:1092100008103968D3F82C80C96A884500D92E60B7
:1092200001680029A2D10BB1FFF7A2FE164D2C68F0
:1092300044B10127134EFFF7ADFE00B13760013C8A
:10924000F9D12C600F4B1B68002B3FF47CAF0C4B0B
:109250004FF080521B684FF0E023C3F8042DBFF39A
:109260004F8FBFF36F8F01206EE700BFA830002043
:109270002C2F002004300020A430002018300020C3
:1092800000300020FC2F0020F02E0020054B1B6832
:1092900033B1054B1868B0FA80F0400940007047C0
:1092A00001207047282F0020A8300020174B2DE9FF
:1092B000F0411C68164B174D1E68174B80461F68FF
:1092C00028680430FFF795FD40B92A681349D06A31
:1092D00001220B68824023EA02030B602B68296895
:1092E00014EB08045C6001F1040104D33846BDE8C6
:1092F000F041FFF767BD3046FFF764FD084B1A6881
:10930000944238BF1C60BDE8F08100BF642F00208C
:10931000F82E002000300020F42E0020A430002081
:10932000EC2E002010B5FFF773FD174B174A1B6892
:109330001268012A08D04FF0500383F31188BFF35D
:109340006F8FBFF34F8FFEE7026889182CBF01248F
:10935000002493420FD27CB90160FFF7DFFE48B9C9
:109360004FF0E0234FF08052C3F8042DBFF34F8F2E
:10937000BFF36F8F10BD0CB98B42EDD20160C81ADC
:10938000FFF794FFE9E700BF642F0020A83000201A
:1093900038B5184CFFF73CFDFEF73EFF2368DB6D48
:1093A000FBB1FEF753FF0025FFF7B8FE55B148B9F2
:1093B0004FF0E0234FF08052C3F8042DBFF34F8FDE
:1093C000BFF36F8FFEF728FF2368D86D10B100221E
:1093D0002368DA650022236883F86020FEF736FFF1
:1093E00038BD0125236883F86050FEF72FFFFFF793
:1093F0005DFFD9E70030002000207047704714233C
:1094000070B50446002503FB0106B44201D128468D
:1094100070BDA368002BFAD0E3681BB90135ADB26B
:109420001434F2E798470028F8D1F9E70A4B588A34
:1094300080B278B1188980B260B11A89188992B265
:10944000052A94BF42F210734EF6602380B288BFA3
:1094500005385843704700BF382E002038B5114AF0
:10946000538A9BB20BB9002038BD13899BB2002BE5
:10947000F9D00D4A0D4B14681B6853EA04020FD053
:109480000B4D2968C91AFFF7D1FF8142EBD9286833
:10949000041BFFF7CBFF844294BF00200120E3E7C9
:1094A0000120E1E7382E0020D42E0020D82E002005
:1094B000642F0020074A32F83030994205D302EB7E
:1094C000C00253888B4228BF0B46034A02EB40027E
:1094D000938070470E000020382E002030B50D4BD1
:1094E0000D4D03EB40039A8805EBC004618892B2EE
:1094F0008A4203D135F830209A8006E0A288988805
:109500008C1A80B2A04201DB998030BD99880A4450
:10951000F2E700BF382E00200E0000201421D0E911
:10952000003212881B6801FB02335A6802B11047EF
:10953000187C372801D8FFF7D1BF7047012070474A
:10954000B8B91A4B5B8C9BB2834240F2523308BFCE
:109550004FF4E173154A164902EB400201EBC001DA
:109560009288898892B25B1A9A42D4BF0020012067
:109570007047162804D10D4B5B8C9BB2002BE4E79F
:10958000012809D1094B5B8C9BB2002B0CBF4FF417
:1095900096734FF41173DDE71F2804D0044B03EBDF
:1095A000C0035B88D6E70120704700BF382E00203B
:1095B0000E000020034B588980B2003818BF0120EC
:1095C000704700BF382E00200E4B198E5B8C89B27D
:1095D0009BB253B189B140F25133143189B29942EF
:1095E00088BF00211620FFF765BF49B10A3189B253
:1095F000B1F5E17F88BF1946F4E74FF4F071F1E768
:10960000FA21EFE7382E0020034B588A80B2003849
:1096100018BF0120704700BF382E00200A4BD988A0
:109620005B8C9BB243B1143189B2B1F5117F88BF15
:109630003C210120FFF73EBF0A3189B2B1F5967F88
:1096400088BF0A21F5E700BF382E00200F4A02EB41
:1096500040039B88528C9BB292B27AB103EBC30158
:109660000523B1FBF3F120310A2389B2B1FBF3F1F9
:1096700001EB8101490089B2FFF71CBF0922203BA1
:1096800003EB830393FBF2F1EEE700BF382E0020DB
:1096900008B50F20FFF722FF1620FFF7D7FF0020A5
:1096A000FFF7D4FFBDE808400120FFF7CFBF00005F
:1096B000034BD88A80B2003818BF0120704700BF22
:1096C000382E0020034B188D80B2003818BF0120BF
:1096D000704700BF382E002010B5234B98689B6858
:1096E000C0F30020C3F3802383F0010380F0010066
:1096F00040EA430010F0FF001FBF1C4B1A681C4BD0
:109700001A601C4A1378834212D180B1174B1A4A4F
:109710001B6812689B1AB3F5C87F21D30122174B2F
:1097200090421A701ED0022814BF2020082010BDBD
:1097300038B10343002013700C4B1A680E4B1A60AB
:10974000F5E70E490C784CB9012B02D0022B18BF5B
:1097500010230020107008701846EDE70346F8E764
:109760000020E4E70420E2E700080140642F002025
:10977000D42E0020FC1F0020F81F0020F41F002022
:1097800001220D4B1A6102221A610F2200BF013A19
:10979000FCD14FF400321A610F2300BF013BFCD112
:1097A0004FF48033044A13610F2300BF013BFCD107
:1097B00002231361704700BF000C01404FF40033D7
:1097C000094A13610F2300BF013BFCD10123136140
:1097D0000F2300BF013BFCD10222034B1A610F2370
:1097E00000BF013BFCD17047000C014002230A4A34
:1097F00013610F2300BF013BFCD1012313610F2331
:1098000000BF013BFCD14FF48032034B98681A61D2
:10981000C0F34000704700BF000C01400A4B80B10C
:1098200002221A610F2300BF013BFCD10123064A2B
:1098300013610F2300BF013BFCD14FF48033136150
:1098400070474FF40032ECE7000C014010B50821DE
:10985000044604F080000139FFF7E0FF11F0FF013A
:109860004FEA4404F5D10222044B1A61FFF7BEFF10
:1098700080F0010000F0010010BD00BF000C0140AD
:10988000014B1868704700BF642F0020002301229D
:1098900013B50A488DF807304468114600780DF179
:1098A0000703A04738B19DF807000138C0B2FD2872
:1098B0008CBF0020012002B010BD00BF6025002039
:1098C00010B5064C236823B9FFF7E0FF08B1012368
:1098D00023602068431E5842584110BDEC1F0020F1
:1098E00038B5FFF7EDFF024608B3144B144DB3F83B
:1098F000443095F83110E1B995F8301001F0FF00CF
:10990000A1B995F83411192915D095F834110C29FD
:1099100011D013F0FF0409D02B6998476B6CC01A63
:1099200064236343984294BF0020012038BD012086
:10993000FCE70020FAE71046F8E700BF382E0020C9
:10994000F829002013B50122446801AB0078A04734
:1099500008B19DF8040002B010BD000037B5064CF8
:109960008DF8071001220146A56820780DF1070344
:10997000A84703B030BD00BF60250020064AD2E9E9
:109980003A03834203D192F8F0008000704798BFF9
:109990000433181A704700BFF829002070B50F4C27
:1099A0001546A163226CA36B06461A4209D1A36B2C
:1099B0009A0708D5FFF7E2FF28B1236C43F00203B2
:1099C0002364304670BD6B1C84F8346002D10026DD
:1099D000E563F6E7236998470544F8E7F82900208E
:1099E000F8B59378044603F01F030D2B1D4D03D1EA
:1099F000D37813F0700332D0164685F8361085F808
:109A000035405488432124F46064548095F82D3007
:109A100028785B0203F460631C4326F8024FC4F30A
:109A20000234A400104B023464F07F02AF681A7154
:109A30000522B847334622464321AF682878B84705
:109A400004224321AC68094B2878A047BDE8F840C0
:109A50004FF0FF3240F203610120FFF79FBF85F80E
:109A60002D30F8BDF829002000000020F426010860
:109A700090F83C30F0B5012B24D00368184E1A6AD8
:109A8000B34222F001021A621A6A5D689C6924F0EE
:109A9000730444F0600416D022F0020249685D604D
:109AA0009C6159631A629A6942F008029A619A6944
:109AB00022F004029A619A6942F004029A6100233A
:109AC00080F83C30F0BDCE6822F00A02324325F423
:109AD0004075D1E905673E4322F004023543DDE7D6
:109AE000002C014070B569B947F6F8721C4B9B68B1
:109AF000C3F38F03934205D91A4A1378FF2B1CBF77
:109B000001331370184C2378F3B9184A184D1368B1
:109B10008342C8BF1060174BB9B919602B685B1A34
:109B200044F620618B420FD9134B12681B68934295
:109B30000ADD01219B1A022B217005DC094A1378EA
:109B4000FF2B1CBF5B18137070BD0B490E6886425B
:109B5000B8BF086019680029E0D12968DDE700BFB7
:109B6000242E00200C2E00207C250020D001002077
:109B7000642F00207825002074250020F8B50446C5
:109B800040B94FF0500383F31188BFF36F8FBFF3D9
:109B90004F8FFEE7016C41B14FF0500383F3118802
:109BA000BFF36F8FBFF34F8FFEE7FFF76FFBFEF73B
:109BB00033FBA26BE36B9A4280F08180226CA66B30
:109BC000002A6DD12368ABB10023626A0136A66317
:109BD000002A72D0206BFFF723F900286FD04FF0D6
:109BE000E0234FF08052C3F8042DBFF34F8FBFF333
:109BF0006F8F64E0A5681DB900230022A260E4E72E
:109C0000314B1B689D4208D04FF0500383F31188FD
:109C1000BFF36F8FBFF34F8FFEE7AB6D43B94FF0CC
:109C2000500383F31188BFF36F8FBFF34F8FFEE7AD
:109C3000E96A6A6D013B9142AB65DDD0002BDBD157
:109C40002F1D3846FFF7D5F8204930B90122E86AC0
:109C50000B68824023EA02030B606B6DD1F800C0F1
:109C6000C3F10702AA61012202FA03F040EA0C00E4
:109C700008601420EB624343154901EB030CDCF848
:109C80000400A860D0F808E0C5F80CE0CEF8047035
:109C90008760C858C5F814C01044C8501346ACE7D4
:109CA000606806F016FE6368226C1344A268636065
:109CB000934289D32368636086E7002B8FD1BDE888
:109CC000F840FEF7C3BA00BF00300020A4300020E7
:109CD00018300020482373B50193019B0446482B9C
:109CE00008D04FF0500383F31188BFF36F8FBFF399
:109CF0004F8FFEE70021019B01232060C0E90F3157
:109D0000FEF78AFAD0E90F356B4302688163D618F3
:109D10005B1B42601A44FF23C2604FF0FF3280F8A1
:109D2000443080F8453000F11803C0E90623436150
:109D3000036200F12C03C0E90A32C0E90C338660EB
:109D400001614162FEF782FA81600160C160FFF744
:109D500015FF204602B070BD014B1868FFF70EBF1B
:109D6000AC20002070B50146FFF708FE00B3114A91
:109D700089B1D2F8E83002F1680404EB43140B46D1
:109D800004F12006254603CDB542186059602C46E3
:109D900003F10803F6D1D2F8E83092F8F01001335D
:109DA00003F00303C2F8E83011B10BB982F8F030C8
:109DB00070BD00BFF829002010B51A4C88B0236C84
:109DC00003F07F432364FFF7D9FD30B9236C43F0E0
:109DD0000803236494F8360021E06846FFF7C2FFC9
:109DE0009DF8023003F01F03012BECD19DF80330E6
:109DF00003F07003002BE6D1BDF8023094F82D205B
:109E0000C3F342239342DED1013303F0070384F806
:109E10002D30236C43F00403236494F83500C0B262
:109E200008B010BDF82900202DE9F7438046DDE990
:109E30000A54894617461E4645B94FF0500383F32E
:109E40001188BFF36F8FBFF34F8FFEE744B94FF018
:109E5000500383F31188BFF36F8FBFF34F8FFEE77B
:109E600064230193019A9A4208D04FF0500383F380
:109E70001188BFF36F8FBFF34F8FFEE7002120469D
:109E8000BF00019B06F0D0FC284625633A46A52179
:109E900006F0CAFC256BB9F1000F0FD009F1FF33B2
:109EA00004F1330209F11F0113F8010F02F8010F49
:109EB00008B18B42F8D1002384F85330062E08D91C
:109EC0004FF0500383F31188BFF36F8FBFF34F8FB1
:109ED000FEE700234FF08071043FEA19E6626665F1
:109EE00022F00702C6F107066361A3622461A6613E
:109EF000646242F8041C28F0010142F8081C3E4943
:109F000042F8203C42F80C1C403A2260FEF784F9EB
:109F10003A4B3B481A6801321A600268002A60D145
:109F200004601B68012B2AD14FF0FF361546354BD4
:109F30000132072A43E90136C3E9013343F8085CDB
:109F400003F11403F4D1304A02F10803C2E90136E7
:109F5000C2E903332D4B156003F10801C3E9011673
:109F6000C3E903112A491D6001F108070D60C1E929
:109F70000176C1E9037727490A60274A1360274A17
:109F8000274913680D68013313600122E36A261D17
:109F90009A402A430A6014214B43224AD518696823
:109FA000A1608F68E7607E608E60D1586561013185
:109FB000D150FEF74BF91C4B1B6873B10368DA6A8A
:109FC000E36A9A4209D24FF0E0234FF08052C3F87F
:109FD000042DBFF34F8FBFF36F8F204603B0BDE852
:109FE000F083114B1B68002BC9D10368DA6AE36A5E
:109FF0009A4298BF0460C2E7E38100082C2F00203A
:10A000000030002020300020102F0020FC2E0020E7
:10A0100004300020F82E0020F42E0020242F0020F1
:10A02000A430002018300020282F002037B5D0E9B8
:10A0300000148569B0F90830026901954069842BE4
:10A04000009008BF0023204618BF0333FFF7ECFE43
:10A0500003B030BD034B4FF400720021186806F0C6
:10A06000E3BB00BFDC2E00202DE9F041AB4C88B0F3
:10A0700094F8346194F83431F6B20F2BDDB200F06D
:10A08000928263D8072D00F053811BD8032D00F076
:10A09000118108D8012D00F04283022D40F0168373
:10A0A000FFF78AFEAAE1052D00F00881062D07D1F1
:10A0B000226C236C23EA02032364930640F10E8191
:10A0C0000523F8E00B2D00F0A8812ED8092D00F013
:10A0D00079810A2D40F07081236C03F07F43236463
:10A0E000FFF74CFC002800F071818D48FFF73AFE25
:10A0F000B4F84A3003F01F02032A40F06D81B4F82F
:10A10000163103F4E043A3F500577B427B4184F80A
:10A11000723194F872311BB123699847C4F83C013D
:10A1200041F2883203210B20D5E00D2D00F033825F
:10A130000E2D40F09F81E18D636901F0C0017F2900
:10A1400094BF002101217648984729E2172D00F09D
:10A150007B825DD8132D00F03D820ED8112D00F0CA
:10A160003082122D40F01F83E38D0F2143F00D0349
:10A1700013206B4AA4F84A3021E1152D00F05282D9
:10A18000162D40F03182B4F84C50690500F163821D
:10A190004FF01A08C5F3C32508FB05F8002D40F061
:10A1A0007C82604B03F1F60203F1180C1746186825
:10A1B0005968083303C763453A46F7D118683860D1
:10A1C0009B88BB80B4F84A70C7F3023308EB83085E
:10A1D000B4F84231A8F10208C3F30803984580F2AD
:10A1E00069821A220021504806F01EFBE38D07F019
:10A1F0001F0701351F43ED0247F4104745F404459E
:10A200000F211720464AA4F84A70A4F84C50D6E013
:10A210001B2D00F09F822CD8192D00F04D821A2D95
:10A2200040F0E580236998474049C4F83C01E36960
:10A2300001F12C009847002800F08A82D4F81831E8
:10A240001B0F04EB8303D3F8403103F04042B2F11B
:10A25000404F40F07B8213F0405F0CBF012300238E
:10A26000E28D84F83531B4F816311343A4F8163171
:10A270009EE01C2D00F083821D2D40F09482FFF79C
:10A280007DFB002800F01F822548FFF76BFDB4F826
:10A290004A3003F01F03102BF1D194F84E30042BF9
:10A2A000EDD1002384F83130236998470C25C4F898
:10A2B0003C0108E2042384F83431A1E0002384F84F
:10A2C000303084F8353123642369984742F21072A4
:10A2D000606423210620FFF761FB8FE0FFF74EFB50
:10A2E00000283FF4EDAE0E48FFF73CFDB4F84A20DD
:10A2F00002F01F03012BF1D112F4E04FEED0E38DF9
:10A3000013F0C00F08D102F0C0027F2A8CBF43F0C7
:10A31000800343F04003E3850723CCE7F8290020BE
:10A32000402A0020422A0020462A00200C2B002030
:10A33000FF2384F833300023B4F84A20A849C2F33D
:10A34000023293420CD051F8040F013300F0404523
:10A35000B5F1404FF5D110F0405FF2D184F83330C1
:10A36000E36CA049C3F3C062C3F3C05384F82C204C
:10A37000A1F1CC0084F87131A3699847002800F05E
:10A38000E781E38DB4F816211A4303F0C003802B54
:10A39000A4F816210CD1D4F81831002B4FEA13720F
:10A3A00008DB94F833309A4204D3012384F8353122
:10A3B000082380E70023F9E70F210920894AFFF7E6
:10A3C0000FFB1BE0236C03F07F43236440F68C22D9
:10A3D00040F603010A207EE70D2A00F0B08003F06A
:10A3E0001703042B7FF47CAE94F830302BB14FF080
:10A3F000FF3243F6FF710C206DE7052084F834012D
:10A4000094F834319E427FF433AE94F83431002B0B
:10A410007FF42EAE08B0BDE8F081236C03F07F43DB
:10A420002364FFF7ABFA08B9122344E76C48FFF73F
:10A4300099FCB4F84A3003F01F03062B17D1002310
:10A4400084F8313094F8713163B194F870314BB1C4
:10A4500094F8723133B9012384F83130236C43F41A
:10A4600080532364012384F830300C2323E7012B2D
:10A47000D7D151E7236C226C5D0622EA03022264E5
:10A480007FD498067FD413F4C07F7ED1D9047ED4C4
:10A490009A047ED49F07AAD5FFF770FA0028A6D0A9
:10A4A0004F48FFF75FFCB4F84A3003F01F020F2A51
:10A4B00013D113F4E04FEFD1E18D01F0C0018029F9
:10A4C000EAD11D0453D5B4F84C10C1F30801192981
:10A4D0004DD9112A08BF162050E0052A03D113F4E4
:10A4E000E04FD9D0E8E7092A03D113F4E04FE3D1D4
:10A4F00006E0072AF9D00A2A04D113F4E04F20D14C
:10A5000015207BE70B2AF0D0022AF9D0042A03D1C8
:10A5100013F4E04FD0D0F3E7012A04D113F4E04F55
:10A52000CAD007206AE7082A04D113F4E04FC3D148
:10A530000E2063E70D2ABFD113F4E04FBCD11120E8
:10A540005CE794F84A30032B03D1012384F872317D
:10A55000A2E7042B04D100230C2084F872314DE7CC
:10A56000052B99D10023062084F8723146E723F4A5
:10A570007E635B045B0C102B08BF182018BF1520EE
:10A580003CE708203AE70F2038E70D2036E71B208C
:10A5900034E71C2032E7E38D43F00703A4F84A3088
:10A5A0000F210F4A49E094F832305BB2022B06DCEF
:10A5B00094F83230013384F8323010237BE61923CB
:10A5C00079E6E38D6A4643F00D030F210520ADF8CF
:10A5D0000230F4E640F68C2240F6030114207AE6BD
:10A5E000402A00200C2B0020236C03F07F432364BF
:10A5F000FFF7C4F908B90F235DE66C48FFF7B2FB1B
:10A60000B4F84A3003F01F02032A03D113F4E04FD9
:10A61000F1D155E523F47E635B045B0C0D2BEAD18D
:10A62000112348E6E38D03F0C002402A07D143F02E
:10A630000403A4F84A3012215C4A0C20BFE6802AA9
:10A64000F9D143F01003F4E7226C236C900723EA5E
:10A650000203236405D44FF0FF3243F6FF71172045
:10A6600039E6FFF78BF90028F5D05048FFF77AFB61
:10A67000E38D03F0C003802BF3D1B4F94A20B4F882
:10A680004A30002AEDDAB4F84C20C2F30802192A45
:10A69000E7D903F01F03112B1CE7B4F84A2008F593
:10A6A000A270C2F3023292004149023A204406F0FD
:10A6B00010F987E51A20A1E600234FF4FA6084F828
:10A6C0003030236A984784F8345199E623699847D3
:10A6D000E36B984282BF236C43F400632364236CD2
:10A6E00013F4006F236C0ED003F07F43236494F8BF
:10A6F0003430102B7FF698AE94F83430142B94BF7E
:10A7000003231223D7E5DA073FF557AF236CA26B7B
:10A7100013403FF4D0AD94F83430DBB2CBE5236C7A
:10A72000226C22EA03029B05226408D5FFF726F972
:10A7300000287FF4B5AC022178220846CBE5236CD3
:10A7400043F00803236494F8360057E6002387E5B6
:10A750000623B0E523699847E38DC4F83C0143F430
:10A76000805343F00A03A4F84A3094F870311B0474
:10A7700043F08073E36413E70020FFF7F3FAFFF779
:10A78000FDF80028F8D1012384F83130E38D0C2145
:10A7900043F4104343F01003A4F84A30054B1D2046
:10A7A000024AE3640BE6032385E500BF402A00204C
:10A7B000462A0020028003004FF0E0254FF080562B
:10A7C00008B5064C2368012B05D9C5F8046DBFF305
:10A7D0004F8FBFF36F8F05F055FEF3E71830002061
:10A7E00038B505460C46FFF735FC284605F0ECFC6D
:10A7F00041F28830054B064A1B6812689B1A834257
:10A8000098BF002C14BF0120002038BD642F002009
:10A81000D42E002070B504460D46FFF71BFC2246DF
:10A820000123117849BB013B03EB43039B009BB21F
:10A83000802B2CD9194A928C92B2012A14BF14226F
:10A840000A22B5FBF2F103F1800209B291FBF2F0AA
:10A8500002FB10117F291FDD8B42A8BF0B46104A57
:10A86000C3F18003138000230E4A20461380012188
:10A87000BDE87040FF2205F081BCF02902D801320A
:10A880000133CEE751780029CDD00232F8E7C3F189
:10A89000800203EB6203E2E78023E0E7382E00202A
:10A8A000362E0020342E00200B4BB3F850200B4BDB
:10A8B00092B2012A1B7805D0022A08D0FF2200217B
:10A8C000074802E0FF220021064805F057BCFF229E
:10A8D00000210548F9E700BF382E0020362E002061
:10A8E000D71F0108C61F0108E31F01080B4BB3F86F
:10A8F0007030DBB2022B0DD0032B0DD0084AA2F131
:10A900000B00012B08BF1046064BFF2200211B78CD
:10A9100005F034BC0448F7E70448F5E7382E00207A
:10A92000FA1F0108362E002005200108102001081A
:10A9300010B4084B084C588C0023DFF820C080B2BC
:10A9400098420CBF6046204610BCFF22012105F052
:10A9500015BC00BF382E002008090108A409010811
:10A96000084BFF22198A002389B2012906D0022947
:10A970004FF0010104D0044805F000BC0348FBE798
:10A980000348F9E7382E0020BE1B01082B220108DE
:10A99000CD21010810B4084B40F67F509B8C074C2A
:10A9A0009BB2002B18BF4FF4AE7000232044FF224F
:10A9B00010BC012105F0E2BB382E0020AE140108C6
:10A9C00010B50C4A53899BB27BB1012350891946BB
:10A9D00002301A4680B205F019FC0023FF22012143
:10A9E0000548BDE8104005F0C9BBFF22012103481E
:10A9F000F7E700BF382E00200A0901080C090108FA
:10AA000070B501230A240E4D1A46A889194680B252
:10AA1000B0FBF4F005F0FAFB0023FF220121094806
:10AA200005F0ACFBA88980B2B0FBF4F304FB130083
:10AA3000BDE87040012380B21A46194605F0E6BB16
:10AA4000382E00200F090108034B0221588F0123E3
:10AA500080B21A4605F0DABB382E0020034B0221E3
:10AA6000188F012380B21A4605F0D0BB382E002083
:10AA7000034B0321D888012380B21A4605F0C6BBD8
:10AA8000382E0020034B588D012380B21A461946F8
:10AA900005F0BCBB382E0020034B988D012380B2FB
:10AAA0001A46194605F0B2BB382E00202DE9F04FAA
:10AAB0009A46FF2385B00B7041F288331380884695
:10AAC0001746029005F0B8FD4FF0000B634BB3F84A
:10AAD0005090431DDBB25FFA89F9B9F1010F08BF4D
:10AAE00018465F4B0193029B5B4507D198F8000025
:10AAF000FF3818BF012005B0BDE8F08F019A5B4612
:10AB000052F8044BB4F1804F019227D2322146F61D
:10AB10005F55C4F389224A43511EA94209D844F61D
:10AB200020618A4208D8C4F30904B2FBF4F18142DF
:10AB300006DD0BF1010BD6E7B9F1000FF3D1F8E711
:10AB400039888A42F5DD88F8003000233A800E9A71
:10AB5000AAF8004013700F9A1370EAE704F040421D
:10AB6000B2F1404FE5D1B9F1000FE2D03C4A126892
:10AB7000120202D514F0405222D104F07F01C4F336
:10AB8000474404EB840404EB8404A20044F62064EC
:10AB900092B2A242A8BF224601EB810101FB00F460
:10ABA000A242A8BF22463C88A242C2DD88F80030FB
:10ABB00001233A800E9AAAF8001013700023CAE706
:10ABC000B2F1805FB5D1CDF80CB005F035FD0A22A9
:10ABD000C4F34845E4B24443B4FBF2F405EB850505
:10ABE00005EB8505AD00039BADB2ACB3012C33D0B2
:10ABF0004FF400464FF0100C4FF0804E31460022CB
:10AC000074452CBF32468A43BCF1010C01D1164673
:10AC100006E0490841EA020606FB06FE7445EFD14C
:10AC200046F660514FF47A728D4228BF0D4672434A
:10AC3000954228BF15463A8895427FF67AAF88F844
:10AC400000303D800123B5FBF0F50F9AAAF80050C3
:10AC5000137000230E9A7FE72646E1E7382E002086
:10AC6000CC290020F0B52C2205460C463D48002199
:10AC700085B005F0D9FD3B4A2B1D17462C351646ED
:10AC800018685968083303C6AB423246F7D11868D2
:10AC9000FF2330608DF80B300023ADF80E30ADF897
:10ACA0000C308DF80A308DF809300DF1090301934D
:10ACB0000DF10A0300930DF10E0203AB0B200DF111
:10ACC0000B01FFF7F3FE09222023A270E370002896
:10ACD0003BD09DF80B00BDF80E2057F82030BDF892
:10ACE0000C10A3609DF80930DBB1052519260B1D5A
:10ACF000B3FBF5F3B2FBF6F61B4D03F07F0305EA59
:10AD000046252B4301304A4343EA007343F0A073C6
:10AD10006360164BB2FBF3F2154B1A60012005B0CD
:10AD2000F0BD9DF80A3053B105250B1DB3FBF5F3BB
:10AD30001426104DB2FBF6F603F07F03DFE70E4B4F
:10AD4000C1F3090503EA8123DBE73B68A3606423C1
:10AD500023716FF06F0363710123A3711123E371FA
:10AD6000DCE700BFCC29002000F80F00A08601001E
:10AD70008025002000FE0F0000FC0F00F0B5064605
:10AD80002C220C463648002185B005F04DFD344A92
:10AD9000331D06F11C07154618685968083303C5AA
:10ADA000BB422A46F7D118682E4B286001251D703A
:10ADB000FF2370888DF80B300023ADF80E30ADF80E
:10ADC0000C308DF80A300DF1090301930DF10A03DF
:10ADD00000930DF10E0203AB0DF10B01C0F3023035
:10ADE000FFF764FE02221023A270E37078B39DF88F
:10ADF0000B009DF80A30BDF80E20BDF80C10284459
:10AE0000E3B1052514260B1DB3FBF5F3B2FBF6F6F3
:10AE1000154D03F07F0305EA46252B4343EA0073F3
:10AE20004A4343F0807343F4800363600F4BB2FBEB
:10AE3000F3F20F4B1A60012005B0F0BD0D4B03EA91
:10AE4000812343EA0073C1F309000343E8E7642365
:10AE500023716FF06F0363711123A571E371EAE74A
:10AE6000CC2900207D25002000FE0F00A0860100D7
:10AE70008025002000FC0F00F8B500230A276FF0A2
:10AE80006F060125C371077146718571044605F08F
:10AE9000D3FB42F22833B3FBF0F3C3F3090343F4CB
:10AEA0003433A36005F0C8FB43F69823B3FBF0F3FB
:10AEB000C3F3090343F49623E36005F0BDFB44F6B6
:10AEC0002063B3FBF0F3C3F3090343F4C823236106
:10AED0000423E3716FF07B03A37040232771667135
:10AEE000A571E370F8BDC0F11100C0B205F0E4B97E
:10AEF000034B988B80B2003818BF0120FFF7F3BFD7
:10AF0000382E0020034BD88E80B2003818BF0120A5
:10AF1000FFF7E9BF382E0020044BB3F8720080B26F
:10AF2000003818BF0120FFF7DEBF00BF382E002019
:10AF3000034B988A80B2003818BF0120FFF7D3BFB7
:10AF4000382E0020034BD88B80B2003818BF012068
:10AF5000FFF7C9BF382E0020034B188C80B2003891
:10AF600018BF0120FFF7BFBF382E0020044BB3F8F5
:10AF70004C0080B2003818BF0120FFF7B4BF00BFFB
:10AF8000382E002070B5104B0021D88D0A2680B2D3
:10AF900005F0E0FAB0FBF6F504460123A8B2002262
:10AFA000022105F033F90023FF221946074805F076
:10AFB000E5F8012306FB1540BDE870400022194664
:10AFC00080B205F023B900BF382E00201109010816
:10AFD00010B50B4B0146D88D80B205F0BBFA044684
:10AFE00005F02AFB48B16443B4FBF0F0054BC0EB1D
:10AFF00000201B88B0FBF3F010BD6420FCE700BF0D
:10B00000382E0020342F002010B5041E084606DC20
:10B01000084BD88D80B205F09DFA002010BDFFF7D7
:10B02000D7FFC4EB0424B4FBF0F0FF2828BFFF20B7
:10B03000C0B2F3E7382E002010B50121FFF7E4FF7E
:10B04000134B902804461A781BD90AB100221A70B3
:10B0500014211A780F4B002019800F4B1A700F4BD8
:10B060001C70FFF7B5FFFF23E82144430C4AB4FBF3
:10B07000F3F413684B43182101FB04331B0A1360DC
:10B0800010BD6F28E4D8002AE2D10122DFE700BF1B
:10B090000C0000203A2F0020372F0020382F0020EE
:10B0A0005C25002007B5054B0021009320235E207E
:10B0B0001A4605F005F903B000BD00BF7C2E01085B
:10B0C000054BB3F8440080B220B1012302211A4697
:10B0D00005F09CB8FFF7E6BF382E0020064A138E15
:10B0E0009BB233B10123108E03211A4680B205F0C2
:10B0F0008DB8FFF7D7BF00BF382E00200C4B198B3F
:10B1000089B202290AD003290DD0012901D0FFF705
:10B11000C9BF0023FF22074805F030B80023FF22F3
:10B1200001210548F8E70023FF2201210348F3E746
:10B13000382E0020312201080A16010833220108A6
:10B14000094BD98C89B2012903D0022906D0FFF717
:10B15000A9BF0023FF22054805F010B80023FF22F5
:10B1600001210348F8E700BF382E002035220108EE
:10B1700033220108064A538A9BB233B1508A012216
:10B180000023114680B205F041B8FFF78BBF00BF26
:10B19000382E002010B5154B1A8992B21AB9BDE8A5
:10B1A0001040FFF77FBF1A89188992B2052A10D87C
:10B1B000012300EB800040001A46022180B205F016
:10B1C00025F80023FF2201210948BDE8104004F0C2
:10B1D000D5BF012305381A46022180B205F016F8C2
:10B1E0000023FF2201210348EFE700BF382E002093
:10B1F0003F0A01081309010810B50B4A538B9BB293
:10B200001BB9BDE81040FFF74DBF0123508B022151
:10B210001A4680B204F0FAFFBDE810400023FF2276
:10B220000121024804F0AABF382E002013090108AA
:10B230000C4BD98A89B2022908D003290BD00129E5
:10B240000ED10023FF22084804F098BF0023FF22FC
:10B2500001210648F8E70023FF2201210448F3E713
:10B26000FFF720BF382E00202D2201082F220108D1
:10B270000A16010810B50B4A938E9BB21BB9BDE8A4
:10B280001040FFF70FBF0123908E03211A4680B2B2
:10B2900004F0BCFFBDE810400023FF22012102485A
:10B2A00004F06CBF382E00201509010870B5134D4D
:10B2B0002B8D9BB2EBB10A240123288D1A4680B254
:10B2C0001946B0FBF4F004F0A1FF0023FF22012196
:10B2D0000B4804F053FF288D80B2B0FBF4F304FB5D
:10B2E0001300BDE87040012380B21A46194604F0ED
:10B2F0008DBFBDE87040FFF7D5BE00BF382E0020DF
:10B300000F09010807B5154AB2F84A309BB2052B60
:10B3100007D0062B0FD083B903B05DF804EBFFF71D
:10B32000C1BE0F4B0093202300211A465E2004F07B
:10B33000C7FF03B000BD0B4BF4E70123B2F84A008E
:10B3400019461A4680B204F061FF0023FF22012152
:10B35000054803B05DF804EB04F010BF382E002060
:10B36000FC2D01087C2D01083F0A0108284B37B548
:10B3700003EB40020446B2F8320103F59E73184411
:10B3800004F022FF234AD38A9BB2022B20D0032B46
:10B390000CBF4FF496704FF4FA70D18A1E4B89B2ED
:10B3A000C9B119681D4DA1421D4902D01C602B680E
:10B3B0000B602B680968928A5B1A92B2B3FBF0F3B8
:10B3C0000AB30322B3FBF2F202EB42029B1A0AE039
:10B3D0004FF4C870E1E78D211960D38A9BB2B3FAAC
:10B3E00083F35B095B00FC225443542202FB0344B9
:10B3F0000C4B15221C44002120236920009404F0EA
:10B400005FFF03B030BD022B28BF0223EBE700BF74
:10B4100072130108382E002008000020642F00203D
:10B4200000200020902801080020FFF79FBF012086
:10B43000FFF79CBF0220FFF799BF0320FFF796BFDD
:10B440000420FFF793BF0000062008B5FEF746F87A
:10B45000054B188A80B210B1012800D008BDBDE8A4
:10B46000084004F02FBE00BF382E002010B5094C54
:10B47000B4F8460080B2003818BF0120FFF733FD52
:10B48000B4F84600BDE8104080B2003818BF012073
:10B4900004F066BE382E0020192310B5094CB4F80C
:10B4A000480080B2B0FBF3F00123013080B21A46AD
:10B4B000194604F0ABFEB4F84800BDE81040C0B235
:10B4C00004F038BE382E00202DE9F04105F0C8F810
:10B4D000274C014648BBE08D0A2580B205F03AF8BA
:10B4E000B0FBF5F305FB13009CB2631C80B29BB26A
:10B4F000042888BF1C460123B4FBF5F61D4F1A46ED
:10B500001946B0B2B7F9008004F080FE10221A4B41
:10B5100005FB16401A800123A7F800801A46BDE8F3
:10B52000F041194680B204F071BE63899BB2E3B169
:10B530006589E08D002180B205F00CF80235EDB28E
:10B54000B0FBF5F0A3899BB2984238BFA089A389CC
:10B5500038BF80B29BB2C01A092828BF0920043026
:10B56000C0B2BDE8F04104F0A7BE0F20F9E700BF6C
:10B57000382E0020362E0020342E002008B505F08D
:10B580006FF850B9FEF79CF908B9012008BDFEF725
:10B59000A7F90028F9D00320F8E70020F6E700001B
:10B5A0002DE9F04778223149314805F069F9002842
:10B5B00059D004F067FF35222E4BDA60FDF76EF8A4
:10B5C0002D4A116813685B1A012BFBD92B4C04F030
:10B5D00059FF237E012B18D001232376FDF76EF847
:10B5E00088B9244DE0612B6943F002032B61204BA5
:10B5F0006B612B6943F040032B61FDF75FF82B690A
:10B6000023F002032B6100232376FDF747F84FF068
:10B610000109164F164D174EDFF8648004F032FF13
:10B62000237E012B15D0B7F800A084F81890FDF701
:10B6300045F860B9E061336943F001033361A5F86F
:10B6400000A0FDF73BF8336923F0010333610023C9
:10B6500023760235454507F10207DFD1054A136914
:10B6600043F080031361BDE8F08700BF382E00204F
:10B6700000FC010800200240602F0020402F002025
:10B6800078FC0108F8B545F2AA54234B1A8892B207
:10B69000A2423AD018467822FF2105F0C5F804806E
:10B6A000034601245A6F01321CBF4FF0FF325A6724
:10B6B0005A8818BF012492B2372A08D84FF6FF7172
:10B6C0005A8892B2372A22DD382201245A80002279
:10B6D000124903EB4206B5880F88ADB2AF424FEA7C
:10B6E000420004D8B5884E88ADB2AE4203D2CC88B1
:10B6F0001844848001240132382A01F10801E8D17C
:10B700000CB1FFF74DFF2046F8BD0024CAE703EB5C
:10B71000420081800132D5E7382E00200E00002043
:10B72000074B19680868B0E8F00F80F30988BFF389
:10B730006F8F4FF0000080F311884EF00D0E7047B0
:10B7400000300020000000000000000000000000A9
:10B75000EFF30980BFF36F8F0D4B1A6820E9F00FEC
:10B76000106008B54FF0500080F3118801F018FA0E
:10B770004FF0000080F31188BDE8084019680868A0
:10B78000B0E8F00F80F30988BFF36F8F704700BFF8
:10B790000030002008B5FDF779FD012813D04FF0E7
:10B7A000500383F31188BFF36F8FBFF34F8FFDF703
:10B7B000F1FB28B14FF0E0234FF08052C3F8042D85
:10B7C000002383F3118808BD04224349F0B4CE6BF3
:10B7D000086C35680B6802FA00F72F421C6828D005
:10B7E000670726D53D498B4216D03D4A934215D076
:10B7F0001432934214D01432934214D01432934230
:10B8000014D01432934214BF4FF080634FF480037E
:10B81000344A5360F0BC70471346F9E74023F7E71A
:10B820004FF48063F4E74FF48043F1E74FF4802353
:10B83000EEE7022282402A4239D0A70737D51A689C
:10B84000900606D41A6822F00A021A60012281F8D2
:10B850002120224A93421DD0143293421CD014322C
:10B8600093421BD0143293421BD0143293421BD00C
:10B870001432934214BF4FF000734FF40013194A6F
:10B880005360002381F820308B6A002BC2D0F0BCBB
:10B89000114818470223F2E72023F0E74FF4007322
:10B8A000EDE74FF40053EAE74FF40033E7E70822EF
:10B8B00082402A42AED02207ACD51A6822F00E028E
:10B8C0001A60012303FA00F070608B634FF48073F9
:10B8D0000B840B6BD9E700BFE0300020080002406A
:10B8E0001C00024000000240F8B5674803685A682F
:10B8F000910623D51A68920720D5826AD7065EBFC3
:10B90000826A42F4007282629A6802F46022B2F59E
:10B91000602F10D1C26872B95A6822F020025A60B2
:10B92000826A22F480728262826AD6045EBF826A70
:10B9300042F0010282626FF012021A605A68150624
:10B9400040F192801A68540740F18E80826AD106D5
:10B950005EBF826A42F4005282629A6802F4E04258
:10B96000B2F5E04F0AD05A68520516D49A6802F42C
:10B970006022B2F5602F10D1C26872B95A6822F005
:10B9800080025A60836A23F480538362836ADB05F2
:10B990005EBF836A43F0010383623C4B1968002950
:10B9A0005ED0FCF761FCEFF311844FF0500383F39A
:10B9B0001188BFF36F8FBFF34F8F022391F8602080
:10B9C00081F86030CB6D012A03F10103CB6502D011
:10B9D00084F3118844E08B6A0BB1FCF713FC2C4B09
:10B9E0001B68002B41D1D1E902524B69AA608D68D6
:10B9F0000E1D55605A68274DB24208BFCA682F68AD
:10BA000008BF5A601A68013A1A600122CB6A9A404C
:10BA10003A432A6014256B431F4AD7187D688D600E
:10BA2000D5F808C0C1F80CC0CCF80460AE604F6116
:10BA3000D5580135D550194BCA6A1B68DB6A9A4242
:10BA4000C6D90122164B1A6084F311884FF0E02307
:10BA50004FF08052C3F8042DBFF34F8FBFF36F8FA9
:10BA60006FF00C0203681A60F8BD0E4B01F1180567
:10BA70005A68CA6196680E62756095601A688B6232
:10BA800001321A60D7E700BFB0300020AC30002090
:10BA9000A8300020A4300020183000200030002002
:10BAA000FC2F002004300020F8B53D4B5A691206E7
:10BAB0001DD580225A613B4B1968C1B1FCF7D4FBFC
:10BAC000EFF311804FF0500383F31188BFF36F8FB2
:10BAD000BFF34F8F022391F8602081F86030CB6D67
:10BAE000012A43F00103CB6502D080F31188F8BD31
:10BAF0008B6A43B14FF0500383F31188BFF36F8F0C
:10BB0000BFF34F8FFEE7284B1B68002B3AD1D1E9DA
:10BB100002424B69A2608C680D1D54605A68234C28
:10BB2000AA4208BFCA68266808BF5A601A68013A64
:10BB30001A600122CB6A9A40324322601424634384
:10BB40001B4AD61874688C60A768CF607D60A560BA
:10BB50004E61D4580134D450164BCA6A1B68DB6A54
:10BB60009A42C2D90122144B1A6080F311884FF017
:10BB7000E0234FF08052C3F8042DBFF34F8FBFF383
:10BB80006F8FB4E70D4B01F118045A68CA619568CC
:10BB90000D626C6094601A688B6201321A60DBE798
:10BBA00000040140682F0020A8300020A4300020AD
:10BBB0001830002000300020FC2F0020043000202E
:10BBC0000E4B1A6842F001021A6059680C4A0A408A
:10BBD0005A601A6822F0847222F480321A601A685D
:10BBE00022F480221A605A6822F4FE025A604FF44E
:10BBF0001F029A60034B044A9A607047001002408B
:10BC00000000FFF800ED00E00080000815490B6817
:10BC10001A6A22F001021A621A6A1A62124A9342DE
:10BC20000DD141F21112186A104208D140F244427B
:10BC3000186A104202BF5A6C22F400425A6441F260
:10BC40001112186A104208D140F24442186A104298
:10BC500002BF1A6822F001021A60012381F83E3007
:10BC6000704700BFB42F0020002C014010B50368BE
:10BC700004461A6991070ED5DA6892070BD56FF062
:10BC800002021A61012202779B699B0701D104F02D
:10BC9000A5FC0023237723681A69500710D5DA68BA
:10BCA00051070DD56FF004021A61022222779B69B9
:10BCB00013F4407F02D1204604F090FC0023237748
:10BCC00023681A6912070FD5DA6810070CD56FF0D0
:10BCD00008021A6104222277DB69990702D1204603
:10BCE00004F07CFC0023237723681A69D20610D560
:10BCF000DA68D0060DD56FF010021A61082222779B
:10BD0000DB6913F4407F02D1204604F067FC002376
:10BD1000237723681A69D10739D5DA68D20736D56F
:10BD20006FF001021A6123681D4A934230D1FF214E
:10BD30001C4B1D4C1A88013A1A80226811641B4A58
:10BD40001178A1B11B889BB28BB119481378026896
:10BD5000DBB25363FCF7BAFE164B174A1B78117817
:10BD6000994214D033B1BDE8104004F01FBCFFF776
:10BD70004DFFF1E7137040F20D12104B1A8023684B
:10BD8000DA624FF483725A6341F204529A6210BD30
:10BD90000B4A934201BF0B4A136801331360F6E765
:10BDA000000800403A2F00206C2F0020382F002080
:10BDB000B42F0020372F0020362F0020342F0020F2
:10BDC000002C0140602F00200148FFF74FBF00BF4B
:10BDD00024310020044B05481A6805498A4208BFEF
:10BDE0001846FFF743BF00BFB42F00206C2F002080
:10BDF00000040040044B05481A68B2F1804F08BFA8
:10BE00001846FFF733BF00BFB42F00206C2F00206F
:10BE1000044B05481A6805498A4208BF1846FFF7CF
:10BE200025BF00BFB42F00206C2F00200008004069
:10BE30002DE9F74F054640B94FF0500383F31188C1
:10BE4000BFF36F8FBFF34F8FFEE7046C44B14FF029
:10BE5000500383F31188BFF36F8FBFF34F8FFEE75B
:10BE6000FDF714FA08B9FCF7CDF964212046DFF894
:10BE70006892DFF868A29A4F56E019B9FCF7E6F924
:10BE8000002074E020B9D9F80030DAF8008000937F
:10BE9000FCF7DCF9FCF7BCFFFCF7BEF995F8443081
:10BEA000FF2B04BF002385F8443095F84530FF2B65
:10BEB00004BF002385F84530FCF7C8F9FCF7ACF95E
:10BEC000DAF800300098D9F80020904211D04345AC
:10BED0000FD32846FCF7BAF9FDF706F8FDF71EF96F
:10BEE000FCF79AF9AB6B002B00F0C180FCF7AEF9C0
:10BEF00018E0A3EB08028A42EBD2A8EB03035E181A
:10BF0000D9F80030DAF800800093FCF79FF9FCF7CD
:10BF100083F9AB6B73B32846FCF798F9FCF7E4FFA1
:10BF2000FDF7FCF831460120FCF776F9AE6B002EE8
:10BF3000A3D02B68013EAE6333B9694B1B6813B1C4
:10BF40009A6D01329A65AB602B696BB1E869FCF7B9
:10BF500067FF48B14FF0E0234FF08052C3F8042D43
:10BF6000BFF34F8FBFF36F8FFCF770F9012003B061
:10BF7000BDE8F08FAB46FCF769F95BF8243B002B7A
:10BF80004ED1FCF749F9AC68002C47D03A68E36A17
:10BF9000D26A934263D21421A269002AA1BF3A68EF
:10BFA000D26AC2F10702A2614E4A01FB0323616912
:10BFB000994250D1211D08460191FCF71AFFDFF884
:10BFC00028C10199474A50B94FF0010EE36ADCF8E5
:10BFD00000000EFA03FE20EA0E00CCF800003B68D9
:10BFE000DCF800E0D86A0123834043EA0E03CCF872
:10BFF00000301423434302EB030CE062DCF804003E
:10C00000A060D0F808E0C4F80CE0CEF8041081601D
:10C01000D158C4F814C00131D1500124FCF716F9ED
:10C02000396858461831FCF7CDFE3046FDF73EF929
:10C030002846FCF759FFFDF771F800287FF472AF2E
:10C040004FF0E0234FF08052C3F8042DBFF34F8F21
:10C05000BFF36F8F66E73B68DB6AE362DDE73B684F
:10C06000646DDB6A9C422CBF00240124D6E7FCF7F8
:10C07000EDF8002C3FF404AFFCF7CEF86B6A1BB16F
:10C080002B6B1B68C3F10703AC68002C3FF4F6AEC2
:10C09000A16D41B94FF0500383F31188BFF36F8F47
:10C0A000BFF34F8FFEE7626D934238BF1346E26ADB
:10C0B00093423FF4E3AE01297FF4E0AE08490968FA
:10C0C0008C4213D14FF0500383F31188BFF36F8F6D
:10C0D000BFF34F8FFEE700BF302F0020642F0020FA
:10C0E0000030002018300020A4300020A169E36255
:10C0F0000029A4BFC3F10703A3611423124D03FB5E
:10C100000252636993427FF4B9AE261D3046FCF7B4
:10C1100070FE0121E36A0D4A994018B9106820EABF
:10C120000100106010680143116014225343E918A4
:10C130004A68A2609068E06046609660EA58616173
:10C140000132EA509AE600BF18300020A4300020E7
:10C1500008B5034B1868FFF76BFE00F0010008BD3F
:10C16000AC20002038B50546FFF7F2FF044648B181
:10C170002846FDF705FBFDF769FB0446FDF71EFBAE
:10C18000FDF7EAFD204638BD2DE9F04105460E4693
:10C1900017461C46FFF7DCFF50B1EDB22846FDF70D
:10C1A000EFFAFDF753FB38B9FDF708FBFDF7D4FDB7
:10C1B00000252846BDE8F081F0B2FDF747FB0028D6
:10C1C000F2D04FF48032184B1A610F2300BF013BAD
:10C1D000FCD145F00100FDF7D3FAFDF737FB05462A
:10C1E0000028E1D0104E08214FF00008FDF7FEFABC
:10C1F000013911F0FF0140EA4808F7D10223012C70
:10C2000008BF204604F1FF3418BF08463361A4B2CA
:10C21000FDF704FB07F8018B002CE4D1FDF7CEFA03
:10C22000FDF79AFDC5E700BF000C0140002307B5EC
:10C230008DF807300DF107020123FFF7A5FF9DF8E8
:10C24000070003B000BDF8B507460D4616461C466C
:10C25000FFF77EFF48B1F8B2FDF792FAFDF7F6FA64
:10C2600030B9FDF7ABFAFDF777FD00252846F8BD9C
:10C27000E8B2FDF7EBFA05460028F2D0013E24B9FA
:10C28000FDF79CFAFDF768FDF0E704F0FBF816F8FF
:10C29000010FFDF7DBFA0028E3D0013CA4B2EEE782
:10C2A0002DE9F341804617460C4600250D4E637874
:10C2B00040468DF80730217801230DF10702FFF782
:10C2C000C2FF60B1A3782BB1316801333268521AD2
:10C2D0009342FBD80135BD4204F10304E7DB02B011
:10C2E000BDE8F081602F002008B550B94FF0E02381
:10C2F0004FF08052C3F8042DBFF34F8FBFF36F8F01
:10C3000008BDFCF785FD064B1B68012B01D0FBF730
:10C3100079FFFCF7CBFFFCF701FF0028E6D0EFE741
:10C32000A83000202DE98048142093B0FFF7DCFFEF
:10C330003A20FFF717FF38B10D223A20BB49FFF72B
:10C34000AFFF002840F049813220FFF70BFF0028A3
:10C3500000F0E58000230F218DF8383032200123D2
:10C360000EAAFFF711FF002800F0D9809DF83830A1
:10C37000332B02D0112B40F0D2800C223220AC495A
:10C38000FFF78EFF002800F0CA8000230F218DF8F0
:10C390003830322001230EAAFFF7F6FE20B19DF8B7
:10C3A0003830112B00F01C814FF00308A14B3220D4
:10C3B000C3F80080FFF798FF00229F4B1A609F4B45
:10C3C0001B8B9BB21BB14FF4FA60FFF78DFF00256A
:10C3D000102200210EA804F027FA102200210AA83A
:10C3E00004F022FA1022002106A804F01DFA2F46BC
:10C3F0002E460324A946AA46C82240F6E4418F4BA4
:10C40000B8F1020F5B8A9BB202FB1313039340F057
:10C41000F38004AA062301213A20FFF7B5FE10217C
:10C420003A20BDF81050BDF81270BDF81460FFF747
:10C43000FDFE0206EDBAFFBAF6BA40F18D81C0F3F7
:10C4400041047E4B1B8A9BB2022B06D1032C04D0E5
:10C45000B4FA84F0400903F035FE794812AB03EBDF
:10C46000490323F8105C23F8207C23F8306C037810
:10C470000EA90AAA0DF1180C4BB909F101035FFAD4
:10C4800083FEBEF1080F40F06B8101230370002092
:10C4900093460291024601460346CDF804C0DDF8FA
:10C4A00008C001303CF902EBC0B2CDF808C07344BB
:10C4B000DDF804C03BF902EB082871443CF902EBBB
:10C4C000CDF804C07244EAD1002BB8BF0733C5EBE6
:10C4D000E303002BB8BF5B420029B8BF0731C7EBAD
:10C4E000E1010029B8BF4942002AB8BF0732C6EBB4
:10C4F000E202002AB8BF52420B441344039A64205C
:10C500009A42B8BF4F4B09F10109BCBF1A684A4BA8
:10C5100009F00709B8BF1A60FFF7E6FE6CE73020A4
:10C52000FFF720FE98B10021012330200EAA8DF8DC
:10C530003810FFF729FE50B19DF83830F82B06D19E
:10C54000082230204049FFF7ABFE00284BD13020B5
:10C55000FFF708FE30B3002401230F2130200EAA7C
:10C560008DF83840FFF710FEE0B19DF83830112B00
:10C5700018D10C223020354B35491C70FFF790FE46
:10C58000A0BB4C20FFF7EEFD28B105224C2031491D
:10C59000FFF786FE68BB01460720FCF78BFF4FF0D4
:10C5A000010803E73220FFF7DDFD0028E9D0002372
:10C5B0000F218DF83830322001230EAAFFF7E4FD59
:10C5C0000028DED09DF83830112BDAD101221F4B24
:10C5D00032201A7020490C22D0E74FF00208E5E61D
:10C5E0004FF00808E2E64FF00408DFE64FF00608D7
:10C5F000DCE64FF00508D9E6B8F1030F02D0B8F138
:10C60000080F2BD10623A82104AA3220FFF7BCFD76
:10C61000B5213220BDF91050BDF91270BDF914607A
:10C62000FFF704FE8408013CE4B20AE77C2F01080E
:10C63000A32F0108202E0020D82E0020382E002005
:10C6400095250020642F0020C72F01089425002085
:10C650000330010827300108DF2F0108B8F1040F6B
:10C6600024D106230221302004AACDF810A0ADF871
:10C6700014A0FFF789FDA8B19DF811509DF8137023
:10C680009DF81560AD01BF01B6010C213020FFF708
:10C69000CDFD83064FEA10145ED404F0030484F049
:10C6A0000104CEE6054607460646EEE7B8F1050F5B
:10C6B00024D10623022104AA4C20FFF765FD0123A3
:10C6C0000C214C2004AABDF91050BDF91270BDF91F
:10C6D00014608DF810A0FFF757FD9DF81030AD10D5
:10C6E000602B4FEAA7074FEAA60605D0702B08BFBC
:10C6F000002418BF0324A4E60124A2E6B8F1060F23
:10C700007FF49FAE1A4BCDF810A01C78ADF814A0A2
:10C71000DCB930202821062304AAFFF735FDB8B183
:10C72000BDF91050BDF91270BDF91460002C0CBF9A
:10C73000302032203521FFF779FDC0F38704022C29
:10C740000CD004F0FB04012CD3E73220A821E2E74F
:10C75000054607460646E9E7032472E6002470E62C
:10C7600021F8135022F813702CF81360013386E679
:10C77000942500208FB503F045FF002800F0958038
:10C78000FDF79EF8002800F09C8001210C20FDF7A9
:10C79000E5F8002800F095809F4D0A20EB68984747
:10C7A0000624FDF773F8002800F083800F210B208A
:10C7B000FDF7D4F8002800F0848000210A20FDF75E
:10C7C000CDF800287DD000210E20FDF7C7F8002805
:10C7D00077D000210F20FDF7C1F8002871D00C217F
:10C7E0000620FDF7BBF800286BD007210920FDF7D4
:10C7F000B5F8002865D000210820FDF7AFF8002823
:10C800005FD004210720FDF7A9F8002859D007219F
:10C810000220FDF7A3F8002853D00A20EB689847C0
:10C8200040217D48FDF78EF80B2104460220FDF7DC
:10C8300095F8002845D00A20EB68984740217648B3
:10C84000FDF780F804F0030400F00300844240F296
:10C850009A8025210320FDF781F890B3072102205B
:10C86000FDF77CF868B344210620FDF777F840B364
:10C8700004210720FDF772F818B302210C20FDF700
:10C880006DF8F0B101238020032464498DE81B007A
:10C8900069466348FBF75CFF0A211720FBF7D6FEC9
:10C8A0004FF400025F4B1A600BE00320FFF71CFD02
:10C8B00061E70A20EB68013C984714F0FF047FF41D
:10C8C00070AFFDF7D1FBDFF85881574FD8F808302B
:10C8D000564C13F0800F5ED1D8F808301B0620D4D8
:10C8E0006B4607223C2165682078A847C8B19DF8AF
:10C8F0000330DE0700F1C9809DF802305D0700F1CA
:10C90000F180D90642BF226C42F4806222641A068A
:10C9100007D59DF805309B0742BF236C43F02003E9
:10C92000236494F835317BB123699847D4F83831C2
:10C93000C01AB0F57A7F07D9236C43F04003236413
:10C9400023699847C4F8380194F8723153B12369C8
:10C950009847D4F83C31C01AC82882BF236C43F4EE
:10C9600000532364FDF780FBFCF7BAFF0028ADD02D
:10C9700094F83431192BA9D094F83130002BA5D17B
:10C9800094F83030A2E726210320FCF7E7FF0028C7
:10C9900097D00B2163E7FCF73BFAFBF73DFC3B68C4
:10C9A00093F86030022B29D1FBF750FC0025FCF7EF
:10C9B000B5FB55B148B94FF0E0234FF08052C3F8B2
:10C9C000042DBFF34F8FBFF36F8FFBF725FC3B6840
:10C9D00093F86030022B03BF3A680121D36D002128
:10C9E00004BF03F07F43D36500223B6883F86020D7
:10C9F000FBF72CFC00293FF46FAF71E701253B6882
:10CA00003220DA6DDA653B6883F86050FBF71EFC74
:10CA1000FCF74CFCCBE700BF602500200000211094
:10CA2000000C014000E100E000300020F829002067
:10CA300043212F48FCF786FF02222E4B43216568D5
:10CA400000F0E0062078A847B4F8F63013F4E04F81
:10CA5000C3F3023205D043216568274B207892004A
:10CA6000A847042243216568244B2078A847E02E7C
:10CA70000BD1B4F8F63023F47E635B045B0C0D2B12
:10CA80000AD1236C43F00103236441211848FCF7C9
:10CA900059FF8006CCD52FE7D4F8EC60184D05EB94
:10CAA00046168C350FCD0FC695E80F0086E80F00AF
:10CAB000D4E93A239A4207D194F8F01021B1013217
:10CAC00002F00302C4F8E820013303F003039A42A2
:10CAD000C4F8EC3004BF012384F8F030236C43F039
:10CAE0000203D1E7226C42F40072226409E700BF1E
:10CAF000F8290020EE2A0020F02A002070250020CE
:10CB0000602A002010B5FCF7E7FD044644B9FCF7A5
:10CB1000E3FD04463220FFF7E7FB002CF7D010BD01
:10CB2000FCF7DAFD04463220FFF7DEFBEEE70000FB
:10CB300070B50E4E35680544FCF7CEFD04465CB971
:10CB4000FCF7CAFD04463220FFF7CEFB33689D4256
:10CB50000BD3002CF4D008E0FCF7BEFD04463220D5
:10CB6000FFF7C2FB33689D42E9D270BD642F0020FD
:10CB7000074AB2F84A309BB2042B01D9FFF7C2BF73
:10CB80004FF47A70B2F84A309BB25843FFF7D0BFE7
:10CB9000382E0020012838BF0120FFF7A5BB000078
:10CBA00010B51D4B1A681D4B12B101221A6010BD41
:10CBB0001A601B4A13681B6B1968B1F1A53F0BD1B2
:10CBC0005968B1F1A53F07D19968B1F1A53F03D1EB
:10CBD000DB68B3F1A53F03D01368136803F040FC92
:10CBE000104B1B68B3FA83F31421DBB2C3F11F03AC
:10CBF0004B430D4CE158E01809B9FBF703FB4168C2
:10CC00000833496823449942416004BFC1684160C8
:10CC1000CB6813601368CAE7A8300020FC2F0020FF
:10CC200000300020A43000201830002040220D4B9E
:10CC30001A6120221A610F2200BF013AFCD14FF481
:10CC400000121A610F2300BF013BFCD14FF4800397
:10CC5000044A13610F2300BF013BFCD12023136161
:10CC6000704700BF000C01404FF40013094A1361E4
:10CC70000F2300BF013BFCD1402313610F2300BFF2
:10CC8000013BFCD12022034B1A610F2300BF013B63
:10CC9000FCD17047000C014020230A4A13610F2386
:10CCA00000BF013BFCD1402313610F2300BF013BB8
:10CCB000FCD14FF48002034B98681A61C0F3401016
:10CCC000704700BF000C0140014B1868FCF756BFCD
:10CCD000602000202DE98048384A394913689BB00C
:10CCE00043F010031360CA68364B22F4E06212046A
:10CCF000120C1343344CCB60FBF7ECFFA36900210B
:10CD000043F00103A361A3696FF00B0003F001037B
:10CD10000793079BFBF79AFC00216FF00A00FBF7D3
:10CD200095FC00216FF00900FBF790FC00216FF0EB
:10CD30000400FBF78BFC00216FF00300FBF786FC7F
:10CD40000F216FF00100FBF781FC0F214FF0FF3046
:10CD5000FBF77CFC636813F00C0F07D0636803F0EB
:10CD60000C03082B36D16368DF0333D423682368B0
:10CD700023F0F80343F080032360636803F00C039F
:10CD8000082B33D00022114B1A66114A1168236810
:10CD90009D0100F1B2820121636823F4741343F40E
:10CDA00060136360094B19661168236898011DD4EC
:10CDB00013685B1A022BF8D918E000BF002002406C
:10CDC00000ED00E00003FA050010024000004242BE
:10CDD000602F00200122C44B1A60C44A11682368E6
:10CDE0009E07C4D413685B1A022BF8D9C04A136893
:10CDF00013F0060F00F08782636843F4E06363601A
:10CE0000636843F460536360636823F0F003636016
:10CE10002368990100F184824FF47A726368B54FF8
:10CE200023F4404343F4004363603B68B3FBF2F3F5
:10CE3000013BB3F1807F0AD24FF0E022F021536131
:10CE4000AD4B83F8231000239361072313614FF048
:10CE5000E02213694FF002090326A84D43F00403B2
:10CE600013610F214FF0FF30FBF7F0FB6B6812A945
:10CE700023F0E06343F080636B60A369A04843F054
:10CE80002003A361A3694FF0010803F020030B9373
:10CE90000B9BA3694FF0100A43F00403A361A3693D
:10CEA00003F004030A930A9BA36943F00803A361F8
:10CEB000A369CDE9126603F008030993099BCDF835
:10CEC0005490FBF745FC6B68A0F5406043F0E063CD
:10CED00043F400436B6048F27F73CDE91236FBF7F1
:10CEE00037FC4FF6F77300F5806000261293FBF7CE
:10CEF0002FFC4FF4A063A0F58060CDE91236CDF889
:10CF00005080FBF725FC00F58060CDE912A814964F
:10CF1000FBF71EFC4FF4801303614FF40043A0F5B0
:10CF20008060CDE912381496FBF712FC4FF00043F5
:10CF30000361CDE912984FF400391496FBF708FC11
:10CF40008023C0F8109000F58060CDE91236CDF84E
:10CF50005080FBF7FDFB6369052143EA0803636129
:10CF600063690B2003EA08030893089BFBF76EFB39
:10CF70004FF40063634D05212B605046FBF766FBC1
:10CF80004FF4803305212B601120FBF75FFBC5F8C0
:10CF900000905D4B5D4D2B604FF48073C5E9023806
:10CFA0004FF460232846EB616E616E60C5F8108017
:10CFB000FBF7AAFC95F82430434510D02A6885F881
:10CFC0002480536B23F01F0343F00403536313695E
:10CFD00023F4E04343F4C043136185F8246003263F
:10CFE00001234FF4A04CCDE912634FF00408002355
:10CFF000464812A9CDE9183C149617931593CDF81D
:10D000005880FBF797FA022312A91393FBF792FAC1
:10D010001396064612A9FBF78DFA12A9CDF84C809B
:10D02000FBF788FA2A68536843F080035360304660
:10D03000FBF7BAF980460028F9D1354E354B4FF051
:10D04000010933604FF480734FF0020BC6E90239D7
:10D050004FF4602370617060306130464FF0030A16
:10D06000F361FBF751FC4FF4A043CDE912B94FF047
:10D070000409304612A9CDE91883CDF85890CDF8AF
:10D0800050A0CDF85C80CDF85480FBF753FA12A97C
:10D09000CDF84CB0FBF74EFA062312A9CDE9123AAF
:10D0A000FBF748FA12A9CDF84C90FBF743FA30464B
:10D0B000FBF77AF980460028F9D14FF080426423CB
:10D0C000154EFF21C6E900234FF40073C6E9031390
:10D0D0008023B0603046B361FBF75AFD96F83C30D0
:10D0E000012B2AD01AE000BF00004242602F00202E
:10D0F000002002402402002000ED00E0000001407A
:10D100000014014000E100E000240140B0300020A4
:10D110001020002000280140B42F00200223326894
:10D1200086F83D30936823F47F4323F077039360C0
:10D13000012386F83C8086F83D304FF00008B54862
:10D14000FBF780FDB348FBF77DFDB2480CA9CDE9A4
:10D150000C88FBF70DFE6023CDE91238042312A9D9
:10D160004FF0010916934FF0020ACDF85080FCF7FA
:10D170007FFC0323A8480EA91193CDE90E9AFBF773
:10D18000E7FAA448FBF7A2FC4FF4FA63A34EDFF8DA
:10D1900090E240F21B1BC6E900E34FF400733046F7
:10D1A000C6E903B3C6E90588C6F80880FBF7F0FCBA
:10D1B00096F83C304B450CD0326886F83DA0936819
:10D1C00023F47F4323F07703936086F83D9086F83D
:10D1D0003C809248FBF736FD9048FBF733FD4FF05B
:10D1E000000830238D480EA9CDE90E38FBF7C0FDAD
:10D1F0004FF0600C40F20D13CDE912C3042312A9C5
:10D200001693CDF85080FCF733FC96F83C30CDF8FF
:10D210004C80012B23D033681A6A22F480521A62A0
:10D220001A6AD3F804C0D969129821F4E64141EA98
:10D230000021149822F4005242EA003279488342D5
:10D2400002BF17982CF4804C4CEA801CC3F804C031
:10D25000D961139919641A62002386F83C3096F854
:10D260003D30012B02D16D48FBF712FD6B48FBF7F7
:10D270002DFC96F84130012B1DD1022386F8413058
:10D280003368DA6842F01002DA601A6A22F48052D7
:10D290001A621A6A42F480521A62624A934240F059
:10D2A000A6805A6C42F400425A649A6802F007025F
:10D2B000062A40F0A9800F211E20FBF7C7F94FF086
:10D2C0008042062064214CF6CC46574B1A60574BDF
:10D2D000574AC2E9003091601E6045F255561E6003
:10D2E00058609960534912680868D368002B40F071
:10D2F000B1804AF6AA231360B1E013685B1A022BCF
:10D300007FF645AD72E5136823F0070343F002038F
:10D310001360136803F00703022B3FF46DAD7BE548
:10D3200041F288306368434A23F0030343F0020369
:10D3300063601168636803F00C03082B2ED13E4A2A
:10D34000136803F00703022B2DD8636812AD43F472
:10D35000E0636360636823F460536360374B03F1F9
:10D3600010062A4618685968083303C2B3421546A6
:10D37000F7D140F20123ADF83830626802F00C03B7
:10D38000082B1DD02E4B62682E49C2F303128A5C13
:10D39000D3402D4A1360FBF79DFC3DE513685B1AF3
:10D3A0008342C7D938E5136823F0070343F002032B
:10D3B0001360136803F00703022B7FF42DADC4E75D
:10D3C000C2F3834368336B44D20313F8203C0BD57C
:10D3D00062681B49C2F340424B4368326A4412F808
:10D3E000302CB3FBF2F3CEE7184A5343CBE7B3F14B
:10D3F000804F3FF45AAF164A93423FF456AF02F5BE
:10D40000806293423FF451AF1A6842F001021A6001
:10D4100051E700BFB42F0020000801406C2F00200E
:10D4200000080040002C014000E100E00030004016
:10D4300004200020602F0020002002401C09010869
:10D4400000127A00FC2E01082402002000093D0091
:10D45000000400400B681B1A302B7FF646AF2A6889
:10D46000AB4B9A4202D0AB498A4204D15B6813F4B9
:10D47000702F40F0878095F82430012B00F08280D7
:10D480000123A54885F82430FAF716FF002840F05C
:10D49000AA81AB6A2A6823F4706323F0010343F482
:10D4A0008073AB629B4B9A4205D199494B6813F448
:10D4B000702F40F08781AB6A23F48013AB6253680E
:10D4C000580548BFAB6A954942BF23F4405343F423
:10D4D0008053AB62AB6A002013F4805318BFEB6A31
:10D4E00085F8240018BF23F00603EB622B6A9962CB
:10D4F0006FF002011160916841F48071916093F8BE
:10D500002010012931D0012183F8201093F8211037
:10D51000012940F0658102F14C0E022283F821209E
:10D520001A68986310687E4E20F001001060D86B76
:10D530000390186C8140039841601020196848607E
:10D54000586810280BBF8E60C1F808E0C1F80CE0E5
:10D55000CE60DB6A002B00F03B81136843F00E03C2
:10D560001360136843F0010313602B689A6802F498
:10D570006022B2F5602F9A680CBF42F4A00242F418
:10D5800080129A6001254FF020084FF011094026C3
:10D590006148FAF77BFF6348FAF778FF03F006F873
:10D5A000A369614843F00403A361A36912A903F0CE
:10D5B00004030E930E9BCDE9128915951495FBF784
:10D5C000C7F8CDE9126915951495FBF7C1F88023CA
:10D5D0004FF48002C0F81080066153490A6100BF11
:10D5E00000BF00BF00BF0E6100BF00BF00BF00BF93
:10D5F000013BF2D14D48FCF76DFB4D4B0225186005
:10D60000FFF762FBA369112643F00403A361A3693A
:10D61000454803F004030C930C9BA36912A943F043
:10D620000803A361A369012403F008030693069B82
:10D63000CDE9125615941494FBF78AF8CDE91246F9
:10D6400015941494FBF784F805614FF4803380251A
:10D650000461036100BF00BF00BF00BF046100BFE1
:10D6600000BF00BF00BF013DF3D13248FCF732FBE1
:10D67000314B1860FCF770FB02F004FF78222F4951
:10D680002F4803F026F9FDF7FDFF2E4B18702846B2
:10D69000FDF7D2FC02F0F6FE2B48FCF7C7FC2B4B43
:10D6A00018602B48FCF7C2FC2A4B18602A48FCF78C
:10D6B000BDFC2A4B18602A48FCF7B8FC294B1860BF
:10D6C00002F0E0FE284A12AB12F8014B03F8014BBE
:10D6D000002CF9D1254B4FF480720193244B12A9F1
:10D6E000009324482346FCF79FFB4FF0500383F33D
:10D6F0001188BFF36F8FBFF34F8F4FF0FF310122BF
:10D700001D4B19601D4B1A601D4B1C603AE000BF99
:10D710000024014000280140B0300020658300084B
:10D720004020002010200020000C01406420002038
:10D7300060200020B0200020AC20002000FC010868
:10D74000382E0020CA290020602F0108142E002046
:10D75000442F0108682F0020282F0108182E0020D0
:10D760000C2F01081C2E002017090108F8240020A6
:10D77000F8200020B9A70008EC2E0020282F002058
:10D78000642F0020314B1A78D2B2129219701B7894
:10D790002F4A8DF817309DF8173003F0500313709F
:10D7A00007232C4A13609DF8171009061FD4032B7A
:10D7B00025D04FF0500383F31188BFF36F8FBFF371
:10D7C0004F8FFEE7AB6A43F48013AB624B6877E69A
:10D7D000136823F004031360136843F00A03BFE6E1
:10D7E00083F82000C1E6002385F82430CAE69DF8BE
:10D7F0001710013B490013608DF81710D3E74FF461
:10D8000040731360129B114A002113704FF0E02304
:10D810004FF47A70D3F8202D42F47002C3F8202D13
:10D82000D3F8202D42F07042C3F8202D1961996180
:10D830003A68B2FBF0F2013A5A6107221A61064BCC
:10D840001960FAF7CFFCFFF7ABF9FEE700E400E060
:10D85000703100206C310020280200200A4B80B17A
:10D8600020221A610F2300BF013BFCD14023064A4E
:10D8700013610F2300BF013BFCD14FF48003136100
:10D8800070474FF40012ECE7000C014010B508217E
:10D89000044604F080000139FFF7E0FF11F0FF01BA
:10D8A0004FEA4404F5D12022044B1A61FFF7F4F942
:10D8B00080F0010000F0010010BD00BF000C01402D
:10D8C00048F2E80358436423C00B584340F23D1329
:10D8D000B0FBF3F0074B5A8E92B242B139B95A8E6F
:10D8E00092B282422FBF08465B8E9BB2C01A024B97
:10D8F00018607047382E0020F01F0020002170B5FE
:10D90000FFF7DEFF0123174A52F83310884215DA79
:10D910004FF47A75144A52F83360141D801B684323
:10D92000891B90FBF1F00C3254F8334052F833303D
:10D930001B1B584390FBF5F0204470BD0133322B84
:10D94000E2D14FF47A73EE22A0F5405031385843BB
:10D9500090FBF2F00A22504390FBF3F000F5F570D3
:10D96000EBE700BFF8260108F026010838B50446A9
:10D9700078B102F07DFEFFF7C1FF0546204602F0B8
:10D98000BBFD0A23B0FBF3F080B2284420EAE0702C
:10D9900038BD024B9868C0F38F00ECE7242E0020BE
:10D9A00038B5114C0546608C80B2C0B10020FFF73D
:10D9B000DDFF052300EBC000B0FBF3F020300123B6
:10D9C00003211A4680B202F021FC5DB1608CBDE8F3
:10D9D000384080B2B0FA80F0400902F06DBCFFF729
:10D9E000C5FFECE738BD00BF382E00200021224BD8
:10D9F00070B51980214B04461980214B214D1E78AA
:10DA0000EEB9FDF761FD20483346FF22012102F007
:10DA1000B5FB0120FFF7C4FF54B1022002F04CFC1B
:10DA200028680021FDF7F0FABDE8704002F0AEBCB6
:10DA30002346FF220121144802F0A0FBF0E72868EA
:10DA4000FDF7E2FA02F0A2FC7CB1022002F034FC05
:10DA50000120FFF7A5FF0023FF2201210A4802F061
:10DA60008DFBBDE87040FDF72FBD2346FF2201214D
:10DA7000054802F083FBEBE7362E0020342E002011
:10DA80000D2E00205C2500202F0A01082DE9F0470B
:10DA9000DFF88081044698F800704FF00009002FED
:10DAA0000CBF32234FF0FF335B4E5C4D01203380BF
:10DAB000A5F80090FFF774FF002C40D04F450CBF35
:10DAC00022233223FF22338001214B465448A5F8FC
:10DAD000009002F053FB98F800300024002B0CBF9C
:10DAE00000274327DFF83C913780D9F800002C80CD
:10DAF000B0F57A7F73D32346FF2221464A4802F0CD
:10DB00003DFB0A23D9F800002246B0FBF3F00321C5
:10DB1000012380B202F07AFB0023FF22194643481A
:10DB200002F02CFB082337802B80FDF72BFABDE891
:10DB3000F0470023FF2219463D4802F01FBB3D4A33
:10DB4000538A9BB25BB313899BB243B3A7420CBF0A
:10DB500020232F232C803380FBF768FC364A374B79
:10DB60001168374A1B68126891422CBFC3EB01034E
:10DB7000C3EB02031844334B984220D94EF660237E
:10DB8000B0FBF3F0013001232246022180B202F003
:10DB90003DFB2346FF2221462B4802F0EFFA002FDF
:10DBA0000CBF20232F23338008232B80FDF7E6FCB6
:10DBB0000023264C0222194654F8200089E74FF42E
:10DBC0007A73B0FBF3F0013001232246022180B2C8
:10DBD00002F01CFB2346FF2221461D48DDE74FF0E3
:10DBE0000A08B0FBF8F001232246022180B202F0BD
:10DBF0000DFB2346FF222146164802F0BFFAD9F852
:10DC000000002246B0FBF8F308FB1300012319467D
:10DC10007FE700BF0D2E0020362E0020342E00207E
:10DC20002D0901085C2500202F0A0108310901088F
:10DC300033090108382E0020D42E0020642F002044
:10DC4000D82E0020B88201002F090108583601089B
:10DC50003F0A01081109010810B547F6FF70FFF7E8
:10DC60004DFE0446002002F047FC0A23B0FBF3F00F
:10DC700080B22044013810BD2DE99F480020FDF7F7
:10DC8000DBF900232024DFF8F4917D4DC9F8003042
:10DC90007C4B1A687C4B1A600520FBF779FB01204E
:10DCA000FFF764FEE88D012180B202F053FC013CD5
:10DCB000F2D102F0F3FC88B140F6B737734E744CE2
:10DCC000FBF70EFE88B923787BB93368BB420CD8CA
:10DCD00002F0D8FB6420FBF75BFBF1E702F0D2FB1C
:10DCE0004FF4FA60FBF754FBE3E7D6F80080DFF867
:10DCF000A4A1694F4FF4FA60FBF74AFB002800F03B
:10DD0000B4800120FFF732FED9F800408346002C92
:10DD100040F3A680B4F5E17FA8BF4FF4E174FFF7AC
:10DD20009BFFA04202DAFFF797FF04465B4A336885
:10DD3000116800205B1A4FF47A71B1FBF3F133687C
:10DD400003911360564BA4EB0B021B784F2B8CBF37
:10DD500041232D2303FB02F28CBF41230A230292AD
:10DD60000193FDF735F9DDE902210446A88E80B262
:10DD700058B14FF00A0CA88E80B20CFB00F0844220
:10DD8000C2BFAC8EA4B20CFB04F446485200036838
:10DD90000A205843A042A8BF2046002B18BF0446C3
:10DDA000019BDAF80000B3FBF1F3C3F164034343D2
:10DDB000642092FBF1F293FBF0F31344A3424DDC99
:10DDC0006442A3424ADB1C4621465846CAF800304A
:10DDD000FBF788FE2B8D9BB2F3B140F6C4116B8D1F
:10DDE00032689BB24B4330490868121A934208D2FA
:10DDF000AA8D336892B20B60FA2101FB02332B4AE1
:10DE000013602B8D9BB29C4206DA284A3368126855
:10DE10009A4284BF2C8DA4B247F6DF72244B9B68D4
:10DE2000C3F38F03934288BF00243B78092B34BF90
:10DE300020460020FDF700F902F024FB3368A3EB35
:10DE40000803B3F57A7F7FF655AF3B78D6F80080AC
:10DE5000002B3FF44FAF013B3B704BE72346B3E74A
:10DE60000021FBF73FFE0024B4E71423114A13807E
:10DE7000114B1870114B1870E0E700BF102E0020F6
:10DE8000382E002000300020AC300020642F00200D
:10DE90007D250020842500200C2E002088250020D0
:10DEA0007E25002080250020902500208C25002044
:10DEB000242E00203A2F0020372F0020382F00205A
:10DEC000002340F21A201A4610B5074911F8014BF9
:10DED00003FB042201338342F8D1044B18681A6013
:10DEE000801A18BF012010BDB0270020E81F0020B5
:10DEF00007B501238DF8070000210DF107027820F6
:10DF0000FEF7A1F903B000BD08B5074B1A788242AD
:10DF100009D018705238C0B2FFF7EAFFBDE80840D8
:10DF20000A20FEF7E1B908BDE61F002038B5B0248D
:10DF30000B4D2046FFF7DCFF1020FFF7D9FF01341F
:10DF40000020FFF7D5FFE4B22A4680234021782045
:10DF5000FEF779F9B42C05F18005EAD138BD00BF90
:10DF6000C127002008B5FFF7ABFF18B1BDE8084096
:10DF7000FFF7DCBF08BD00002DE9F04102F070FBA7
:10DF8000054618B900252846BDE8F081DFF89080E5
:10DF90000021B8F82E0080B202F0DCFA214B1B6899
:10DFA000B3F5FA6FEED9B8F80A20B8F80C3092B28F
:10DFB00082B302325343DBB28342E3D900241A4BCB
:10DFC0001A4F1C60FCF746F8B8F82030184E9BB288
:10DFD0003C80348003B32346FF222146154802F0DB
:10DFE000CDF80823FF2221461348338023463C8086
:10DFF00002F0C4F8FCF7C6FF2346FF2221460F4873
:10E0000002F0BCF8FFF7AEFF3220FEF76DF9FEF725
:10E0100079FDB8E75A23CFE7FF2201210848EFE74F
:10E02000382E0020642F0020102E0020362E0020D5
:10E03000342E0020CF210108DD2101083309010819
:10E04000C62101082DE9F047FFF796FF002840F0B0
:10E05000BA805E4F5E4E7A695E4D002A59D03060BC
:10E06000688C80B2002871D00020FFF77FFC052368
:10E0700000EBC000B0FBF3F02030B5F82080DFF8F3
:10E0800058A11FFA88F8DFF8549184B2B8F1000F54
:10E0900063D04FF00008FBF7DDFF4346FF22414607
:10E0A0004F48AAF80080A9F8008002F067F808231A
:10E0B000FF2241464B48A9F800304346AAF80080A9
:10E0C00002F05CF8012342460321204602F09EF84C
:10E0D0006B8C9BB2002B3CD04346FF22414642480A
:10E0E00002F04CF80023FF221946404802F046F89F
:10E0F000FCF748FF0023FF2219463D4802F03EF896
:10E10000FFF730FFFBF7AAF9002840D17868BDE897
:10E11000F0876B8C9BB283B1E988AB8889B29BB2E4
:10E120008B4228BF0B461F2BC1BF0922203B03EBAC
:10E130008303B3FBF2F2326092E7EA88AB8892B2D3
:10E140009BB2934228BF1346336089E7FFF70EFC6A
:10E1500093E7FF2219462748C2E7FBF77BFF4346B8
:10E16000FF2201212448AAF80080A9F8008002F0CB
:10E1700005F8012320461A46032102F047F8688C6F
:10E1800080B2B0FA80F0400902F096F8B8E76B8BE5
:10E190009BB263B1194B196849B1194B1A686B8B63
:10E1A000521A4EF660219BB24B439A4209D8FBF7B4
:10E1B00093FA082805D07B69002B0CBF03200E20A2
:10E1C000A5E7002333600020A1E700BFB42E0020A4
:10E1D000102E0020382E0020362E0020342E002055
:10E1E000E8210108F6210108350901082F0A010874
:10E1F000330901088209010837090108D82E0020D7
:10E20000642F00202DE9F04F8BB0FBF723FFFBF7C5
:10E2100063FA0446002800F0A2800120FFF774FE94
:10E22000A74B1E68082E00F0718100F3CF80052EE9
:10E2300001F0018000F3B180032E00F00D87042E61
:10E24000A04FA14D01F07181012E00F061844FF0CB
:10E25000000B9E4B9B4FC3F800B0F88D594680B21F
:10E2600002F078F95846FFF781FB994BB7F81E90FA
:10E270001D78984E5D450CBF32234FF0FF33DFF819
:10E2800058821FFA89F982463380A8F800B0B9F1A4
:10E29000000F00F09C8302F0A7F9002800F06583CE
:10E2A000002D40F058838D4B3822009329462023BF
:10E2B000362002F005F84FF0FF33F88D002180B2D0
:10E2C0004FF00A0B338002F045F90123B0FBFBFA53
:10E2D00081461A4602211FFA8AF001F097FF0023B7
:10E2E000FF2201217E4801F049FF01230BFB1A9018
:10E2F0001A46194680B201F089FF002D0CBF302369
:10E300005B2333800823A8F800300023FF2219463E
:10E31000744801F033FF6C4D002C00F0C883AB89CA
:10E32000002B00F00F830123042CAB8100F0C98384
:10E3300000F2C0839C4240F0CB8302F055F90028E4
:10E3400040F00083FB8B9BB2002B00F0BF833B8C23
:10E350009BB2B3FA83F35B095B00AB60ECE2FFF7BF
:10E3600005FB31283FF759AF564B5B8A9BB2002B18
:10E370003FF453AF5C495D4A0B6812689B1A4EF636
:10E38000602293427FF649AF0B68594909685B1ACE
:10E3900093427FF642AF204640E7062E4A4D40F0BA
:10E3A0006086AB89474F13B9B7F854302B834FF4CD
:10E3B0007A7BB7F85630082C9BB2BBFBF3FB02D03C
:10E3C000102C40F075840123AB60BBE20C2E2AD0E8
:10E3D00016DC0A2E00F0C8810B2E40F0B38202F04A
:10E3E0005DF90146002841F039803A4BFF22188040
:10E3F000394B188003463F4801F0C0FE0B2628E049
:10E400000D2E01F03C820E2E7FF421AF01222E4B07
:10E410005A61FFF717FE364B344A1B6812681343E4
:10E4200040F08A8295E2284EB589022D17D00DD88A
:10E430009DB9314F3B782BB121463048FCF7D0F9DC
:10E4400010B13D700123B3810C2602E0032D21D0D1
:10E450000A2630460BB0BDE8F08F0223F3E7284BC5
:10E460001B68002BF0D0012B12D1164BDB8F9BB217
:10E47000012B0DD821462348FCF7B2F90028E3D040
:10E4800003231D20B381FBF729F8FDF789F8DBE7AB
:10E490000323D8E7FBF714FA80B90A4BB3F84030EE
:10E4A0009BB2012B0AD821461748FCF799F900289E
:10E4B000CAD01E20FBF712F8FDF772F80423C2E75A
:10E4C00020020020382E0020B42E0020102E002024
:10E4D0000D2E0020362E0020342E00202C2D002062
:10E4E0000F09010833090108642F0020D82E0020ED
:10E4F000D42E002097210108CA2900209B20010862
:10E50000202E0020B1200108CE200108DFF8D4B26F
:10E51000BBF80CA0BAF1000F54D1FBF7D1F90028D9
:10E5200048D0FBF7DDF9002846D142F21072AE4B1D
:10E530001B68934294BF4FF000084FF001084FEA68
:10E540004808AA4B93F83421002A38D193F8349024
:10E550000027A74EA74D3B46FF223946A6483780E5
:10E560002F8001F00BFE0823FF223946A3482B80A1
:10E570003B465FFA89F9378001F000FE3B46FF22F7
:10E5800039469F4801F0FAFD01233A4602214846E8
:10E5900001F03CFE3B46FF223946994801F0EEFD72
:10E5A000B8F1000F2AD03B46FF223946954801F0CA
:10E5B000E5FD23E08046C4E74FF00208C1E793F889
:10E5C0003491C5E7BAF10B0F00F2CA808E4A0AF106
:10E5D0008043013B52F82350B5F1804F1AD23223C9
:10E5E0004FF00008C5F389225A434346C5F3090595
:10E5F000002A43D10AF1010AABF80CA0022C00F06A
:10E600009187012C02BFBBF80C300133ABF80C3002
:10E6100008261EE705F04043B3F1404FEAD11368E6
:10E6200013F400081ED005F04051B1F1805F0AD10B
:10E630006421C5F34842C5F307235FFA85F84A43CE
:10E6400000254B43D4E70029D4D16420C5F34742C9
:10E65000C5F3072305F07F0588464243434305EB96
:10E660008505C5E76421C5F34742C5F3072305F0D7
:10E670007F054A434B4305EB8505B9E74FF47A71B3
:10E68000B3FBF1F34FF000090393B2FBF1F3584FE2
:10E69000584EFF224946584804934B46A7F800902D
:10E6A000A6F8009001F06AFD08234A460221504670
:10E6B00033800123A7F8009001F0A8FD4B46FF220C
:10E6C00049464F4801F05AFD039B63B101234A4676
:10E6D0000221BDF80C0001F099FD4B46FF2249468E
:10E6E0004A4801F04BFD012300220221049801F069
:10E6F0008DFD0023FF221946454801F03FFD002310
:10E70000FF2219463E4801F039FDB8F1000F0AD04A
:10E71000012300220321404601F078FD0023FF225F
:10E7200019463C4843E76427AEB2B5FBF7F5012331
:10E7300042460221A8B201F069FD4346FF2241464C
:10E74000354801F01BFD07FB156043464246022198
:10E7500080B201F05BFD4346FF2241462F4826E789
:10E760000023ABF80C3049E7FBF774FC2C4BD3F8D3
:10E77000002C2C4B9A425FD110232B4A03F10061ED
:10E7800001F5C031506891F8F54BC45491F8F40B81
:10E79000516819440233702B4870EFD1102303F1F4
:10E7A000006101F5C031906891F8554CC45491F85E
:10E7B000540C916819440233702B4870EFD1FFF765
:10E7C000D1FBFEF7D5F9FBF745FC184B1A8B92B23B
:10E7D000022A40F0A7800023154A1360154A1360EF
:10E7E000032636E6B42E0020642F0020F8290020EE
:10E7F000362E0020342E00203E090108470901086A
:10E800002F0A010895090108CC2900203C090108BC
:10E810003309010831090108110901084D090108EE
:10E820000080010855AA0DF0DC2E0020382E0020B3
:10E83000D42E0020D82E0020A74A1378AA2BC2D1AC
:10E84000DFF89882B8F84A309BB2002BBBD05378DF
:10E8500001260393FBF7FEFBDFF88492FAF73CFFF7
:10E860000028B0D116F8094006EB0907FE2C57D056
:10E87000FF2C27D09CB34FEA540A054654464FF06C
:10E88000600B7B1C0493554525DA049B13F8153067
:10E890000135B3FBFBF0602B0BFB103008AB17F816
:10E8A000152000934FF0080300F110008DF8202090
:10E8B00038BF19464FF0010228BF1021C0B201F045
:10E8C000FFFCE0E71023013760220821184600977B
:10E8D00001F0F6FC6024FFF745FB64000134FFF70C
:10E8E00041FB039B264413B19800FDF7FDFCB8F8EB
:10E8F0004A309BB2002BB1D040F2FD339E4201DC86
:10E90000002CABD1B8F84A309BB2062B7FF459AF3C
:10E910004FF4C870FDF7E8FC0126FBF79BFB9DE771
:10E920000124DCE71A8B92B2012A07D16D4B6E4AA3
:10E930001B6813606D4A136001268AE51B8B9BB22E
:10E94000032B01D0002684E50023674A1360674A41
:10E9500013600E267DE5664B38220093594620232E
:10E96000584601F0ADFC3823A7E4BB8B9BB26BB1DA
:10E97000BAF1370F0ADD4FF47A725A4B1B68B3FBBA
:10E98000F2F102FB1133B3F5967F02D30120FFF7BA
:10E9900007F8002D0CBF062349234FF00009B88863
:10E9A0004A460321338080B20123A8F8009001F089
:10E9B0002DFC484601F03EFD4D450CBF4B46432320
:10E9C00033800823A8F80030FCF7DCFA9DE4002D22
:10E9D0003DD1484B3822294644200093202301F0A2
:10E9E0006FFC454B38220093294620230C2001F070
:10E9F00067FC3580FCF768FD01F0F6FD814618B92B
:10EA0000BAF1370F7FF787AC002D33D1382220239E
:10EA100029464420009501F099FC3822A8F80050BE
:10EA20003280B9F1000F3AD1BB8B9BB25BB14FF48E
:10EA30007A722C4B1B68B3FBF2F102FB1133B3F576
:10EA4000967FFFF468AC0020FEF7AAFF63E42B4B2F
:10EA50003822494648460093202301F031FC284BD8
:10EA600038220093494620233A2001F029FC7423E0
:10EA70003380BFE700252023382229462846009509
:10EA800001F064FC3580A8F80050B9F1000FCBD03C
:10EA90001C4B3822009329462023284604E01A4BB9
:10EAA000294600933620202301F00AFC33E4012399
:10EAB000AB8147E7082C7FF445AF0323AB60052605
:10EAC000C7E40222114B9A600726C2E4022344E401
:10EAD0000426AB60BDE400BF008C0108382E002086
:10EAE000018C0108642F0020D42E0020D82E002095
:10EAF000763501084C2C00206C2B00209634010840
:10EB0000B6330108D63201082C2D0020B42E002087
:10EB100000236B61EB89DFF80C82002B46D07B8CE5
:10EB20009BB2002B3FD03B8E9BB21F2BC1BF092253
:10EB3000203B03EB8303B3FBF2F3D8BF0023C8F8F9
:10EB400000300020D8F80060FEF710FF361A0A36B1
:10EB5000142E32D82B8B33B9734B1B6803F24D1331
:10EB60002B6101232B832B690BB16F4B1B683B8CF3
:10EB7000E8899BB2003818BF012003B3FEF786FF77
:10EB8000FE8BB6B226B13E8CB6B2003E18BF01264F
:10EB9000FFF7F2F9B0B1644B86F001061A68634BD7
:10EBA0001A60AE60CEE63B8E9BB2C8E77B8C9BB210
:10EBB0000BB1BB88B8E7BB88F6E70023D2E7FEF7C6
:10EBC00015FFDDE7FAF74AFC064600287FF408AE99
:10EBD000574B1A78082A06D918700123C8F8000084
:10EBE000AB60092635E4AB89012B32D9202C10D13A
:10EBF000032B214609D14F48FBF7F2FD00283FF4D3
:10EC00009BAE0123EE61AB8196E64B48FBF7E8FD36
:10EC100092E6EB6923B1444A1268934208D8E8614E
:10EC20004CB1042C0AD0404B1B6803F57A73EB619E
:10EC300021464248EAE70323EB607DE63B8E9BB228
:10EC4000002BF0D0FB8C9BB2012BECD10123EB818C
:10EC500072E6FA8B92B222B13E8CB6B2003E18BF79
:10EC60000126042C1DD004D8002C7FF42AAFEC60C0
:10EC700062E6102C11D0202C0FD1FA8C92B2002A0F
:10EC80003FF45AAE21468BB92B48FBF7A9FD00286B
:10EC90003FF452AE0223AB814EE686F00106F6B297
:10ECA0007FE73B8E9BB2002BD0D145E62148ADE7F4
:10ECB000788C80B2D8B10020FEF758FE052300EB17
:10ECC000C000B0FBF3F020302B691FFA80F813B9B5
:10ECD000154B1B682B61688B2A8B60B94245A5F8E0
:10ECE0001A8007D821461648FBF77AFD2AE6FEF778
:10ECF0003DFEE9E74046DFF830A02969DAF8003048
:10ED00008242A3EB01034FF47A71B3FBF1F39CB29F
:10ED100018D9424540F2DA80A2EB08004142414155
:10ED200015E000BF102E0020642F0020D42E0020FC
:10ED30000C2E0020F0200108E5200108FE2001082B
:10ED40006B150108E8D2424534BF00210121EB894F
:10ED50009C4219D3C1B1DAF80000A9892861B7F83B
:10ED60005200013189B280B28142A9816A8340F2A6
:10ED7000AF804FF47A7BB7F86C20002392B2BBFBD4
:10ED8000F2FBEB812B830024B7F85230AA899BB2A7
:10ED90009A420BD90020FEF7E9FD362806DC6B69A4
:10EDA00023B9DAF8003003F24D136B616A8BB5F8C2
:10EDB00018904A4580F0D080DAF8003029685B1A54
:10EDC000B3FBFBF313449BB2994528BF9946388C9B
:10EDD00080B2002800F02381AB894FF0000B039331
:10EDE000EB89AC4A0493AC4B03211B784046002BC3
:10EDF00005930CBF302300231380A84B5A46A3F879
:10EE000000B0012301F002FA5B46FF225946A448F4
:10EE100001F0B4F901235A460321484601F0F6F9FE
:10EE20007B8C9BB2002B00F0A8805B46FF225946EA
:10EE30009C4801F0A3F9039BA3B1B7F85230039AA1
:10EE40009BB29A420ED8059B924A002B0CBF2423FA
:10EE5000372313800022914B03981A80012319460F
:10EE600001F0D4F9059B8B4A002B0CBF2A23002309
:10EE700013801023894A1380039B002B40F081806C
:10EE80000023FF221946884801F078F90020FEF798
:10EE9000FDFD7B8C854C9BB2002B00F0C380B9F14B
:10EEA0001F0FC1BF0923A9F1200909EB8909B9FB8B
:10EEB000F3F3D8BF00232360FFF75EF8002800F0CB
:10EEC000B480DAF800207A4B1A603BE501213EE776
:10EED000032933D00BD8012914D0022927D04FF4AD
:10EEE0007A7110464B43121A93FBF2F31CE004298B
:10EEF0002BD00529F3D1B7F86A30B7F868109BB268
:10EF0000EB8105E0B7F85A30B7F858109BB2EB81A7
:10EF10004FF47A7089B28A4200FB03F329830846D2
:10EF2000E1D2891A93FBF1F31FFA83FB2BE7B7F8C1
:10EF30005E30B7F85C109BB2EB81E9E7B7F862305E
:10EF4000B7F860109BB2EB81E2E7B7F86630B7F82C
:10EF500064109BB2EB81DBE77FF639AFDAF8003063
:10EF600029685B1AB3FBFBF3D31A9BB299453FF6B2
:10EF70002EAF9A4228BF994629E7FF2219464D48ED
:10EF800057E7B7F85230039A9BB29A423FF678AFF0
:10EF90004FF03C080123B4FBF8FB194600221FFA8E
:10EFA0008BF001F033F90023FF221946424801F0AB
:10EFB000E5F8002308FB1B401A46022180B201F04D
:10EFC00025F90023FF221946354801F0D7F8049BA4
:10EFD00002339C4208D34FF47A72DAF80030B3FB64
:10EFE000F2F3DB073FF552AF4FF03C08049B0022E1
:10EFF000B3FBF8F401232046194601F007F900237A
:10F00000FF2219462C4801F0B9F8049B022108FBA5
:10F010001430002380B21A4601F0F8F836E7FEF704
:10F02000E5FC36E7C4F8009046E76B6923B1DAF8EF
:10F03000002093427FF686AC204B1A78082A03D929
:10F04000002222601A70CCE5AB89002B3FF401AAA4
:10F05000B7F85230FFF7FDB90BB0BDE8F04FFEF73F
:10F06000F1BF0022114B1A60AB892BB90CB90123F7
:10F07000AB810023EB8129E0042C00F0B78021D87C
:10F08000012C0F4B00F0BF80022CF2D15B8F5B4252
:10F090001BB21CE0362E00200D2E0020342E002046
:10F0A0000F090108350901086B150108102E002011
:10F0B000D42E0020820901084F0901080C2E0020DF
:10F0C000382E0020082C7ED0102C75D00023EA8921
:10F0D000B14CC82A88BFC822E18E88BFEA815A4253
:10F0E00089B212B2002918BF1346DBB1A28883EAA5
:10F0F000E371A1EBE37113441BB20AB293FBF2F389
:10F100005943638C09B29BB2002B7ED0322940F266
:10F110005233B8BF32219942A8BF1946002089B2A4
:10F12000FAF7C8F908239D4A13809D4A13809D4B26
:10F13000E08E1E7880B2002E70D13346FF2201216E
:10F14000994FDFF868C298420CBF6046384601F01C
:10F1500015F80023FF220121954801F00FF8012343
:10F16000A0881A46032180B201F050F8608C80B26A
:10F17000B0FA80F0400901F09FF88D480023FF228B
:10F18000012100F0FBFFE08E80B2002E4DD1FF2266
:10F1900001213346854C844E98420CBF30462046B0
:10F1A00000F0ECFF834B844A1B6812689B1A40F600
:10F1B000B83293427FF688ACFCF7F2F901236E680F
:10F1C000AB60FFF746B97B49EA892B690868D31A17
:10F1D0000344B3F5967F7FF679AF6F4B1B8F5B428D
:10F1E000096821321BB22961EA8170E77149EA8915
:10F1F0002B690868D31A0344B3F5967F7FF666AF90
:10F20000654B1B8FECE75B8F42E70A29B8BF0A21E9
:10F21000B1F5E17FA8BF4FF4E1717FE70023FF2242
:10F220000121624FDFF880C18DE70023FF22012119
:10F230005D4C5E4EB0E70025584F594EDFF87C918B
:10F240002B46FF2229465E4899F80C803D80358088
:10F2500000F094FF3D8008275A482B46FF2229469C
:10F2600050F82800378000F089FFB84500F08B8007
:10F270001DD8B8F1040F5ED010D8B8F1020F46D0F7
:10F28000B8F1030F4ED0B8F1010F35D0022C40F089
:10F29000D9800423C9F80830FFF754BBB8F1060F32
:10F2A00053D0B8F1070F49D1FEF7D6FC49E0B8F1C9
:10F2B0000C0F00F0BD800FD8B8F10A0F00F09B8052
:10F2C000B8F10B0F40F08E803F4B01219868C0F3DE
:10F2D0008F00FEF7F5FA8AE0B8F10E0F00F0AB8070
:10F2E000B8F10F0F00F0AC80B8F10D0FCED1374B55
:10F2F0001868F9F72FFE4BE0354BD3F8E857D3F8F1
:10F30000EC0700F073FF284600F070FFBEE7314BBA
:10F31000FF221E6829462B462F4850F8260000F091
:10F320002DFFB3E7FCF72AF92B4629462B4DFF2288
:10F3300055F82000F3E7FBF725FEA7E72846FEF780
:10F3400015FB01232A4606211BE0284601F0D4F8CC
:10F350000A26B0FBF6F001232A46414680B200F0AF
:10F3600055FF2B46FF2229461D4800F007FF28467F
:10F3700001F0C2F8B0FBF6F303FB160001232A46A6
:10F38000194680B251E00B4B18686423B0FBF3F0D0
:10F39000012300220821F4E7382E0020362E002019
:10F3A000342E00200D2E00202D0901083C090108F3
:10F3B0002F0A0108642F0020D42E0020B42E002034
:10F3C000510901088C360108242E00201C2E002033
:10F3D00000F0FF1F202E0020683601085836010873
:10F3E00011090108C34B18686423B0FBF3F0012333
:10F3F0002A463946C5E701F01FF9B0FBF8F00123B2
:10F400002A460621C0B200F001FF2B46FF22294602
:10F41000B94800F0B3FE01F00FF9B0FBF8F303FBBD
:10F42000180001232A461946C0B200F0EFFE2DE76E
:10F43000B24B588EDBE7B24B1868F9F78BFDD6E775
:10F44000B04BF9E7012C7FF43AABB9F80C3001333B
:10F4500003F00F03A9F80C30FFF731BB01F0C4F83B
:10F46000064600287EF4F0AFFEF780FA05463046E7
:10F4700001F042F80A23B0FBF3F080B22D1A002D00
:10F48000B8BF6D42092D3EF7DFAF9F4DAB890F2B03
:10F4900031D89E4C69692268521A642A09D901F050
:10F4A000E7F82B69226803442B61AB896A61013359
:10F4B000AB810024964F974EFF2221469648C3F316
:10F4C000870523463C80348000F058FE0823FF2245
:10F4D00033802146234688483C8000F04FFEE3B24B
:10F4E000AB42BEF48BAF0023FF221946824800F0E6
:10F4F00045FE0134F3E728690121C0F30F10FEF740
:10F50000DFF981B21720F9F7D5FF21468348FBF7D1
:10F5100067F900283EF472AF00212420F9F7CAFFF2
:10F52000FCF73EF80D26FEF794BFE989AB89002968
:10F5300040F0BA807A4A079214217A48DFF8CC81E9
:10F54000D0F800C040F6B730ADF81A304B43D8F8C9
:10F55000001002EB0309A1EB0C01814240F2AB80E9
:10F56000D15C002900F0A780012169836E48D35C3B
:10F57000D8F8001000EB4303B3F85230A1F6B831CD
:10F5800000F59E70A1EB0C011844FBF743F92B8B9F
:10F5900023B980210798F9F732FF28836B8B002B62
:10F5A0006ED14FF02009BDF81A100798013189B2C9
:10F5B000F9F725FF1421B5F818B0BDF81A20B9FBEA
:10F5C000FBF9079B824601FB0233187CB9F1010F5E
:10F5D000B8BF4FF00109372800F2AA80F9F7B0FF51
:10F5E00080F00100C0B2FA22D8F80030B3FBF2F18B
:10F5F00002FB11337C2B01D9002841D0BAF1000F56
:10F600000CBF5046AAF1010080B2B9F1200F4FEAB9
:10F61000401018BF0123B0FBFBF018BF03FA09F339
:10F62000C0B20CBF4FF0FF3303F1FF331F288CBF74
:10F630004FF0000903FA00F95FFA89F30122002173
:10F640007F200093082300F081FEC9F30723009375
:10F650000823012219467F2000F078FEC9F30743F2
:10F66000012210217F200093082300F06FFE4FEA53
:10F67000196300930122082318217F2000F066FE01
:10F6800007AB08930DF11A030993B7F87230042CF5
:10F690009BB25CD04ED8012C7AD0022C00F0908026
:10F6A0000023C5E9043349E0204A013952F82320F8
:10F6B0008BB2079240E799F812A0BAF1000F14D06C
:10F6C000194A99F8111002EB4101B1F8BE0002F598
:10F6D0009E72104400F078FD0AEB4A030C4A9B002E
:10F6E000023B138000220B4B1A80D9F80830984750
:10F6F0004DE700BFD82E002011090108382E002048
:10F70000182E0020142E0020B42E0020642F00207C
:10F71000362E0020342E0020972101088020010879
:10F72000E4360108D42E002072130108D0360108F7
:10F73000012058E7082C32D0102C61D02B69C93B2E
:10F74000632B3EF686AEC8232B61FEF782BE43BB19
:10F750002B69D8F800201A446B6903F596739A4216
:10F76000ECD908A8F9F7DAFE1421BDF81A20079B96
:10F7700001FB0233187C37284FD90023D8F800202A
:10F7800013446B612B6921332B6100232B83D5E755
:10F79000C3B96B8B002B47D000236B83CEE7002BC4
:10F7A000D6D1D8F800102B696A69194402F596720F
:10F7B0009142C3D9D8F8002021336A612B6101E05E
:10F7C000002BE6D10324374FDFF8DC806B8B002B56
:10F7D000E2D1EA892B83AC60AB89002A39D11422AB
:10F7E00001339BB2AB8102FB0383D3F80890B9F1DC
:10F7F000000F3CD1FBF7D4FE02234E46AB609DE7E1
:10F80000EF89022427B9FBF7CBFEAC60FFF79AB86B
:10F810000023AC60EB81FEF71CBEF9F791FE0028D7
:10F82000ABD04FF4FA63A9E72B83EB896BB91421B2
:10F83000BDF81A20079B01FB02335B680BB19847A8
:10F840007CE70123EB81AB6078E708A8F9F766FE57
:10F8500074E71421013292B257F82330EA81013A59
:10F8600001FB02339A6812B90223EA81EBE7DB68F5
:10F87000002B3FF463AF98470028A7D05EE70B4BFF
:10F880001A78082A01D0022A03D100221A70FEF742
:10F89000BFBE074BB3F84C309BB2002B3EF4D4AD47
:10F8A000FEF7ACBDD0360108E4360108B02E0020CA
:10F8B000382E002070B50646094C25682168304670
:10F8C000491BFAF7A7FFF9F707FF28B9FEF74AFB2C
:10F8D0002820FCF709FDF1E7431E5842584170BD4E
:10F8E000642F002008B5094BB3F84C309BB24BB9DC
:10F8F0000748FFF7DFFF38B10121BDE808402420A9
:10F90000F9F7D8BD0021F8E708BD00BF382E002068
:10F910003E2101082DE9F84FFAF79CFB4FF0190939
:10F92000384E0024384D394FE88D214680B24FF0D3
:10F930000A0BA6F800903C8000F00CFE0123B0FBFF
:10F94000FBFA80461A4602211FFA8AF000F05EFC9C
:10F950002346FF2201212E4800F010FC01220BFB60
:10F960001A801146234680B200F050FC2346FF2245
:10F970000121284800F002FC0823E88D22460321DB
:10F980003B8080B20123348000F040FCF9F7A4FEF4
:10F99000022833D007D801281BD0FEF7E3FA28202D
:10F9A000FCF7A2FCBDE71028F7D8FBF7F9FDFAF742
:10F9B00051FB34803C80F9F78FFE01461648FAF778
:10F9C0000FFFFEF7CFFABDE8F84F4FF4FA70FDF7DE
:10F9D000AFB8124AE98DB2F8A83089B28B4203D190
:10F9E000B2F8AA30EB85D8E7B2F8AC10EA8D581817
:10F9F00092B28242C4BFEB8D5B1AF3E71520F9F790
:10FA00006DFDCAE7362E0020382E0020342E00204F
:10FA10000F09010833090108802001080E000020A9
:10FA200008B50F48FFF746FFC8B17822FF210D48FF
:10FA300000F0FAFEFBF726FEFBF7B2FDFAF70AFB31
:10FA4000F9F74AFE01460848FAF7CAFE08B100F085
:10FA500007FDFEF787FA6420FCF746FCEEE708BDD9
:10FA6000A3210108382E0020942001082DE9F04F31
:10FA700087B00290F9F730FE4FF00009B0FA80F835
:10FA80004C4B4FEA58181A681B6803920593CDF83F
:10FA90000090009B039A01330093464B4FF4FA7198
:10FAA0001B686FF07F059B1A01936423019A4F46F0
:10FAB0005A43B2FBF1F292B2C2F19604524354435C
:10FAC00041F2883294FBF2F4A4B2E401B4FBF3F403
:10FAD000A4B2802C28BF8024029B5FFA84F9A5EB96
:10FAE0000905EDB2002B59D0AA460025AB46A9EB7B
:10FAF0000707FFB2304EC4F180023068C119584484
:10FB000000F0CEFE7068C4F18002C119584400F0C4
:10FB1000C7FEB068C4F18002C119584400F0C0FEAD
:10FB2000F068C4F18002C119584400F0B9FE234BBB
:10FB3000306859192246504400F0B2FE204B7068DC
:10FB400059192246504400F0ABFE1E4FB0682246C1
:10FB50007919504400F0A4FEF06807F180012246B4
:10FB60002944504400F09CFE009BDB0701D4FEF7C3
:10FB7000F9F90E2105A8F9F7D5FBF9F7ADFD002835
:10FB800008BF48F00108F9F7A7FD58B1B8F1000F18
:10FB900008D000F03FFC07B0BDE8F08FCB46DDF8A1
:10FBA00008A0A7E7019BB3F5FA7F7FF672AFFEF7D7
:10FBB000D9F9F0E7642F0020DC2E0020A7250020D3
:10FBC00027260020A72600202DE99F4800231D4658
:10FBD000B84ADFF8E4921380B84AB94C1380B94AA6
:10FBE000B94E137009F18002626009F58072A2605B
:10FBF0008032C4F80090E26070780135FEF778F941
:10FC0000192D06F10306F7D1DFF8C0A20120FEF797
:10FC10007BF9BAF84800DFF8B882C0B200F08AFA7F
:10FC2000BAF8460080B2003818BF012000F098FAF8
:10FC30000023DFF8A0E2A84AA84E9D18A84A9F1901
:10FC400098183722A74E03EB080103EB0E0C9E1900
:10FC50001CF802B005F801BB17F802B000F801BBB0
:10FC600016F802B0013A01F801BBF1D23833E02BAB
:10FC7000E1D100F0FDFC002120229B4800F0D4FDE2
:10FC8000BAF81000994F00F0010000F01BFA984BF1
:10FC9000954E9A68D2055EBF0421964A11709B6802
:10FCA0005B055EBF0822934B1A70934B1B68019350
:10FCB000FEF7A8FA3B680546984212D08E4A0A2BF6
:10FCC0001268C6E9002306D1BAF818309BB2002B9F
:10FCD00034D00123736014220021884800F0A4FD71
:10FCE0003D60B3680BB3864B03F180022360626012
:10FCF00003F5807203F5C073E360A260FEF782FA39
:10FD0000804BB06863608033A360032803F18003F5
:10FD1000C4F80090E36072D012DC012800F00B817F
:10FD2000022800F007810023B360FEF71BF900F002
:10FD3000A9FB282101A8F9F7F5FAB9E71D46CAE79A
:10FD40000428F0D16C4B4FF000081B680393F9F7BF
:10FD5000C3FCB0FA80F56D0900206B4A6B4B92F83A
:10FD600001C192F881E14FEADC1141EA4E0182F8CB
:10FD7000811192F881104FEA4C0C4CEAD11C82F8A8
:10FD800001C112F801CF490041EADC1182F880106C
:10FD900093F881114FEA4C0C4CEAD11C82F800C058
:10FDA00093F801C1490041EADC1183F8811193F80D
:10FDB00081104FEA4C0C4CEAD11C83F801C1013090
:10FDC00013F801CF4900C0B241EADC1180284FEAA4
:10FDD0004C0C83F8801083F800C0C0D1F9F77CFC8C
:10FDE000002808BF45F00105F9F776FC002800F06F
:10FDF000A580002D00F0A28000F00CFB93E73E4BA5
:10FE00004FF000081B680293F9F766FCB0FA80F522
:10FE10006D0900213C4B3D4A93F881C093F801E005
:10FE20004FEACC1040EA5E0093F801E158704FEAC7
:10FE3000CE1040EA5C0093F881C183F881004FEA5C
:10FE4000CC1040EA5E0012F801EF83F801014FEA9E
:10FE5000CE1040EA5C0092F880C083F881014FEA3E
:10FE6000CC1040EA5E0092F800E110704FEACE102C
:10FE700040EA5C0082F8800092F8800101314FEA8C
:10FE8000C01CC9B24CEA5E0C4008802903F1010392
:10FE900082F800C182F88001BED1F9F71DFC00286C
:10FEA00008BF45F00105F9F717FC88B385B300F0EA
:10FEB000B1FA38E7342E0020C1270020362E00206A
:10FEC000DC2E00200D2E0020D4010020382E002032
:10FED0002C2D0020F63101084C2C00201631010891
:10FEE0006C2B002036300108B42E002020020020A8
:10FEF00000080140B02E0020642F0020C02E0020FA
:10FF0000A725002041280020C0270020A62500208A
:10FF100018F0010F01D1FEF725F808F101080E21B4
:10FF200002A85FFA88F8F9F7FDF9B8F1200F7FF41D
:10FF300070AFF8E60020FFF799FDF4E618F0010F26
:10FF400001D1FEF70FF808F101080E2103A85FFAAE
:10FF500088F8F9F7E7F9B8F1200F7FF4FDAEE2E693
:10FF600002292DE9F3411D4B04461D4818D11022EA
:10FF70001A700C221B4D02701B780678DA08724347
:10FF800004FB0255184F1949B7F900800095324615
:10FF9000404691F90010464400F092F93E800DE091
:10FFA00079B110250C26012C1D7006700CD10F4B59
:10FFB000B3F9001011B90C491D800A8002B0BDE8E8
:10FFC000F08108250626EEE7F8D9094D094A023CDA
:10FFD000002908BF1546A4B2CEE700BFE51F0020E8
:10FFE000E41F002044250108362E0020342E002076
:10FFF000090C0108710A010810B5037B826830F80A
:020000040801F1
:1000000013400A44121B826020F81310013303F0DE
:100010000303037310BD7047704700002DE9F843D8
:100020001F46264B054618680E461446FBF700FF90
:10003000012809D1FCF7FAFD2846FDF727FC40B955
:10004000FCF712FEFCF740FE4FF000084046BDE80A
:10005000F8833046FDF71AFC0028F1D04FF48002F7
:10006000174B1A610F2200BF013AFCD1FCF7DEFDED
:1000700045F00100FDF70AFC80460028E0D0104E54
:1000800024B9FCF7F1FDFCF71FFEDFE708254FF070
:100090000009FCF701FE013D15F0FF0540EA4909A2
:1000A000F7D12023012C0CBF204628463361013CA8
:1000B000FDF7D4FBA4B207F8019BE1E76020002024
:1000C000000C0140F8B5184F80F001053B78AB42B9
:1000D00029D025BBA020C0263023144CA37520773F
:1000E0002674FDF705FF207CFDF702FFE07CFDF79D
:1000F000FFFEA07DFDF7FCFE0A20FCF7F5F80022CC
:100100000B4B3D705A717F225E72DA71FDF70EFF64
:100110000A20FCF7E9F8BDE8F840FDF7D1BEA120C0
:10012000C8261023D9E7F8BD0D2E0020D4010020E9
:10013000B027002010B5094B044693F82E208242C8
:100140000AD083F82E0093F82B00FDF7D1FE20464D
:10015000BDE81040FDF7CCBE10BD00BFD4010020AB
:10016000054B5A3893F84020C0B2824203D083F83E
:100170004000FDF7BDBE7047D40100202DE9F041DD
:10018000984603780546012B0F46164601D11F46B7
:1001900001352878A8B1A6B1F0280AD96B7883B1C7
:1001A000A0F1F004C4EB04200F3B184480B20235E8
:1001B00000E0013542463946013EF6B2FFF7D0FE77
:1001C000E7E7BDE8F08100000023064A1380064AF5
:1001D00013800178FF22012914BF19460130FFF76F
:1001E000CDBF00BF362E0020342E002038B5054686
:1001F0001C24002225FA04F000F00F001146023002
:10020000043CFFF7ADFE231DF3D138BD73B5154691
:10021000002204290092CDF8032014D803292BD101
:100220000A22B0FBF2F402FB140202328DF8022023
:10023000A0B20A22B0FBF2F402FB140202328DF8E3
:100240000120A0B21AE00A26B0FBF6F206FB12006B
:1002500092B2B2FBF6F402308DF80500B4FBF6F072
:1002600006FB142206FB1044023202348DF80420EF
:100270008DF8034080B2D3E70229DAD00A22B0FB1E
:10028000F2F402FB140002308DF800002BB16A4634
:100290000023122001398B4207DB0023FF2229466D
:1002A0006846FFF76BFF02B070BD1478022CF4D1E2
:1002B00002F8010B0133EEE700220221FFF750BEE6
:1002C0002DE9F74F5442A0420C9F019338DD80285E
:1002D00036DC0028B8BF454200EB0204ACBF002565
:1002E000EDB2802CC8BF6FF07F064FF00004CABF8C
:1002F000361A1646F6B20029B8BF0731C91005EB09
:10030000070CA0EB070B019BE000C0B2834217D0A3
:10031000284604FB02C704FB12B901EB040E0AE0F5
:10032000094B09EB070853F82E3017F801AB0130E1
:1003300003F808A0C0B28642F2D80134E4B2E2E782
:1003400003B0BDE8F08F00BFDC2E0020F0B58418AC
:10035000812CA8BF012200259DF814C0DFF828E0F9
:100360000024EEB206EBE1065EF826702744013465
:1003700007F800C0E7B2BA42F6D80135EC00E4B2A3
:10038000A342EDD1F0BD00BFDC2E00201F232DE9DC
:10039000F041B0FBF3F41D4B0E201E78FFF78CFFED
:1003A000FF20C4F10A01F32E8CBF01220D22CBB233
:1003B00001F0070100FA01F1C943C4F1FF2404F57B
:1003C0007F04F2343244DFF848C0E4B2D2B2082BE2
:1003D0008CBFFF20C8B23546C743681CC0B29042EC
:1003E00009D1A34205D0083B13F0FF030CF1040C24
:1003F000EDD1BDE8F081DCF8008018F805E007EAEF
:100400000E0E08F805E00546E7E700BF362E00208F
:10041000DC2E002008B540F209220449044800F00F
:1004200058FABDE80840FDF79DBD00BFA725002094
:10043000C127002010B4074B01465C8C00230648FE
:10044000DFF818C0A4B29C4208BF604610BCFF226F
:10045000FFF794BE382E00203509010882090108F3
:10046000BFF34F8F0549064BCA6802F4E06213439D
:10047000CB60BFF34F8F00BFFDE700BF00ED00E092
:100480000400FA054AF6AA22014B1B681A6070475D
:1004900004200020F8B51E46164B074618680D4686
:1004A0001446FBF7C5FC012809D1FCF7BFFB384611
:1004B000FDF7ECF930B9FCF7D7FBFCF705FC00259C
:1004C0002846F8BD2846FDF7E1F905460028F2D098
:1004D000013E24B9FCF7C8FBFCF7F6FBF0E7FFF799
:1004E000D1FF16F8010FFDF7D1F90028E3D0013C48
:1004F000A4B2EEE76020002008B568B100210B46E9
:10050000114A013332F8020BDBB2102B0144F8D14F
:100510000E4889B2FFF770FD0C4B0D499A68002315
:10052000C2F3CE0231F81300904207D2013331F802
:10053000130000EB8000400080B208BD0233302B76
:10054000F0D14FF4E170F8E740200020A431002002
:100550007C37010838B5044689B1114B11481D6834
:10056000E96B2B6C1944C90089B2FFF745FD696C32
:10057000AB6C0D481944C90089B2FFF73DFD094B2A
:100580009868094BC0F38F009B68C3F38F039842B0
:1005900038BF18468000B0FBF4F080B238BD00BF11
:1005A0001020002094310020843100200122084BCB
:1005B0001A7040F21B12074B1A80074B1B68DA6255
:1005C00040F20D125A6340F682229A62704700BFD1
:1005D000362F0020342F00206C2F0020037F082BA3
:1005E00001D1FBF713BB704710B5FDF735FB441F76
:1005F0000020FDF7BBF9A4B284422CBF00200120EB
:1006000010BD0000084B187860B1084B1B78022B16
:1006100007D9074B1B7823B9064B187880F00100E7
:1006200070470020704700BF7E25002080310020E9
:100630002C02002071310020064BB3F87030DBB281
:10064000013B9BB2022B02D8034AD05C08B9034B92
:1006500018787047382E0020783701087E25002052
:10066000024B9868C0F30010704700BF000C0140B7
:1006700008B5084B08481B68D96B1A6C11445A6CB2
:100680009B6C11441944490089B2FFF7B5FC084638
:1006900008BD00BFB0300020242E002070B5334BC1
:1006A000334A19681068884215D8324E1B6834786E
:1006B00003F5FA73022C304D13602DD8FFF7D8FFE5
:1006C0000021FDF7FDF82D4B45F824000CBB02225C
:1006D00001341A613470FFF795FF012818D1284BB7
:1006E0009A68284BC2F38F029B68C3F38F039A4228
:1006F00034BF10214FF40041204A234B2BBF11611E
:1007000019614FF480124FF000432CBF1A6113613E
:1007100070BD4FF40032DBE72B68A86869681A1ACD
:1007200002EBD27201EB62020344C3EB42035B08AB
:10073000B3F5966F154A06D9002313703370002263
:10074000134B1A70C7E7C72B05D80121114B19703D
:1007500000231370F3E7B3F5027F05D3B3F5487FA9
:100760002CBF50233E23F4E72823F2E7642F002018
:100770003002002080310020743100200008014048
:100780008431002094310020000C01407E2500209F
:100790002C02002071310020442230B5184B85B066
:1007A0001A70184A184D5A60184A194CDD609A6040
:1007B0000FCB8DE80F0084E80F00164B0322236156
:1007C000154B6361154BA361154BC4E90735002335
:1007D000A363E3632364636484F83421FF22C4E9E0
:1007E0003A3384F8F030E38584F833208C2284F89F
:1007F00070210C4A84F87231A2F87A3005B030BD0D
:10080000602500201D00010895CB00089504010813
:10081000F82900208198000879AE00087DAD000815
:1008200065AC00080E00002003460244934200D14C
:10083000704703F8011BF9E770B500260C4C0D4B0F
:100840001D1BB6EBA50F09D1002600F051F80A4C8C
:100850000A4B1D1BB6EBA50F05D170BD54F8043B28
:1008600098470136EDE754F8043B98470136F1E725
:10087000DC370108DC370108DC370108E437010800
:1008800010B501390244904201D1002005E00378FF
:1008900011F8014FA34201D0181B10BD0130F2E73F
:1008A000884210B501EB020402D98442234607D8DE
:1008B000431EA14207D011F8012B03F8012FF8E7DE
:1008C0000244824200D110BD13F8011D02F8011D3F
:1008D000F7E70A44914200F1FF3300D1704710B5A9
:1008E00011F8014B914203F8014FF9D110BD0000FE
:1008F000F8B500BFF8BC08BC9E467047F8B500BF0D
:08090000F8BC08BC9E467047DC
:1009080035002B00242A00410025001D004700491E
:10091800444C450002030405060708090A0B0C0DA0
:100928000E0F10100014001E003100280038004B74
:100938003F3F1200130020211221100D1C2A002213
:10094800160C1610002400300029042504052C2557
:10095800080A2C211F043407004755495461736B5A
:10096800004D4F565461736B00504F575461736B71
:10097800005049445461736B00211F00451F00203B
:100988002830202143282C1C1B002021303215122E
:10099800282C1C1B00220E0C181819182A003215B6
:1009A8001810002626240A080704381F00332B22B3
:1009B80004212F0304002C262404040500262224E5
:1009C80005020300221F092404020040202B3700DF
:1009D800332B2204121F3337323400040204080276
:1009E8000B030512030703080505002B2112002439
:1009F8001F1F121212002031361212120028191865
:100A080012121212121212120023191D121F1212A0
:100A1800002F0C18121F121200260C2E121F121271
:100A2800003B1D23191E1012002615291012121240
:100A38000023191D1236101B0023191D123612121D
:100A48000023191D12371212002F311240121212F0
:100A5800002F311226121212002F311220121212F8
:100A6800002F0C1A1A121212003E5149453E00007E
:100A7800427F4000004261514946002141454B31C7
:100A8800001814127F10002745454539003C4A4993
:100A98004930000171090503003649494936000605
:100AA8004949291E002054545478007F484444384A
:100AB80000384444442000384444487F00385454A3
:100AC80054180000047E0501000000000000000822
:100AD800080808080008083E080800384444443854
:100AE80000043E444020007C08040408007C0804FC
:100AF80004780000447D40000000417F4000004829
:100B080054545424003C4040207C007C14141408A5
:100B1800007C04780478003E41414122007F0909A5
:100B28000906007F4141221C00264949493200013B
:100B3800017F0101007E0909097E00006060000054
:100B4800007F020C027F002040443D00001F20402F
:100B5800201F000C3040300C00085454543C000056
:100B6800417F4100007F49494936003844464538AD
:100B7800004424384844007F0808087F00003636BF
:100B88000000003F4038403F007F0408107F007F8E
:100B980040404040007F4949494100000079000039
:100BA800007F09192946003E4141413E007F09095D
:100BB80009010000004F00000000447E4100003F92
:100BC8004040403F002054565578004464544C44FB
:100BD800007F08040478002040413F01003E414165
:100BE800497A002010080402003854565508003C81
:100BF8004030403C00081414147C003E4151215EF2
:100C08000000F8FE060383C363331EFEF800071FC7
:100C18001E3331303030181F070000000C0C0EFF57
:100C2800FF000000000000003030303F3F3030301F
:100C380000001C1E07030383C3E3773E1C00303803
:100C48003C3E37333130303030000C0E07C3C3C35D
:100C5800C3C3E77E3C000C1C383030303030391FBD
:100C68000E00C0E070381C0E07FFFF0000000303F1
:100C780003030303033F3F0303003F7F636363638F
:100C88006363E3C383000C1C383030303030381FC6
:100C98000F00C0F0F8DCCEC7C3C3C38000000F1F2D
:100CA800393030303030391F0F000303030303039A
:100CB800C3F33F0F0300000000303C0F03000000A7
:100CC800000000BCFEE7C3C3C3E7FEBC00000F1F63
:100CD800393030303030391F0F003C7EE7C3C3C392
:100CE800C3C3E7FEFC000000303030381C0E070399
:100CF80000000040606060606060E0C000001C3E72
:100D08003333333333333F3F0000FFFFC06060604D
:100D180060E0C08000003F3F3030303030381F0F77
:100D2800000080C0E06060606060C08000000F1F4D
:100D38003830303030301808000080C0E060606023
:100D4800E0C0FFFF00000F1F3830303030303F3F29
:100D5800000080C0E06060606060C08000000F1F1D
:100D68003B333333333313010000C0C0FCFEC7C329
:100D7800C3030000000000003F3F00000000000027
:100D8800000000000000000000000000000000005B
:100D980000000000000000000000008080808080CB
:100DA80080808000000000010101010101010100B3
:100DB800000000808080F0F080808000000000014A
:100DC80001010F0F01010100000080C0E0606060B8
:100DD80060E0C08000000F1F3830303030381F0FFF
:100DE800000000E0E060606060E0C0800000003F5C
:100DF8003F00000000003F3F000000000060ECECF6
:100E0800000000000000000030303F3F303000009C
:100E180000006060FEFE60606000000000000000EE
:100E28001F3F303030300000000000E0E0C060605C
:100E38006060E0C00000003F3F00000000000000CC
:100E4800000000000003FFFF000000000000000099
:100E580030303F3F303000000000C0E0606060602C
:100E68006040000000001133333333333F1E00006D
:100E78000000E0E06060606060E0C0800000FFFFAC
:100E88000C181818181C0F070000E0C0E0E0C0C0DC
:100E9800E0E0C08000003F3F00003F3F00003F3FD0
:100EA8000000E0E0000000000000E0E000000F1F8C
:100EB8003830303030183F3F000080C0E06060605C
:100EC8006060E0E0000003C7CECCCCCCCCE67F3F2E
:100ED80000000000010107FEFCF000000000000017
:100EE8002020381F0F03000000000000F0FCFE0760
:100EF8000101000000000000030F1F38202000003F
:100F08000000006060606060606060600000000673
:100F18000606060606060606000080C0E0686C663F
:100F280062E0C08000000F1F3830303030381F0FAB
:100F38000000FFFF03030303070EFCF000003F3F20
:100F480030303030381C0F03000000000000FFFF75
:100F5800000000000000000000003F3F000000000B
:100F680000000000E0FC1F1FFCE000000000383F0C
:100F78000706060606073F38000060E0800000000C
:100F88000080E06000000001071E38381E070100DD
:100F98000000073FF8C00000C0F83F07000000004D
:100FA800010F3E3E0F0100000000FFFFC3C3C3C393
:100FB800C3C3030300003F3F30303030303030309F
:100FC8000000F0FC0E07030303070E0C0000030FDC
:100FD8001C38303030381C0C00003C7EE7C3C3C3DB
:100FE800C3C78E0C00000C1C3830303030391F0F4E
:100FF8000000F0FC0E070303070EFCF00000030FCF
:101008001C383030381C0F030000FFFF00000000C0
:101018000000000000003F3F3030303030303030CA
:10102800000000030303FFFF0303030000000000A8
:1010380000003F3F0000000000000000000000002A
:10104800000000000000000000B8F8780000000070
:10105800000080C0E06060606060E0E00000070FB2
:101068001C181818180CFFFF000000000000006092
:10107800ECEC00000000000060E0C0C0FF7F000052
:101088000000FFFF8383838383C7FE7C00003F3F0C
:10109800010103070F1D38300000FFFF838383839E
:1010A80083C7FE7C00003F3F0101010101010000F0
:1010B800000000000303FFFF03030000000000001E
:1010C80030303F3F303000000000FFFFC3C3C3C3D0
:1010D800C3C3030300003F3F0000000000000000FE
:1010E8000000FFFFC3C3C3C3E7FEBC0000003F3FCF
:1010F8003030303030391F0F0000004060686C66B7
:101108006260E0C000001C3E3333333333333F3F6B
:10111800000060E0C0800080C0E06000000030385F
:101128001D0F070F1D3830000000F0FC0E070303E9
:10113800070EFCF00000030F1C3830363E1C3F330E
:101148000000FFFF1E78E0E0781EFFFF00003F3F31
:101158000000010100003F3F0000E0E000080C062D
:101168000200E0E000000F1F3830303030183F3FF9
:10117800000000E0E86C646C68ECC4800000003F8C
:101188003F00000000003F3F000000000068ECE660
:10119800020000000000000030303F3F3030000007
:1011A800000000000080F3F3800000000000000051
:1011B800000F3F3F0F00000000006060606060E0CB
:1011C800E0602000000030383C36333130303000E9
:1011D8000000FFFF000000000000FFFF0000071FE5
:1011E8003830303030381F070000000000000000A1
:1011F800000000000000000000383838000000003F
:10120800000000003C3C00003C3C000000000000E6
:10121800000000000000000000000000007CFFFF4C
:101228007C000000000000000000333300000000D4
:101238000000000000707070000000000000000056
:10124800001C1C1C00000000000080C0E060686CEE
:101258006662C08000000F1F3B3333333333130300
:101268000000FFFFC0606060E0C0800000003F3FFA
:1012780000000000003F3F000000FFFF00008080EA
:101288000000FFFF00003F3F1C060303061C3F3F12
:101298000000000080C0FB7B0000000000000E1F63
:1012A8003B31303030381E0E000000001E3F333313
:1012B8003F1E0000000000000000000000000000C9
:1012C80000000060E080000080E060000000000096
:1012D80081E77E1E07010000000003030303C3E348
:1012E800331F0F030000303C3E3331303030303094
:1012F8000000FFFF0E38F0C00000FFFF00003F3F76
:1013080000000003071C3F3F000000000000000031
:101318000000FFFF00000E1E3830303030381F0745
:1013280000001C1E070383C3E3773E1C0000000077
:101338000000373700000000000000C0E0F0381C53
:101348000E070300000000000103070E1C383000E0
:1013580000000000B8FCC6E23E1C00000000001FB0
:101368003F3121371E1C36220000D20BE60BED0B55
:10137800030C200C370C420C500C5D0C760C900CB6
:10138800E90CF50C180D210D2F0DBD00BD003A0D0F
:10139800480D510DBD0010077D0D1F0D7F0D810DEE
:1013A8005C01830D5C01850D870D850D180B290BDC
:1013B800350B410B4C0B570B620B6A0B700B000083
:1013C80068005500BF0046016601A50138028A027F
:1013D800E1025500550055005500550055005500CF
:1013E80055005500550055005500550055006A0335
:1013F800CA0304044D04550055009004DB0433056A
:101408008205D10510065F06B906ED0622074E07CC
:101418009B07FE0755005F08AB0833098409E109FB
:101428003C0A8F0A5500ED0A5600AE00BD00320195
:101438005E018E0123027002C7025103BD00BD0088
:10144800BD00BD00BD00BD00BD00BD00BD00BD00AC
:10145800BD00BD00BD00BD00B203EE033C047E0428
:10146800BD00BD00C5041B056D05BD05FB054C068B
:10147800A906E10612073C078507E4074A08BD00EC
:101488009B0811096809CA091D0A710AB90AD50A0F
:10149800090B55005500550055005500790B8A0B6E
:1014A8009C0BAC0BC00B291A171F1012101A12181C
:1014B800171C15120F1012111E10161810121C0CE2
:1014C800190C121A171D17180C1912101A122715B1
:1014D8001A180C31101221242A1203022820122172
:1014E8002B12052F0528121C1519121C171A0C2F60
:1014F80012171A171D17180C0F152000381C101872
:101508001610010F1012101810172A3A0C0028157F
:101518001A180C3110121D3D16171D15121C101922
:101528001D1718170F15121C1519120E451A1E1A19
:101538000C1221052B441205121312052F0928122B
:1015480025120613082B4412042F06121312052F16
:1015580009282000263A18191E150129151A160CF3
:1015680027100001002E17101D1C15120F10121045
:101578001B1C10190C120F101216101F150E170C29
:101588000E172316120F10123324121016121C0CE9
:101598001B151B120F10120302021D1B121C0C1923
:1015A8000C120E151D1C0C18170D171A170F0C0FFF
:1015B800120E1516120C1A1F1E16151B120E0C19D8
:1015C8001F0C0F1519101B12392A12210244120C74
:1015D8001C0C1F0C0F1520002021011619101E1DB0
:1015E80015120F1012101B1D10170C003310191DA7
:1015F800171810121D150F151B1233332B1250120A
:101608002933320020210126150F10002E101D1C31
:1016180010190C181E190C120F10121A0C121C1E7D
:1016280016180C120F1012421D150F15120D151554
:101638001B18420024271C1B160C17121A0C011623
:10164800101E1D2512102E16170C002A0C1A101623
:10165800180C0F15120C1E18151D3718170E151219
:101668000C1A121716170E170C1912212B22101606
:1016780018190C19121016121D150F15121B151A10
:101688000F0C1912251232221B151A1512101618D2
:10169800190C191210161219101C151B15122512E7
:1016A800352210161219101C151B15121C101915AD
:1016B800121D0C161817101610121A0C121C1E16D2
:1016C800180C1211193D0C20001F0C1A1018160CBA
:1016D80017010C1A1210180E3E1C110C1700261EAA
:1016E8001D10161815120F10121A0C1218101D1CA6
:1016F80010190C181E190C120C1A121C1E1A1B0C8D
:1017080019120D191027101D10161810121E161276
:101718000D15182316001F0C1E0D19151216101E74
:101728001D25011D1C1A1B25120E1517160C1B0052
:10173800261E1D10161815120F10121A0C1218104A
:101748001D1C10190C181E190C120C1A121C1E1A2A
:101758001B0C19121C19151A15161F0C0F0C1D102D
:10176800161810121E16120D15182316001F0C1E1F
:101778000D19151216101E1D25011D1C1A1B2512E8
:101788001A0C172A0C1B003A17101618190C1B12E2
:101798001B1E101A0F0C2F121D0C161810161F0CDA
:1017A800121C1E1A1B0C0F151B120C1D0D151B12DB
:1017B8000D15181516101B121C0C190C120C1A18E2
:1017C8001019160C19121B1E120D1A15301E1015A1
:1017D800122136221B231A15121D150F15120D156D
:1017E800151B1812251235220D1A15301E10151248
:1017F8001815180C1A20002010171E191619171280
:101808000D15161518101B010D1A15441C1015007E
:101818002E17101D1C15120F101219100C0E0E1772
:101828002316120C1A120C1F0C19190C1912210369
:10183800221D1016151B121B10161B170D1A10123D
:1018480025124141411225120B221D371B121B1074
:10185800161B170D1A102000211016100E0E192D28
:1018680018120F10011E1529191E19101816150027
:101878002E101D1C10190C181E190C120F10121AFC
:101888000C121C1E16180C121016124219101C15D8
:101898001B15420023101E1D10170C161C170C01D7
:1018A80010181217101D151B15002E17101D1C15CA
:1018B800120F101217160C0E181727170F0C0F12ED
:1018C8001C0C190C12101618190C191210161219D2
:1018D800101C151B1512211D17161225121B101F7F
:1018E8002000341816170C170110181217101D15A0
:1018F8001B15002E17101D1C15120F101217160C91
:101908000E181727170F0C0F121C0C190C120C1C91
:101918000C1F0C191B1012211016121D17161E1859
:10192800151B20002319101E1D15120F10010C1D68
:101938000C2A0C0F15004016170F0C0F120F10125F
:1019480018101D1C10190C181E190C12212A222AF5
:101958001016183D1F190C0F151B122512352235AC
:101968000C461910164610171820003B18190F0CB2
:101978000F120F100116101E1D10170C161C170C35
:10198800002C19171016180C0E172316120F101208
:101998001A0C121C0C16180C1A1A0C122124220FDD
:1019A80017101B18191512251234223F1E190F156E
:1019B80012251226220C1E18151D3718170E152071
:1019C800003717191018160C0E192D18010F1012C0
:1019D8001D0C18160C1A1A0C00330C191C0C0F10BD
:1019E8000C191218103818151210161217160C0E9A
:1019F80018172715120E1E0C160F15121A0C121C8A
:101A08001E16180C12101B1810120E0C1A1710168E
:101A1800181000200C171D0C0F100C17010C1A12AF
:101A280010181117190C170028101A150E170F0C7B
:101A38000F120F10120F101B1C1A0C3F0C1D171041
:101A4800161815120F101A121810381815122132FC
:101A58002219371C170F0C1225122D221A101618CE
:101A68000C200028101A150E190F0C0F010F101A50
:101A78001216102E161500341627101918171912D9
:101A88000D15181516101B120F10120C311E1B18ED
:101A980010120F101218101D1C10190C181E190CFA
:101AA800002B18291017161917010D1516151810DF
:101AB8001B1214411300261B171F160C0E17231692
:101AC8001217162710191B0C120F10120D151815C6
:101AD80016151B121C0C190C12101A121D10163B8D
:101AE800120F10120E151611171F1E190C0E1723A0
:101AF80016001F0C1E0D190C170116100E1A0C1BC0
:101B08001224122C0028101A150E170F0C0F120F82
:101B180010120C16171D0C0E171516101B120F108D
:101B280012170E1516151B12101612101A121D1068
:101B3800163B12212D220D0C310C1225123A221DB2
:101B4800100F170C12251232220C1A180C20002420
:101B580018191E250129101A150E190F0C0F003619
:101B68001E0E1A10120F10120C16171D0C0E171538
:101B780016101B120F101A121D10163B121C1917E3
:101B8800160E171C0C1A002418191E25010D1C0E00
:101B98001A100026311E1B180C12101A120D1917D4
:101BA8001A1A15120F10121A0C121C0C16180C1AED
:101BB8001A0C122C2D292400200C18160C1A1A0C99
:101BC800010D17191A1A15003416271019181719A4
:101BD800121A0C121C0C16180C1A1A0C122C2D297D
:101BE80024002B18291017161917011D0C18160C8C
:101BF8001A1A0C00241E190C0E172316120F101295
:101C08001A0C120C16171D0C0E172316120F101A89
:101C1800121A151F15121716170E170C1A12211B58
:101C2800221B101F1E160F151B200033152A151214
:101C38001918190E190C1A010F1C170C0E192D184A
:101C4800003A151B18190C191217161115191D0C25
:101C58000E172316120F10180C1A1A0C0F0C12104C
:101C68001612180C1D0C3C15121C10301E103C15B9
:101C7800121016121A0C121C0C16180C1A1A0C1226
:101C88000F101219101C151B15002B181115121006
:101C98002E16170C121018011E150F151217101DED
:101CA800151B15003A151B18190C191217161115C2
:101CB800191D0C0E172316120F10180C1A1A0C0FD8
:101CC8000C12101612180C1D0C3C15121C10301E8C
:101CD800103C15121016121A0C121C0C16180C1A9D
:101CE8001A0C120F10121B151A0F0C0F1E190C00CC
:101CF8002B18111512102E16170C010C1A121B1581
:101D08001A0F0C1700291A171F1012101A121A3D51
:101D18001D171810120F10121C151810160E170C7C
:101D2800121D3738171D0C120F101A121B151A0F17
:101D38000C0F15191221101612270C1817151B2035
:101D48000020151610180E190C011A3A1E19161033
:101D580000261A121B171F1E17161810121716170F
:101D68000E1715121A0C120E151D1C10161B0C0E30
:101D7800172316120F1012191011101910160E171A
:101D88000C121B101937120E0C1A170D190C0F0C08
:101D980012211615121910301E1019170F15121BC3
:101DA8001712101A1224101A180C122E12101B12C5
:101DB8004F1207492A20001F0C1A190D170C171269
:101DC8001F3F1F01101812101A121D172D2E191E51
:101DD80015121918190E1915003416170E170C19A3
:101DE800120E0C1A170D190C0E1723161228344C44
:101DF80012211C1E1A1B0C0E172316121A0C191F5F
:101E08000C121C0C190C121B0C1A171920001F0C91
:101E18001A190D170C171229151A160C2710010F6D
:101E28001012101816170C0F0C0034161810161B69
:101E3800170F0C0F120F10121A0C121C151810166F
:101E48000E170C120F101A121C1E1A1B15121C0C3E
:101E5800190C121D0C1618101610191210160E1047
:101E6800160F170F1512214722280C1817152000D6
:101E7800201C1A1B151B120D0C1625010E15181BFC
:101E8800160C1816101B002E17101D1C15120F10FB
:101E980012101B1C10190C120F101A121C1E1A1BE0
:101EA80015121C0C190C121D0C16181016101912EC
:101EB80010160E10160F170F1512213812042F07BF
:101EC8001B20002319101E1D1512101816171001BB
:101ED800121D1C1A1B15120F1012101810172A1990
:101EE8000C00241E190C0E172316120F101A121CA0
:101EF8001E1A1B15121C0C190C121D0C1618101684
:101F080010191210160E10160F170F15122138126D
:101F18000407021D1B2000211C170C0E192D181276
:101F28000F1001121D1C1A1B15120F101210181079
:101F3800172A190C0032101B180C0D1A100E101944
:101F48001218150F151B121A151B120C311E1B180F
:101F5800101B121C1519120F1011100E181500283D
:101F6800151A291017120C120C271C1B16101B010E
:101F78000F1012113C0D17190E0C002B0F19151EFE
:101F88000C300112342212121F0C1B16101A1A0CD4
:101F98001815002B101A100E0E1715160C121A0C05
:101FA800121C1E16180C121D1516180C0F0C0023E7
:101FB800191D15120F1001231D1C18160C002615CB
:101FC8000F15121D151701211011100E16150021DD
:101FD80019183C1E190E150132150026150F15018A
:101FE80022102A1C171500241C1615012210181B74
:101FF80010002322030202013315182A00201918A1
:102008001001223E151716002023220104020200A7
:1020180023220A0201003F2C1F011F040302002093
:10202800151610180E190C010C271C1B16101B0076
:1020380022151A0F0C0F1C170C010C271C1B16104D
:102048001B0026150F151B120F100117101D151B4D
:1020580015002B18161017110C3D010F10121C1B20
:102068001C0C1719150024271C1B16101B010C2902
:102078000C183D0C0F151B00351F0C1A190D170CE9
:102088000E191518011A191B160C3900012D171BEA
:102098001815003524271C1B16101B01361019189B
:1020A800190E190C0F151B390035240E101A1017AC
:1020B8002D1E101617151218151201211016100EC4
:1020C800160C0F153900353B222C13202112181538
:1020D8001201211016100E160C0F15390001362D9D
:1020E8002C39402926242C000124292B362D2C3963
:1020F800402926242C00013E362D2C39402926243F
:102108002C43002342171E190E1501381C10170CFA
:10211800120F10120E15181617151A00013E331E4D
:1021280016180C121016120E151918150E17190E6E
:102138001E1718154300013E261618101B120F1003
:102148001219101716170E170C192F120C1B101F27
:102158003B19101B10120F1012301E10121A0C12FD
:102168001C1E16180C124A12101A121D0C161F15D6
:1021780012101B184516120C1218101D1C10190CE1
:10218800181E190C120C1D0D171016181043001FDD
:102198000C1A190D170C180F1501000148391E17D4
:1021A8001019101B1219101B180C0D1A100E1019EB
:1021B800121A151B120C311E1B18101B4E00012A77
:1021C8002A1236264D260028151A160C2710120D2D
:1021D8000C2715010028151A160C271030120100BB
:1021E80034181217101D151B152525250100201C54
:1021F80018160C30120100013E291B121C19150D6E
:102208000C0D1A1012301E10121B1E120F171B1C59
:10221800151B1718172715121B100C12110C1A1B57
:1022280015430034002D003A002B0035003600001D
:102238002D0000000000000075B20008000000003A
:10224800182C04002E000000E5F800086DAF000807
:1022580000000000242D07002F00000015F90008D9
:10226800FD93000800000000382E05003000000033
:1022780000000000ADB2000800000000122F0500A9
:10228800310000000000000085AA0008C59600087B
:1022980013300700320000000000000099AA00086F
:1022A800C5960008143107003300000021FA000821
:1022B800FD9300080000000038320700000000000D
:1022C8000000000000000000000000003835000099
:1022D8001F0000009196000831A9000800000000C6
:1022E8000F1E07002000000049B4000861A900087B
:1022F80000000000061F0700210000000000000089
:10230800F1AE0008000000000C20070022000000C9
:102318000000000095A90008000000001021070037
:10232800230000000000000005AF000800000000C6
:1023380019220700240000000000000019AF00085F
:1023480000000000372307002500000000000000FF
:1023580031B2000800000000092407002600000030
:102368000000000031AF0008B196000808250700FA
:10237800270000000000000099B4000800000000D9
:102388002226070028000000000000006DB40008A5
:1023980000000000212707002900000000000000BD
:1023A80005B3000800000000232806002A000000EA
:1023B8000000000045AF0008000000000D290700DC
:1023C8002B0000000000000059AF000800000000CA
:1023D8000E2A0700000000000000000000000000B6
:1023E800000000003835000019000000000000005F
:1023F80075B1000800000000071807001A00000067
:102408001D96000871AA0008099600080119050020
:102418001B0000000000000095B1000809960008A4
:10242800021A05001C00000000000000F9B10008B5
:10243800099600080B1B05000000000000000000C2
:102448000000000000000000383500000600000011
:10245800C9950008DDB00008000000001605050059
:102468000700000000000000FDB0000800000000A8
:102478000A060700080000000000000049AA00083A
:10248800000000001B070600090000000000000013
:102498005DAA0008000000001A0806000A000000F3
:1024A8000000000041B10008000000001109070009
:1024B8003500000000000000EDA800083D95000868
:1024C8003634050000000000000000000000000095
:1024D8000000000038350000010000000000000086
:1024E800C1A9000800000000030006000200000067
:1024F8000000000001AA0008B595000804010500C5
:102508000400000000000000C1B000080000000046
:10251800200306000500000000000000A9A800082C
:102528000000000026040400000000000000000075
:1025380000000000000000003835000000182424C6
:1025480018C040404040000000000000003F020268
:1025580002000000001824241880402020200000D9
:1025680000000000000708101010000000002030D4
:1025780038FCFEFC3830200000000000007F7F7F20
:102588000000000000F0080E020202020E08F0002F
:10259800003F40404040404040403F0000F0080EAF
:1025A800020202020E08F000003F40505050505006
:1025B80050403F0000F0080E020202020E08F00030
:1025C800003F40585858585858403F0000F0080EEF
:1025D800020202020E08F000003F405C5C5C5C5C9A
:1025E8005C403F0000F0080E020202020E08F000F4
:1025F800003F405E5E5E5E5E5E403F0000F0080E9B
:10260800020202020E08F000003F405F5F5F5F5F5A
:102618005F403F0000F0088E828282828E08F000C0
:10262800003F405F5F5F5F5F5F403F0000F008CEA4
:10263800C2C2C2C2CE08F000003F405F5F5F5F5F6A
:102648005F403F0000F008EEE2E2E2E2EE08F00050
:10265800003F405F5F5F5F5F5F403F0000F008EE54
:10266800E2F2F2E2EE08F000003F405F5F5F5F5F7A
:102678005F403F0000F008EEE2FAFAE2EE08F000F0
:10268800003F405F5F5F5F5F5F403F00000038C40E
:102698000038C40038C4000000383A39383A3938AC
:1026A8003A3910100060E0FEE0E0E0E0FEE0600093
:1026B8000000000103FFFF0301000000FC0202020A
:1026C80002020282621A02FC3F4042464C584641CE
:1026D8004040403FFC02020202020202020202FCE7
:1026E8003F404040404040404040403FFF14FEA132
:1026F80000000000000000000A0100000A000000BD
:102708000A02000014000000020300001E0000007E
:10271800F203000028000000DC0400003200000082
:10272800C10500003C000000A106000046000000B2
:102738007D07000050000000570800005A00000004
:102748002F09000064000000060A00006E00000067
:10275800DC0A000078000000B20B000082000000D4
:10276800890C00008C000000620D0000960000003B
:102778003C0E0000A0000000190F0000AA00000095
:10278800F80F0000B4000000DA100000BE000000DE
:10279800C0110000C8000000A9120000D20000000B
:1027A80096130000DC00000087140000E60000001B
:1027B8007C150000F000000076160000FA0000000A
:1027C8007317000004010000751800000E010000D6
:1027D8007B19000018010000851A00002201000082
:1027E800931B00002C010000A41C0000360100000F
:1027F800B91D000040010000D11E00004A01000080
:10280800EB1F000054010000082100005E010000D9
:102818002622000068010000462300007201000023
:10282800672400007C010000872500008601000065
:10283800A826000090010000C72700009A010000A8
:10284800E4280000A4010000FE290000AE010000F9
:10285800152B0000B8010000282C0000C201000060
:10286800352D0000CC0100003B2E0000D6010000F1
:102878003B2F0000E001000031300000EA010000B9
:102888001F310000F4010000000000FC00000000FF
:102898000000000010DC37130100000000000000F9
:1028A800FF00000000000000000100000000000020
:1028B80000000080C0DFC0800000000000000000B1
:1028C80000000000000000000307350403000000BA
:1028D800000000000000000000000000000000FCF4
:1028E80000000000000080E0FC7F1F0F07010000CF
:1028F800000000007F0000000000020383733F0F08
:10290800070100000000000E1FD7130E0000000092
:1029180002010000000000000000000000003F006D
:10292800000000000000000000000000000000009F
:1029380000C0E0EC60C000000080F0FCFFFF7F3FBB
:102948001F07030100000103FA020100080E0F8FA0
:10295800EFFF7F3F1F0703010000000000FF00009A
:102968000000080E0FCFFD3C1C0400000000000012
:1029780000003F00000000100C03010000000000F0
:10298800000000000000000000000000000000003F
:102998008060F8FCFC7C18000000000000000000CB
:1029A800008060E8E2F87E1F0701000000000000D8
:1029B80000000000806615070F07010000000000F6
:1029C80000000000000020180601000000000000C0
:1029D80000000000000000000000000000000000EF
:1029E800000000008060F8FCFC7C1800000000007B
:1029F80000000000008060E8E2F87E1F0701000088
:102A08000000000000000000806615070F070100A5
:102A18000000000000000000030C20180601000060
:102A2800000000000000000000000000000000009E
:102A380000000000000000008060F8FCFC7C18002A
:102A48000000000000000000008060E8E2F87E1F3F
:102A58000701000000000080C8F00000806615072C
:102A68000F0701000000000000000000030D2018FF
:102A78000601000000000000000000000000000047
:102A8800000000000000000000000000000000003E
:102A9800000000000000000000000000000000002E
:102AA80000000000000000000000000000000060BE
:102AB8006060E0E0C00000000000000000000000CE
:102AC800000000000C1E1F1B191800000000000069
:102AD80000000000000000000000000000000000EE
:102AE80000000000000000000000000000000000DE
:102AF8000000000000081C1C9CDCFCFC38000000E6
:102B0800000000606060E0E0C000183E3F3F3B39D5
:102B180038100000000000000C1E1F1B19180000D0
:102B2800000000000000000000183C3C3C3CBCFCDD
:102B3800FCFC780000000000000000000000E0F845
:102B4800FCFEDFCFC7C3C18000081C1C9CDCFCFC5A
:102B580038000001030303636363E3E3C100183E25
:102B68003F3F3B3938100000000000000C1E1F1BBF
:102B78001918000000000000000000000018740888
:102B8800447C107C10784408483C680874107C0821
:102B9800000060C06080E040E020E00000F80484AD
:102BA80004040404F8000000000000000000000015
:102BB8000000C3242424242424C30000040304079D
:102BC800050007020400001F2020202020201F00ED
:102BD80000187408447C107C10784408483C680845
:102BE80074107C08000060C06080E040E020E000D5
:102BF80000F8048404040404F80000000000000045
:102C0800000000000000C3242425242424C300005D
:102C180004030407050007020400001F20202020E9
:102C280020201F0000187408447C107C1078440889
:102C3800483C680874107C08000060C06080E04070
:102C4800E020E00000F8048404C43404F800000024
:102C580000000000000000000000C32424252424F4
:102C680024C3000004030407050007020400001F32
:102C78002020202020201F000000FC000000E0F0A1
:102C88007430E000001000F0000000F0000000FFC9
:102C98000000000001FD010000000000000003002A
:102CA80003000080BF8000000000FF000000F00863
:102CB80004044444444850070F2B09070000003F10
:102CC800000000010204040404040201E0F074306E
:102CD800E0000000FC00000000F0001000C0003020
:102CE800000001FD01000000007F0000000000005E
:102CF8000300030002000000FF0000000E1FD713AE
:102D08000E00F0080404C4040408F000003F0000AA
:102D18000000003F00000001020400070004020157
:102D28000000FC0000000000FC00000000C00010D3
:102D380000F000C0000000FF0000000000FF0000DD
:102D48000000000000000300000070F8BB9870004D
:102D58000080BF800000F008040444241008E0004C
:102D6800003E000000070F2B0907000102040404BD
:102D780004040201000000000080C0E0F070783810
:102D8800381C1C1C1C1C1C383878F0F0E0F0FC00C7
:102D9800000000000000E0FCFF1F07010000000029
:102DA800000000000000000202030303030303E025
:102DB800E0E000000000071F9F988000000000006E
:102DC80080808000000000000000000080E0F8FF24
:102DD8003F07000000000E11202020110A040A11EC
:102DE800202020110E00001C1C1E0E0F07030100DE
:102DF80000000000000000000080C0E0F07078389B
:102E0800381C1C1C1C1C1C383878F0F0E0F0FC0046
:102E1800000000000000E0FCFF1F070100000000A8
:102E2800000000000000000202030303030303E0A4
:102E3800E0E000000000070707203038FCFC000035
:102E480000000000000000000000000080E0F8FF23
:102E58003F07000000000000000000003F3F0000A6
:102E6800003838383838381C1C1E0E0F070301008C
:102E780000000000000000000080C0E0F07078381A
:102E8800381C1C1C1C1C1C38387870F0E0C08000F2
:102E9800000000000000E0FCFF1F07010000000028
:102EA800000080C0E0F0F87C3E1E0C0001071FFF08
:102EB800FCE000000000073FFFF8E0800030787C6D
:102EC8003E1F0F07030100000000000080E0F8FF2C
:102ED8003F07000000000000000103070F0E1E1C42
:102EE8001C3838383838381C1C1E0E0F07030100F0
:102EF80000000000000000000000000001020304C0
:102F08000607080961090108C9FB0008FFFF00005E
:102F18000000000000020000B80200205402002057
:102F28006909010825C3000800000000000000002E
:102F3800000200001C0B0020B80A002071090108DB
:102F480075C7000801000000000000000001000033
:102F5800801300201C1300207909010879DC00087F
:102F6800030000000000000000020000E417002039
:102F7800801700202B00002B40021578001140001C
:102F880012C800134700149C002D11002E01002BBD
:102F980012000E10000F03002A1900A01700A10844
:102FA80000A26000A30800A40200A56200B47E008D
:102FB800B62800B74000B07E00B22800B340000F2A
:102FC8000300100D00110000130000200A002180EA
:102FD800001640002C2700A03700A10000A26000C6
:102FE800A30800A40200A56200B47E00B62800B7BA
:102FF8004000B07E00B22800B340002067002100E6
:1030080000220000234800240400250000347E002C
:10301800362800374000307E003228003340001048
:1030280008011109010F01002C40001640000000A2
:103038000000000000000000000000000000006028
:10304800E0C0800000000000000000000000000058
:103058000080C0E0600000000000000000000000E8
:103068000000000000000000000000000000808058
:103078008040C040E000E060E061E367CE1C38704B
:10308800E0C0802070389CCE0743C140C040C0409B
:10309800C040A070F0000000000000000000000028
:1030A800000000000000000000010001020003020F
:1030B8000082C0E270381C0E040103070E1C387130
:1030C800E0C18001000100010001020407000000C6
:1030D80000000000000000000000000000000000E8
:1030E80000000000000000060703010000000000C7
:1030F80000000000000000000001030706000000B7
:1031080000000000000000000000000000000000B7
:10311800000000008040201008040402020201019F
:10312800710101010101010101F101010101010127
:103138000101F1010102020204040810204080008C
:1031480000000000000000000000F00E0100000078
:103158000000000000000E1FD7130E000000000042
:1031680000FF00000000000080C0DFC080000000F9
:10317800000000000000010EF00000000000000048
:1031880000000F7080000000000000000000000038
:10319800FF000000000000387C5D4C380000000093
:1031A8000307F50403000000000000000000807021
:1031B8000F000000000000000000000001020408E9
:1031C80010202040404080808F80808080808080D8
:1031D800808F80808080808080808F808040404089
:1031E8002020100804020100000000000000000078
:1031F80000000000804020100804040202020101BF
:1032080001010101010101010101010101010101A6
:10321800010101010102020204040810204080009B
:1032280000000000000000000000F00E0100000097
:103238000010E000008870000088700000000000A6
:103248000000000000000000000000000000000076
:10325800000000000000010EF00000000000000067
:1032680000000F70800000405E41A060A77000F071
:1032780037703070307030703050305030503050BF
:10328800E000A060A060A060A060A050B838807086
:103298000F00000000000000000000000102040808
:1032A8001020204040418081818081808180818000
:1032B80081808180818081808080808080404040C2
:1032C800202018090402010000000000000000008E
:1032D8000000000000000000000000000000006086
:1032E800E0C08000000000000000000000000000B6
:1032F8000080C0E060000000000000000000000046
:1033080000000000000000000000000000008080B5
:103318008040C040E000E060E061E367CE1C3870A8
:10332800E0C0802070389CCE0743C140C040C040F8
:10333800C040A070F0000000000000000000000085
:10334800000000000000000000010001020003026C
:103358000082C0E270381C0E040103070E1C38718D
:10336800E0C1800100010001000102040700000023
:103378000000000000000000000000000000000045
:103388000000000000000006070301000000000024
:103398000000000000000000000103070600000014
:1033A8000000000000000000000000000000000015
:1033B80000000000804020100804040202020101FD
:1033C800710101010101010101F101010101010185
:1033D8000101F101010202020404081020408000EA
:1033E80000000000000000000000F00E01000000D6
:1033F8000000000000000E1FD7130E0000000000A0
:1034080000FF00000000000080C0DFC08000000056
:10341800000000000000010EF000000000000000A5
:1034280000000F7080000000000000000000000095
:10343800FF000000000000387C5D4C3800000000F0
:103448000307F5040300000000000000000080707E
:103458000F00000000000000000000000102040846
:1034680010202040404080808F8080808080808035
:10347800808F80808080808080808F8080404040E6
:1034880020201008040201000000000000000000D5
:10349800000000008040201008040402020201011C
:1034A8000101010101010101010101010101010104
:1034B80001010101010202020404081020408000F9
:1034C80000000000000000000000F00E01000000F5
:1034D8000010E00000887000008870000000000004
:1034E80000000000000000000000000000000000D4
:1034F800000000000000010EF000000000000000C5
:1035080000000F70800000405E41A060A77000F0CE
:10351800377030703070307030503050305030501C
:10352800E000A060A060A060A060A050B8388070E3
:103538000F00000000000000000000000102040865
:10354800102020404041808181808180818081805D
:10355800818081808180818080808080804040401F
:1035680020201809040201000000000000000000EB
:1035780000000000000000000000000000000060E3
:10358800E0C0800000000000000000000000000013
:103598000080C0E0600000000000000000000000A3
:1035A8000000000000000000000000000000808013
:1035B8008040C040E000E060E061E367CE1C387006
:1035C800E0C0802070389CCE0743C140C040C04056
:1035D800C040A070F00000000000000000000000E3
:1035E80000000000000000000001000102000302CA
:1035F8000082C0E270381C0E040103070E1C3871EB
:10360800E0C1800100010001000102040700000080
:1036180000000000000000000000000000000000A2
:103628000000000000000006070301000000000081
:103638000000000000000000000103070600000071
:103648000000000000000000000000000000000072
:1036580081090108840901088709010892090108FC
:103668009D090108A6090108AB090108B509010867
:10367800BE090108C5090108CC090108D3090108D8
:10368800D8090108E3090108F3090108F709010845
:10369800FE090108050A0108110A0108190A0108AA
:1036A800210A0108290A0108310A0108390A010812
:1036B800410A0108490A0108510A0108590A010882
:1036C800610A0108690A0108E02401085424010874
:1036D800F0230108D8220108382201080000000060
:1036E8000000000029B40008000000003835000080
:1036F80000000000000000002FB4000800000000D7
:1037080038350000000000000000000035B4000853
:103718000000000038350000000000000000000034
:103728003BB400080000000038350000000000002D
:103738000000000041B40008000000003835000017
:10374800000000001700010819000108F99300089B
:1037580038350000000000000000000000000000F4
:1037680000000000383500000000000001020304DA
:10377800503E280005720000A0700200226F04006D
:103788008A6D0600D76B08000A6A0A0024680C00D4
:1037980023660E000A641000D9611200915F1400BC
:1037A800335D1600C25A18003F581A00AD551C0068
:1037B8000D531E0063502000B04D2200F84A24002B
:1037C8003D48260081452800C8422A0014402C00A4
:0437D800BD3E2D00C5
:0837DC0079810008990701083A
:0437E4005181000807
:1037E80012121213800000008D00000001000A0070
:1037F8005203050040010A0052030500960000002C
:103808000F0001000500000004000100000018007E
:103818002600010021005A008C0002005A00000016
:10382800020001000200000009000100070000007A
:103838000100010001000000030001000200000077
:1038480003000100000000003C0001000A00000025
:10385800010001000000000001000100000000005C
:10386800010001000000000000000100000000004D
:10387800010001000000000002000100000000003B
:1038880063000100050001000900010004000100B7
:10389800090001000100680184030100BC02000066
:1038A80052030A00A4016400C40901008403000053
:1038B8006400050000000000010001000000050090
:1038C8005A0005000A000100320001000100000052
:1038D80009000100070000000900010000000000C5
:1038E8000900010000000000FFFF0000D7A1000050
:1038F8003200010014000000010001000000010076
:103908006500190019000000060001000100000010
:10391800010001000000000001000100000000009B
:1039280002000100000001000500010004000A0077
:10393800520305005A0001000A00010001000A00B4
:103948005203050082000A00B40005005A000A006C
:10395800520305008C000A00B40005001E000A008E
:1039680052030500A5000A00B40005001E000A0065
:10397800520305008C000A00B40005001E000A006E
:10398800520305005A000A00B40005001E00010099
:103998000A000100020000000C0001000000000005
:1039A8000300010000000000010001000000000009
:1039B800FFFF000080AE0080D50080520080A80084
:1039C800801F0080C00080D30080300080400080CD
:1039D800A000808D0080140080DA008012008081B1
:1039E8000080000080D90080F10080DB008030007A
:1039F80080A40080A60080200080000080AF000026
:103A08000D0000000090D003AAAAAAAA0100000095
:043A18006400000046
:0400000508008199D5
:00000001FF
